"Phone Number","Lead ID","Name","Username","Agent","Status","Priority","Created At"
"undefined","6a3cc11fd6cff81164660a8d","Unknown","unsolved_myth","Unassigned","New","normal","2026-06-25T05:48:15.580Z"
"undefined","6a3cc11fd6cff81164660a8e","Unknown","rahamathnaveed","Unassigned","New","normal","2026-06-25T05:48:15.787Z"
"undefined","6a3cc11fd6cff81164660a8f","Unknown","moink_19","Unassigned","New","normal","2026-06-25T05:48:15.938Z"
"undefined","6a3cc120d6cff81164660a90","Unknown","noorahmed2505","Unassigned","New","normal","2026-06-25T05:48:16.145Z"
"undefined","6a3cc120d6cff81164660a91","Unknown","safeerhere","Unassigned","New","normal","2026-06-25T05:48:16.298Z"
"undefined","6a3cc120d6cff81164660a92","Unknown","dost_uncle","Unassigned","New","normal","2026-06-25T05:48:16.429Z"
"undefined","6a3cc120d6cff81164660a93","Unknown","sameer124918","Unassigned","New","normal","2026-06-25T05:48:16.561Z"
"undefined","6a3cc120d6cff81164660a94","Unknown","waniinternationalwalnuts","Unassigned","New","normal","2026-06-25T05:48:16.692Z"
"undefined","6a3cc120d6cff81164660a95","Unknown","lucknowizaika.in","Unassigned","New","normal","2026-06-25T05:48:16.832Z"
"undefined","6a3cc121d6cff81164660a97","Unknown","pprecious15","Unassigned","New","normal","2026-06-25T05:48:17.116Z"
"undefined","6a3cc121d6cff81164660a98","Unknown","salmamehreen2023","Unassigned","New","normal","2026-06-25T05:48:17.296Z"
"undefined","6a3cc121d6cff81164660a99","Unknown","mumtazmistry","Unassigned","New","normal","2026-06-25T05:48:17.427Z"
"undefined","6a3cc121d6cff81164660a9a","Unknown","the.halal.living","Unassigned","New","normal","2026-06-25T05:48:17.558Z"
"undefined","6a3cc121d6cff81164660a9b","Unknown","_ayaann__ahmed_","Unassigned","New","normal","2026-06-25T05:48:17.690Z"
"undefined","6a3cc122d6cff81164660a9d","Unknown","themindpooler","Unassigned","New","normal","2026-06-25T05:48:18.015Z"
"undefined","6a3cc122d6cff81164660a9e","Unknown","musabbir_lawyer","Unassigned","New","normal","2026-06-25T05:48:18.204Z"
"undefined","6a3cc122d6cff81164660a9f","Unknown","arslaan.pathan72","Unassigned","New","normal","2026-06-25T05:48:18.387Z"
"undefined","6a3cc122d6cff81164660aa0","Unknown","zeesh_anahmed1994","Unassigned","New","normal","2026-06-25T05:48:18.532Z"
"undefined","6a3cc122d6cff81164660aa1","Unknown","sumaiyashaik_","Unassigned","New","normal","2026-06-25T05:48:18.664Z"
"undefined","6a3cc122d6cff81164660aa2","Unknown","ruleraslam","Unassigned","New","normal","2026-06-25T05:48:18.845Z"
"undefined","6a3cc122d6cff81164660aa3","Unknown","khosh_khabar_memes","Unassigned","New","normal","2026-06-25T05:48:18.975Z"
"undefined","6a3cc123d6cff81164660aa4","Unknown","kamran.jawed.54","Unassigned","New","normal","2026-06-25T05:48:19.113Z"
"undefined","6a3cc123d6cff81164660aa5","Unknown","ayaan_ali__pvt","Unassigned","New","normal","2026-06-25T05:48:19.244Z"
"undefined","6a3cc123d6cff81164660aa6","Unknown","nailamateen","Unassigned","New","normal","2026-06-25T05:48:19.377Z"
"undefined","6a3cc123d6cff81164660aa7","Unknown","faraz8545","Unassigned","New","normal","2026-06-25T05:48:19.513Z"
"undefined","6a3cc123d6cff81164660aa9","Unknown","qu.khalid","Unassigned","New","normal","2026-06-25T05:48:19.828Z"
"undefined","6a3cc124d6cff81164660aaa","Unknown","usmanarmar","Unassigned","New","normal","2026-06-25T05:48:20.052Z"
"undefined","6a3cc124d6cff81164660aab","Unknown","r.dadapeer","Unassigned","New","normal","2026-06-25T05:48:20.226Z"
"undefined","6a3cc124d6cff81164660aac","Unknown","shaqlowkey","Unassigned","New","normal","2026-06-25T05:48:20.414Z"
"undefined","6a3cc124d6cff81164660aad","Unknown","rz85325","Unassigned","New","normal","2026-06-25T05:48:20.556Z"
"undefined","6a3cc124d6cff81164660aae","Unknown","mamoonengineer","Unassigned","New","normal","2026-06-25T05:48:20.702Z"
"undefined","6a3cc124d6cff81164660aaf","Unknown","aamir_8711_","Unassigned","New","normal","2026-06-25T05:48:20.834Z"
"undefined","6a3cc124d6cff81164660ab0","Unknown","junaidsiddiqui___","Unassigned","New","normal","2026-06-25T05:48:20.964Z"
"undefined","6a3cc125d6cff81164660ab1","Unknown","cs_naushad","Unassigned","New","normal","2026-06-25T05:48:21.155Z"
"undefined","6a3cc125d6cff81164660ab2","Unknown","iamsakib47","Unassigned","New","normal","2026-06-25T05:48:21.301Z"
"undefined","6a3cc125d6cff81164660ab3","Unknown","faisalalikhanadvocate","Unassigned","New","normal","2026-06-25T05:48:21.439Z"
"undefined","6a3cc125d6cff81164660ab5","Unknown","mr.khan2412","Unassigned","New","normal","2026-06-25T05:48:21.791Z"
"undefined","6a3cc125d6cff81164660ab6","Unknown","taufiqwayzi93","Unassigned","New","normal","2026-06-25T05:48:21.975Z"
"undefined","6a3cc126d6cff81164660ab7","Unknown","ayesha_mansoor125","Unassigned","New","normal","2026-06-25T05:48:22.165Z"
"undefined","6a3cc126d6cff81164660ab8","Unknown","shaquibmdanjum","Unassigned","New","normal","2026-06-25T05:48:22.297Z"
"undefined","6a3cc126d6cff81164660ab9","Unknown","farhannn.ali02","Unassigned","New","normal","2026-06-25T05:48:22.430Z"
"undefined","6a3cc126d6cff81164660aba","Unknown","_.void_17","Unassigned","New","normal","2026-06-25T05:48:22.562Z"
"undefined","6a3cc126d6cff81164660abc","Unknown","anxwar._","Unassigned","New","normal","2026-06-25T05:48:22.850Z"
"undefined","6a3cc127d6cff81164660abd","Unknown","ferhatparween","Unassigned","New","normal","2026-06-25T05:48:23.034Z"
"undefined","6a3cc127d6cff81164660abe","Unknown","digital_sohailsolkar","Unassigned","New","normal","2026-06-25T05:48:23.185Z"
"undefined","6a3cc127d6cff81164660abf","Unknown","moh_sina123","Unassigned","New","normal","2026-06-25T05:48:23.374Z"
"undefined","6a3cc127d6cff81164660ac1","Unknown","itsthousif","Unassigned","New","normal","2026-06-25T05:48:23.651Z"
"undefined","6a3cc127d6cff81164660ac3","Unknown","m_danish_artist","Unassigned","New","normal","2026-06-25T05:48:23.965Z"
"undefined","6a3cc128d6cff81164660ac4","Unknown","reach_ismail","Unassigned","New","normal","2026-06-25T05:48:24.099Z"
"undefined","6a3cc128d6cff81164660ac5","Unknown","officialshoaibakhterkhan786","Unassigned","New","normal","2026-06-25T05:48:24.239Z"
"undefined","6a3cc128d6cff81164660ac6","Unknown","waseemakram9843","Unassigned","New","normal","2026-06-25T05:48:24.375Z"
"undefined","6a3cc128d6cff81164660ac7","Unknown","satellitea215","Unassigned","New","normal","2026-06-25T05:48:24.516Z"
"undefined","6a3cc128d6cff81164660ac8","Unknown","bilhash_mubeen","Unassigned","New","normal","2026-06-25T05:48:24.650Z"
"undefined","6a3cc128d6cff81164660ac9","Unknown","den_s_23","Unassigned","New","normal","2026-06-25T05:48:24.800Z"
"undefined","6a3cc128d6cff81164660aca","Unknown","daffodilfashions","Unassigned","New","normal","2026-06-25T05:48:24.937Z"
"undefined","6a3cc129d6cff81164660acb","Unknown","nasrullahsafiullah","Unassigned","New","normal","2026-06-25T05:48:25.070Z"
"undefined","6a3cc129d6cff81164660acc","Unknown","nusrath24","Unassigned","New","normal","2026-06-25T05:48:25.245Z"
"undefined","6a3cc129d6cff81164660acd","Unknown","anonymous___077","Unassigned","New","normal","2026-06-25T05:48:25.376Z"
"undefined","6a3cc129d6cff81164660acf","Unknown","irfansco","Unassigned","New","normal","2026-06-25T05:48:25.728Z"
"undefined","6a3cc129d6cff81164660ad0","Unknown","mohd.sha.ban","Unassigned","New","normal","2026-06-25T05:48:25.863Z"
"undefined","6a3cc12ad6cff81164660ad1","Unknown","mihaar_hashimi","Unassigned","New","normal","2026-06-25T05:48:26.056Z"
"undefined","6a3cc12ad6cff81164660ad2","Unknown","csbnazeer","Unassigned","New","normal","2026-06-25T05:48:26.188Z"
"undefined","6a3cc12ad6cff81164660ad3","Unknown","naadan_parinda","Unassigned","New","normal","2026-06-25T05:48:26.366Z"
"undefined","6a3cc12ad6cff81164660ad4","Unknown","mohammadumarfarooqquraishi","Unassigned","New","normal","2026-06-25T05:48:26.504Z"
"undefined","6a3cc12ad6cff81164660ad5","Unknown","_zaynx_04","Unassigned","New","normal","2026-06-25T05:48:26.635Z"
"undefined","6a3cc12ad6cff81164660ad6","Unknown","dr.madeha_hina_inamdar","Unassigned","New","normal","2026-06-25T05:48:26.768Z"
"undefined","6a3cc12ad6cff81164660ad7","Unknown","sarfarazkhan17","Unassigned","New","normal","2026-06-25T05:48:26.897Z"
"undefined","6a3cc12bd6cff81164660ad8","Unknown","ali3370143","Unassigned","New","normal","2026-06-25T05:48:27.028Z"
"undefined","6a3cc12bd6cff81164660ad9","Unknown","sindhanaiselvan82","Unassigned","New","normal","2026-06-25T05:48:27.158Z"
"undefined","6a3cc12bd6cff81164660ada","Unknown","faheemtechsapient","Unassigned","New","normal","2026-06-25T05:48:27.337Z"
"undefined","6a3cc12bd6cff81164660adb","Unknown","its_syedzk","Unassigned","New","normal","2026-06-25T05:48:27.468Z"
"undefined","6a3cc12bd6cff81164660adc","Unknown","mumtazrahebar","Unassigned","New","normal","2026-06-25T05:48:27.657Z"
"undefined","6a3cc12bd6cff81164660add","Unknown","her.ritual.official","Unassigned","New","normal","2026-06-25T05:48:27.845Z"
"undefined","6a3cc12cd6cff81164660adf","Unknown","cahaya.az","Unassigned","New","normal","2026-06-25T05:48:28.159Z"
"undefined","6a3cc12cd6cff81164660ae0","Unknown","anammemon19","Unassigned","New","normal","2026-06-25T05:48:28.289Z"
"undefined","6a3cc12cd6cff81164660ae1","Unknown","kaenathsoven","Unassigned","New","normal","2026-06-25T05:48:28.419Z"
"undefined","6a3cc12cd6cff81164660ae2","Unknown","sharooqhshariff","Unassigned","New","normal","2026-06-25T05:48:28.636Z"
"undefined","6a3cc12cd6cff81164660ae3","Unknown","healwithdr_rahil","Unassigned","New","normal","2026-06-25T05:48:28.766Z"
"undefined","6a3cc12cd6cff81164660ae4","Unknown","sayedaltaf2020","Unassigned","New","normal","2026-06-25T05:48:28.898Z"
"undefined","6a3cc12dd6cff81164660ae5","Unknown","arshadhussain206001","Unassigned","New","normal","2026-06-25T05:48:29.034Z"
"undefined","6a3cc12dd6cff81164660ae6","Unknown","daud6540","Unassigned","New","normal","2026-06-25T05:48:29.315Z"
"undefined","6a3cc12dd6cff81164660ae7","Unknown","hodaz27","Unassigned","New","normal","2026-06-25T05:48:29.452Z"
"undefined","6a3cc12dd6cff81164660ae8","Unknown","khanrehan909","Unassigned","New","normal","2026-06-25T05:48:29.582Z"
"undefined","6a3cc12dd6cff81164660ae9","Unknown","sabeel.khan.714","Unassigned","New","normal","2026-06-25T05:48:29.755Z"
"undefined","6a3cc12dd6cff81164660aea","Unknown","abdul_raheem1502","Unassigned","New","normal","2026-06-25T05:48:29.887Z"
"undefined","6a3cc12ed6cff81164660aeb","Unknown","ahmedfaraz1363","Unassigned","New","normal","2026-06-25T05:48:30.018Z"
"undefined","6a3cc12ed6cff81164660aec","Unknown","muhammadimran040","Unassigned","New","normal","2026-06-25T05:48:30.196Z"
"undefined","6a3cc12ed6cff81164660aed","Unknown","sarfirah_musafir","Unassigned","New","normal","2026-06-25T05:48:30.327Z"
"undefined","6a3cc12ed6cff81164660aee","Unknown","fatimapatangiyawla","Unassigned","New","normal","2026-06-25T05:48:30.516Z"
"undefined","6a3cc12ed6cff81164660aef","Unknown","_more.of.irshad_","Unassigned","New","normal","2026-06-25T05:48:30.646Z"
"undefined","6a3cc12ed6cff81164660af0","Unknown","munazir_15","Unassigned","New","normal","2026-06-25T05:48:30.777Z"
"undefined","6a3cc12ed6cff81164660af1","Unknown","amu_rehan","Unassigned","New","normal","2026-06-25T05:48:30.954Z"
"undefined","6a3cc12fd6cff81164660af2","Unknown","sfayaz05","Unassigned","New","normal","2026-06-25T05:48:31.147Z"
"undefined","6a3cc12fd6cff81164660af3","Unknown","azad_rahman_laskar","Unassigned","New","normal","2026-06-25T05:48:31.276Z"
"undefined","6a3cc12fd6cff81164660af4","Unknown","ashwaq_iqbal","Unassigned","New","normal","2026-06-25T05:48:31.407Z"
"undefined","6a3cc12fd6cff81164660af5","Unknown","sh_ama8927","Unassigned","New","normal","2026-06-25T05:48:31.563Z"
"undefined","6a3cc12fd6cff81164660af6","Unknown","towards_eternity_1.1","Unassigned","New","normal","2026-06-25T05:48:31.698Z"
"undefined","6a3cc12fd6cff81164660af7","Unknown","bawaaa_kamaal","Unassigned","New","normal","2026-06-25T05:48:31.875Z"
"undefined","6a3cc130d6cff81164660af8","Unknown","azbaba347","Unassigned","New","normal","2026-06-25T05:48:32.009Z"
"undefined","6a3cc130d6cff81164660af9","Unknown","abaanalirehman","Unassigned","New","normal","2026-06-25T05:48:32.142Z"
"undefined","6a3cc130d6cff81164660afa","Unknown","innervoices_05","Unassigned","New","normal","2026-06-25T05:48:32.273Z"
"undefined","6a3cc130d6cff81164660afb","Unknown","aamina_deeni_girl","Unassigned","New","normal","2026-06-25T05:48:32.454Z"
"undefined","6a3cc130d6cff81164660afc","Unknown","syed202050","Unassigned","New","normal","2026-06-25T05:48:32.635Z"
"undefined","6a3cc130d6cff81164660afd","Unknown","asifonscreen","Unassigned","New","normal","2026-06-25T05:48:32.770Z"
"undefined","6a3cc130d6cff81164660afe","Unknown","qadirqureshi","Unassigned","New","normal","2026-06-25T05:48:32.920Z"
"undefined","6a3cc131d6cff81164660aff","Unknown","fouziarizvimirza","Unassigned","New","normal","2026-06-25T05:48:33.050Z"
"undefined","6a3cc131d6cff81164660b00","Unknown","moonis_bin_sami","Unassigned","New","normal","2026-06-25T05:48:33.181Z"
"undefined","6a3cc131d6cff81164660b01","Unknown","aasifahmad651","Unassigned","New","normal","2026-06-25T05:48:33.356Z"
"undefined","6a3cc131d6cff81164660b02","Unknown","skynetworksads","Unassigned","New","normal","2026-06-25T05:48:33.504Z"
"undefined","6a3cc131d6cff81164660b03","Unknown","qqqhassan111","Unassigned","New","normal","2026-06-25T05:48:33.647Z"
"undefined","6a3cc131d6cff81164660b04","Unknown","mohiddin5658","Unassigned","New","normal","2026-06-25T05:48:33.781Z"
"undefined","6a3cc131d6cff81164660b05","Unknown","ashisumbul","Unassigned","New","normal","2026-06-25T05:48:33.915Z"
"undefined","6a3cc132d6cff81164660b07","Unknown","shairshamsheer","Unassigned","New","normal","2026-06-25T05:48:34.188Z"
"undefined","6a3cc132d6cff81164660b08","Unknown","asifdambal","Unassigned","New","normal","2026-06-25T05:48:34.365Z"
"undefined","6a3cc132d6cff81164660b09","Unknown","adykhan5","Unassigned","New","normal","2026-06-25T05:48:34.500Z"
"undefined","6a3cc132d6cff81164660b0a","Unknown","__ramzan026","Unassigned","New","normal","2026-06-25T05:48:34.632Z"
"undefined","6a3cc132d6cff81164660b0b","Unknown","mr.kmrn_","Unassigned","New","normal","2026-06-25T05:48:34.817Z"
"undefined","6a3cc132d6cff81164660b0c","Unknown","camel.805584","Unassigned","New","normal","2026-06-25T05:48:34.952Z"
"undefined","6a3cc133d6cff81164660b0d","Unknown","sheikh.shahab11","Unassigned","New","normal","2026-06-25T05:48:35.085Z"
"undefined","6a3cc133d6cff81164660b0e","Unknown","rustamkhokhar007","Unassigned","New","normal","2026-06-25T05:48:35.218Z"
"undefined","6a3cc133d6cff81164660b0f","Unknown","_altaf.khan__x","Unassigned","New","normal","2026-06-25T05:48:35.396Z"
"undefined","6a3cc133d6cff81164660b10","Unknown","syed078682","Unassigned","New","normal","2026-06-25T05:48:35.575Z"
"undefined","6a3cc133d6cff81164660b11","Unknown","bekhayaaali","Unassigned","New","normal","2026-06-25T05:48:35.755Z"
"undefined","6a3cc133d6cff81164660b12","Unknown","nayaab3","Unassigned","New","normal","2026-06-25T05:48:35.934Z"
"undefined","6a3cc134d6cff81164660b13","Unknown","theminimalistdose","Unassigned","New","normal","2026-06-25T05:48:36.114Z"
"undefined","6a3cc134d6cff81164660b15","Unknown","rayeesthescalper","Unassigned","New","normal","2026-06-25T05:48:36.382Z"
"undefined","6a3cc134d6cff81164660b16","Unknown","sa.dia_saleem","Unassigned","New","normal","2026-06-25T05:48:36.514Z"
"undefined","6a3cc134d6cff81164660b17","Unknown","wparvez","Unassigned","New","normal","2026-06-25T05:48:36.705Z"
"undefined","6a3cc134d6cff81164660b18","Unknown","najmi_bin_ajaz","Unassigned","New","normal","2026-06-25T05:48:36.837Z"
"undefined","6a3cc135d6cff81164660b19","Unknown","surf_.ace","Unassigned","New","normal","2026-06-25T05:48:37.015Z"
"undefined","6a3cc135d6cff81164660b1a","Unknown","n211899188","Unassigned","New","normal","2026-06-25T05:48:37.148Z"
"undefined","6a3cc135d6cff81164660b1b","Unknown","youngvirgo_ms","Unassigned","New","normal","2026-06-25T05:48:37.328Z"
"undefined","6a3cc135d6cff81164660b1c","Unknown","mdislam____2004","Unassigned","New","normal","2026-06-25T05:48:37.520Z"
"undefined","6a3cc135d6cff81164660b1d","Unknown","i.m.ahtasham","Unassigned","New","normal","2026-06-25T05:48:37.697Z"
"undefined","6a3cc135d6cff81164660b1e","Unknown","fakruddin918","Unassigned","New","normal","2026-06-25T05:48:37.876Z"
"undefined","6a3cc136d6cff81164660b1f","Unknown","i._.mehbub","Unassigned","New","normal","2026-06-25T05:48:38.010Z"
"undefined","6a3cc136d6cff81164660b20","Unknown","rahil_photography","Unassigned","New","normal","2026-06-25T05:48:38.145Z"
"undefined","6a3cc136d6cff81164660b22","Unknown","uroozey1821","Unassigned","New","normal","2026-06-25T05:48:38.517Z"
"undefined","6a3cc136d6cff81164660b23","Unknown","recycledorganiclife","Unassigned","New","normal","2026-06-25T05:48:38.660Z"
"undefined","6a3cc136d6cff81164660b24","Unknown","ameen028","Unassigned","New","normal","2026-06-25T05:48:38.797Z"
"undefined","6a3cc137d6cff81164660b26","Unknown","e1pr0f3ss0r","Unassigned","New","normal","2026-06-25T05:48:39.119Z"
"undefined","6a3cc137d6cff81164660b28","Unknown","alayeeqh","Unassigned","New","normal","2026-06-25T05:48:39.384Z"
"undefined","6a3cc137d6cff81164660b29","Unknown","hello123456789141","Unassigned","New","normal","2026-06-25T05:48:39.520Z"
"undefined","6a3cc137d6cff81164660b2a","Unknown","designsecoscape","Unassigned","New","normal","2026-06-25T05:48:39.654Z"
"undefined","6a3cc137d6cff81164660b2b","Unknown","moto__rive","Unassigned","New","normal","2026-06-25T05:48:39.785Z"
"undefined","6a3cc137d6cff81164660b2c","Unknown","qamarhakim072","Unassigned","New","normal","2026-06-25T05:48:39.917Z"
"undefined","6a3cc138d6cff81164660b2d","Unknown","wasil_musafir","Unassigned","New","normal","2026-06-25T05:48:40.049Z"
"undefined","6a3cc138d6cff81164660b2e","Unknown","farooq061971","Unassigned","New","normal","2026-06-25T05:48:40.183Z"
"undefined","6a3cc138d6cff81164660b2f","Unknown","dostharafath","Unassigned","New","normal","2026-06-25T05:48:40.319Z"
"undefined","6a3cc138d6cff81164660b31","Unknown","cjp_susegadwing","Unassigned","New","normal","2026-06-25T05:48:40.649Z"
"undefined","6a3cc138d6cff81164660b32","Unknown","haris_gaza","Unassigned","New","normal","2026-06-25T05:48:40.782Z"
"undefined","6a3cc139d6cff81164660b35","Unknown","md_arif_bargir","Unassigned","New","normal","2026-06-25T05:48:41.304Z"
"undefined","6a3cc139d6cff81164660b36","Unknown","m.t.bn.m","Unassigned","New","normal","2026-06-25T05:48:41.487Z"
"undefined","6a3cc139d6cff81164660b37","Unknown","malamhabibi","Unassigned","New","normal","2026-06-25T05:48:41.650Z"
"undefined","6a3cc139d6cff81164660b39","Unknown","brj.by.shabeena","Unassigned","New","normal","2026-06-25T05:48:41.979Z"
"undefined","6a3cc13ad6cff81164660b3a","Unknown","imtiyaz_bahadida","Unassigned","New","normal","2026-06-25T05:48:42.110Z"
"undefined","6a3cc13ad6cff81164660b3b","Unknown","azimsayed_ssj","Unassigned","New","normal","2026-06-25T05:48:42.241Z"
"undefined","6a3cc13ad6cff81164660b3c","Unknown","faizz111_","Unassigned","New","normal","2026-06-25T05:48:42.372Z"
"undefined","6a3cc13ad6cff81164660b3d","Unknown","greenahomfederation","Unassigned","New","normal","2026-06-25T05:48:42.502Z"
"undefined","6a3cc13ad6cff81164660b3e","Unknown","shaikmohammedmansoor","Unassigned","New","normal","2026-06-25T05:48:42.634Z"
"undefined","6a3cc13ad6cff81164660b3f","Unknown","sheikh_aman_sheikh","Unassigned","New","normal","2026-06-25T05:48:42.777Z"
"undefined","6a3cc13ad6cff81164660b40","Unknown","amaan7243","Unassigned","New","normal","2026-06-25T05:48:42.914Z"
"undefined","6a3cc13bd6cff81164660b41","Unknown","masood.naik","Unassigned","New","normal","2026-06-25T05:48:43.097Z"
"undefined","6a3cc13bd6cff81164660b42","Unknown","sareefkadhar","Unassigned","New","normal","2026-06-25T05:48:43.276Z"
"undefined","6a3cc13bd6cff81164660b45","Unknown","heena_yusuf4","Unassigned","New","normal","2026-06-25T05:48:43.728Z"
"undefined","6a3cc13bd6cff81164660b47","Unknown","arshad_serendipity","Unassigned","New","normal","2026-06-25T05:48:43.995Z"
"undefined","6a3cc13cd6cff81164660b48","Unknown","s_a_villa_ooty","Unassigned","New","normal","2026-06-25T05:48:44.127Z"
"undefined","6a3cc13cd6cff81164660b49","Unknown","meaawwuu33","Unassigned","New","normal","2026-06-25T05:48:44.307Z"
"undefined","6a3cc13cd6cff81164660b4a","Unknown","vas21428","Unassigned","New","normal","2026-06-25T05:48:44.448Z"
"undefined","6a3cc13cd6cff81164660b4b","Unknown","yusufsyed9","Unassigned","New","normal","2026-06-25T05:48:44.582Z"
"undefined","6a3cc13cd6cff81164660b4c","Unknown","rendezvous_with_ahmed","Unassigned","New","normal","2026-06-25T05:48:44.714Z"
"undefined","6a3cc13cd6cff81164660b4d","Unknown","stylishboutique85","Unassigned","New","normal","2026-06-25T05:48:44.850Z"
"undefined","6a3cc13cd6cff81164660b4e","Unknown","mohammed__ibad","Unassigned","New","normal","2026-06-25T05:48:44.983Z"
"undefined","6a3cc13dd6cff81164660b4f","Unknown","sahil19z","Unassigned","New","normal","2026-06-25T05:48:45.126Z"
"undefined","6a3cc13dd6cff81164660b51","Unknown","immu30182023","Unassigned","New","normal","2026-06-25T05:48:45.395Z"
"undefined","6a3cc13dd6cff81164660b52","Unknown","hassan__bilal___","Unassigned","New","normal","2026-06-25T05:48:45.527Z"
"undefined","6a3cc13dd6cff81164660b53","Unknown","bamboobio98","Unassigned","New","normal","2026-06-25T05:48:45.664Z"
"undefined","6a3cc13dd6cff81164660b54","Unknown","aa.mnx18","Unassigned","New","normal","2026-06-25T05:48:45.797Z"
"undefined","6a3cc13dd6cff81164660b55","Unknown","da.wood2911","Unassigned","New","normal","2026-06-25T05:48:45.930Z"
"undefined","6a3cc13ed6cff81164660b56","Unknown","plus_medicos","Unassigned","New","normal","2026-06-25T05:48:46.062Z"
"undefined","6a3cc13ed6cff81164660b58","Unknown","tanveervajawala","Unassigned","New","normal","2026-06-25T05:48:46.332Z"
"undefined","6a3cc13ed6cff81164660b5a","Unknown","fuzail.shaik","Unassigned","New","normal","2026-06-25T05:48:46.614Z"
"undefined","6a3cc13ed6cff81164660b5b","Unknown","influx29","Unassigned","New","normal","2026-06-25T05:48:46.747Z"
"undefined","6a3cc13ed6cff81164660b5c","Unknown","networksking","Unassigned","New","normal","2026-06-25T05:48:46.882Z"
"undefined","6a3cc13fd6cff81164660b5d","Unknown","nikhathamza","Unassigned","New","normal","2026-06-25T05:48:47.057Z"
"undefined","6a3cc13fd6cff81164660b5e","Unknown","naaz16dec","Unassigned","New","normal","2026-06-25T05:48:47.192Z"
"undefined","6a3cc13fd6cff81164660b5f","Unknown","sabirshaikh0506","Unassigned","New","normal","2026-06-25T05:48:47.329Z"
"undefined","6a3cc13fd6cff81164660b60","Unknown","sabatahseen274","Unassigned","New","normal","2026-06-25T05:48:47.462Z"
"undefined","6a3cc13fd6cff81164660b61","Unknown","zuber_ali7862","Unassigned","New","normal","2026-06-25T05:48:47.597Z"
"undefined","6a3cc13fd6cff81164660b62","Unknown","misba_n_shah","Unassigned","New","normal","2026-06-25T05:48:47.762Z"
"undefined","6a3cc13fd6cff81164660b63","Unknown","sameer.mustak.9","Unassigned","New","normal","2026-06-25T05:48:47.898Z"
"undefined","6a3cc140d6cff81164660b64","Unknown","masoomtm","Unassigned","New","normal","2026-06-25T05:48:48.030Z"
"undefined","6a3cc140d6cff81164660b65","Unknown","azeedmdubai","Unassigned","New","normal","2026-06-25T05:48:48.163Z"
"undefined","6a3cc140d6cff81164660b66","Unknown","maverick_monk19","Unassigned","New","normal","2026-06-25T05:48:48.297Z"
"undefined","6a3cc140d6cff81164660b67","Unknown","iazadfahim","Unassigned","New","normal","2026-06-25T05:48:48.432Z"
"undefined","6a3cc140d6cff81164660b68","Unknown","kashifalam_84","Unassigned","New","normal","2026-06-25T05:48:48.567Z"
"undefined","6a3cc140d6cff81164660b69","Unknown","words.fromocean","Unassigned","New","normal","2026-06-25T05:48:48.699Z"
"undefined","6a3cc140d6cff81164660b6a","Unknown","alam.aftab","Unassigned","New","normal","2026-06-25T05:48:48.832Z"
"undefined","6a3cc140d6cff81164660b6b","Unknown","arifsiddiqu2602","Unassigned","New","normal","2026-06-25T05:48:48.965Z"
"undefined","6a3cc141d6cff81164660b6c","Unknown","abdulhaqzhaq","Unassigned","New","normal","2026-06-25T05:48:49.156Z"
"undefined","6a3cc141d6cff81164660b6d","Unknown","moinshaikh1186","Unassigned","New","normal","2026-06-25T05:48:49.290Z"
"undefined","6a3cc141d6cff81164660b6e","Unknown","sarfaraz.ahmadjmi","Unassigned","New","normal","2026-06-25T05:48:49.421Z"
"undefined","6a3cc141d6cff81164660b6f","Unknown","roshan.fathima.35","Unassigned","New","normal","2026-06-25T05:48:49.597Z"
"undefined","6a3cc141d6cff81164660b71","Unknown","firoz_1394","Unassigned","New","normal","2026-06-25T05:48:49.912Z"
"undefined","6a3cc142d6cff81164660b72","Unknown","iffatkamar_khan","Unassigned","New","normal","2026-06-25T05:48:50.045Z"
"undefined","6a3cc142d6cff81164660b73","Unknown","afrozkhan_nk","Unassigned","New","normal","2026-06-25T05:48:50.269Z"
"undefined","6a3cc142d6cff81164660b74","Unknown","saif4630khan","Unassigned","New","normal","2026-06-25T05:48:50.404Z"
"undefined","6a3cc142d6cff81164660b75","Unknown","yourpilatesinstructor","Unassigned","New","normal","2026-06-25T05:48:50.537Z"
"undefined","6a3cc142d6cff81164660b76","Unknown","sattarsakina","Unassigned","New","normal","2026-06-25T05:48:50.671Z"
"undefined","6a3cc142d6cff81164660b77","Unknown","thisissyedthe1","Unassigned","New","normal","2026-06-25T05:48:50.808Z"
"undefined","6a3cc142d6cff81164660b78","Unknown","laughir_","Unassigned","New","normal","2026-06-25T05:48:50.942Z"
"undefined","6a3cc143d6cff81164660b79","Unknown","mujassam_najar","Unassigned","New","normal","2026-06-25T05:48:51.076Z"
"undefined","6a3cc143d6cff81164660b7b","Unknown","ridaaa_251098","Unassigned","New","normal","2026-06-25T05:48:51.344Z"
"undefined","6a3cc143d6cff81164660b7c","Unknown","ik_iqbalmd","Unassigned","New","normal","2026-06-25T05:48:51.479Z"
"undefined","6a3cc143d6cff81164660b7d","Unknown","herbal_fitness509","Unassigned","New","normal","2026-06-25T05:48:51.623Z"
"undefined","6a3cc143d6cff81164660b7e","Unknown","md.sk20","Unassigned","New","normal","2026-06-25T05:48:51.763Z"
"undefined","6a3cc143d6cff81164660b7f","Unknown","kingkhan211386","Unassigned","New","normal","2026-06-25T05:48:51.901Z"
"undefined","6a3cc144d6cff81164660b80","Unknown","user_afroz_khan","Unassigned","New","normal","2026-06-25T05:48:52.087Z"
"undefined","6a3cc144d6cff81164660b81","Unknown","karim_shaikhsk","Unassigned","New","normal","2026-06-25T05:48:52.219Z"
"undefined","6a3cc144d6cff81164660b82","Unknown","mdsohailkhan9","Unassigned","New","normal","2026-06-25T05:48:52.395Z"
"undefined","6a3cc144d6cff81164660b83","Unknown","alishbaroks","Unassigned","New","normal","2026-06-25T05:48:52.576Z"
"undefined","6a3cc144d6cff81164660b84","Unknown","akhil_bhartiya_gram_vikas","Unassigned","New","normal","2026-06-25T05:48:52.716Z"
"undefined","6a3cc144d6cff81164660b85","Unknown","i_sameershk","Unassigned","New","normal","2026-06-25T05:48:52.881Z"
"undefined","6a3cc145d6cff81164660b86","Unknown","wasim.prime","Unassigned","New","normal","2026-06-25T05:48:53.056Z"
"undefined","6a3cc145d6cff81164660b87","Unknown","rizzzzz_wan","Unassigned","New","normal","2026-06-25T05:48:53.190Z"
"undefined","6a3cc145d6cff81164660b88","Unknown","mudassir._21_","Unassigned","New","normal","2026-06-25T05:48:53.324Z"
"undefined","6a3cc145d6cff81164660b89","Unknown","ana_afridi_","Unassigned","New","normal","2026-06-25T05:48:53.458Z"
"undefined","6a3cc145d6cff81164660b8a","Unknown","kachhi_hussain","Unassigned","New","normal","2026-06-25T05:48:53.648Z"
"undefined","6a3cc145d6cff81164660b8b","Unknown","jessy23895","Unassigned","New","normal","2026-06-25T05:48:53.784Z"
"undefined","6a3cc145d6cff81164660b8c","Unknown","ammar_ali_2805","Unassigned","New","normal","2026-06-25T05:48:53.917Z"
"undefined","6a3cc146d6cff81164660b8d","Unknown","mr_shamsi_","Unassigned","New","normal","2026-06-25T05:48:54.050Z"
"undefined","6a3cc146d6cff81164660b8e","Unknown","jdsk1702","Unassigned","New","normal","2026-06-25T05:48:54.188Z"
"undefined","6a3cc146d6cff81164660b8f","Unknown","the_vibrantt","Unassigned","New","normal","2026-06-25T05:48:54.322Z"
"undefined","6a3cc146d6cff81164660b90","Unknown","farischoudhary","Unassigned","New","normal","2026-06-25T05:48:54.452Z"
"undefined","6a3cc146d6cff81164660b91","Unknown","rafiq_ilm","Unassigned","New","normal","2026-06-25T05:48:54.638Z"
"undefined","6a3cc146d6cff81164660b92","Unknown","infinitesoul0609","Unassigned","New","normal","2026-06-25T05:48:54.859Z"
"undefined","6a3cc147d6cff81164660b94","Unknown","mohd_ruman_3","Unassigned","New","normal","2026-06-25T05:48:55.125Z"
"undefined","6a3cc147d6cff81164660b95","Unknown","ramzan8826575600","Unassigned","New","normal","2026-06-25T05:48:55.260Z"
"undefined","6a3cc147d6cff81164660b96","Unknown","javed_shaikh_15","Unassigned","New","normal","2026-06-25T05:48:55.395Z"
"undefined","6a3cc147d6cff81164660b97","Unknown","shababeazam","Unassigned","New","normal","2026-06-25T05:48:55.527Z"
"undefined","6a3cc147d6cff81164660b98","Unknown","raihan.mozawala","Unassigned","New","normal","2026-06-25T05:48:55.663Z"
"undefined","6a3cc147d6cff81164660b99","Unknown","the.farmlabz","Unassigned","New","normal","2026-06-25T05:48:55.795Z"
"undefined","6a3cc147d6cff81164660b9a","Unknown","mujtuba.hussain","Unassigned","New","normal","2026-06-25T05:48:55.936Z"
"undefined","6a3cc148d6cff81164660b9b","Unknown","m.verse4__","Unassigned","New","normal","2026-06-25T05:48:56.069Z"
"undefined","6a3cc148d6cff81164660b9c","Unknown","resham.al","Unassigned","New","normal","2026-06-25T05:48:56.201Z"
"undefined","6a3cc148d6cff81164660b9d","Unknown","shaheed1839","Unassigned","New","normal","2026-06-25T05:48:56.333Z"
"undefined","6a3cc148d6cff81164660b9e","Unknown","im_saiyyad._","Unassigned","New","normal","2026-06-25T05:48:56.466Z"
"undefined","6a3cc148d6cff81164660b9f","Unknown","digikiox","Unassigned","New","normal","2026-06-25T05:48:56.603Z"
"undefined","6a3cc148d6cff81164660ba0","Unknown","fa.tima2063","Unassigned","New","normal","2026-06-25T05:48:56.737Z"
"undefined","6a3cc148d6cff81164660ba1","Unknown","virgo_hyd","Unassigned","New","normal","2026-06-25T05:48:56.870Z"
"undefined","6a3cc149d6cff81164660ba3","Unknown","saif8080","Unassigned","New","normal","2026-06-25T05:48:57.138Z"
"undefined","6a3cc149d6cff81164660ba4","Unknown","shahid123q","Unassigned","New","normal","2026-06-25T05:48:57.326Z"
"undefined","6a3cc149d6cff81164660ba5","Unknown","haseeb.khan_07","Unassigned","New","normal","2026-06-25T05:48:57.507Z"
"undefined","6a3cc149d6cff81164660ba6","Unknown","khansahil6262","Unassigned","New","normal","2026-06-25T05:48:57.687Z"
"undefined","6a3cc14ad6cff81164660ba8","Unknown","drarshad.physio","Unassigned","New","normal","2026-06-25T05:48:58.196Z"
"undefined","6a3cc14ad6cff81164660ba9","Unknown","essence_of_quran","Unassigned","New","normal","2026-06-25T05:48:58.376Z"
"undefined","6a3cc14ad6cff81164660baa","Unknown","syed_paiker_ali","Unassigned","New","normal","2026-06-25T05:48:58.648Z"
"undefined","6a3cc14ad6cff81164660bab","Unknown","ig_its.aamir","Unassigned","New","normal","2026-06-25T05:48:58.801Z"
"undefined","6a3cc14ad6cff81164660bac","Unknown","umar_khann003","Unassigned","New","normal","2026-06-25T05:48:58.937Z"
"undefined","6a3cc14bd6cff81164660bad","Unknown","zee.tv29","Unassigned","New","normal","2026-06-25T05:48:59.071Z"
"undefined","6a3cc14bd6cff81164660bae","Unknown","paan_king_surat","Unassigned","New","normal","2026-06-25T05:48:59.271Z"
"undefined","6a3cc14bd6cff81164660baf","Unknown","_iamnadeem.ans","Unassigned","New","normal","2026-06-25T05:48:59.404Z"
"undefined","6a3cc14bd6cff81164660bb0","Unknown","mohdd_arshadd","Unassigned","New","normal","2026-06-25T05:48:59.540Z"
"undefined","6a3cc14bd6cff81164660bb1","Unknown","de_influencing07","Unassigned","New","normal","2026-06-25T05:48:59.673Z"
"undefined","6a3cc14bd6cff81164660bb2","Unknown","shaggyadam1990","Unassigned","New","normal","2026-06-25T05:48:59.808Z"
"undefined","6a3cc14bd6cff81164660bb3","Unknown","sk_amanbhai","Unassigned","New","normal","2026-06-25T05:48:59.942Z"
"undefined","6a3cc14cd6cff81164660bb4","Unknown","shamms.shaikh","Unassigned","New","normal","2026-06-25T05:49:00.075Z"
"undefined","6a3cc14cd6cff81164660bb5","Unknown","somin2786","Unassigned","New","normal","2026-06-25T05:49:00.215Z"
"undefined","6a3cc14cd6cff81164660bb7","Unknown","sham.immir66","Unassigned","New","normal","2026-06-25T05:49:00.480Z"
"undefined","6a3cc14cd6cff81164660bb8","Unknown","zaynoob.i","Unassigned","New","normal","2026-06-25T05:49:00.613Z"
"undefined","6a3cc14dd6cff81164660bba","Unknown","abdul.zaakir","Unassigned","New","normal","2026-06-25T05:49:01.087Z"
"undefined","6a3cc14dd6cff81164660bbb","Unknown","ibrahim.iibs","Unassigned","New","normal","2026-06-25T05:49:01.221Z"
"undefined","6a3cc14dd6cff81164660bbc","Unknown","haideraliomar_pathan","Unassigned","New","normal","2026-06-25T05:49:01.355Z"
"undefined","6a3cc14dd6cff81164660bbd","Unknown","oflinehuman","Unassigned","New","normal","2026-06-25T05:49:01.587Z"
"undefined","6a3cc14dd6cff81164660bbe","Unknown","tousif_kal","Unassigned","New","normal","2026-06-25T05:49:01.721Z"
"undefined","6a3cc14dd6cff81164660bbf","Unknown","immahekkk_","Unassigned","New","normal","2026-06-25T05:49:01.906Z"
"undefined","6a3cc14ed6cff81164660bc0","Unknown","its_sania_barira","Unassigned","New","normal","2026-06-25T05:49:02.051Z"
"undefined","6a3cc14ed6cff81164660bc1","Unknown","fitnessdungeon","Unassigned","New","normal","2026-06-25T05:49:02.185Z"
"undefined","6a3cc14ed6cff81164660bc2","Unknown","frndzforfun","Unassigned","New","normal","2026-06-25T05:49:02.318Z"
"undefined","6a3cc14ed6cff81164660bc3","Unknown","versesintime","Unassigned","New","normal","2026-06-25T05:49:02.452Z"
"undefined","6a3cc14ed6cff81164660bc4","Unknown","yasirrkhan___","Unassigned","New","normal","2026-06-25T05:49:02.590Z"
"undefined","6a3cc14ed6cff81164660bc5","Unknown","hamdan_soleja","Unassigned","New","normal","2026-06-25T05:49:02.724Z"
"undefined","6a3cc14ed6cff81164660bc6","Unknown","shahjahanabadidelhi6","Unassigned","New","normal","2026-06-25T05:49:02.868Z"
"undefined","6a3cc14fd6cff81164660bc7","Unknown","zaheersch","Unassigned","New","normal","2026-06-25T05:49:03.046Z"
"undefined","6a3cc14fd6cff81164660bc8","Unknown","msgrandmotards.officiall","Unassigned","New","normal","2026-06-25T05:49:03.181Z"
"undefined","6a3cc14fd6cff81164660bc9","Unknown","suhailnoorulla","Unassigned","New","normal","2026-06-25T05:49:03.317Z"
"undefined","6a3cc14fd6cff81164660bca","Unknown","ahamed_tsf","Unassigned","New","normal","2026-06-25T05:49:03.507Z"
"undefined","6a3cc14fd6cff81164660bcb","Unknown","kulus_kueen","Unassigned","New","normal","2026-06-25T05:49:03.641Z"
"undefined","6a3cc14fd6cff81164660bcc","Unknown","oowiz","Unassigned","New","normal","2026-06-25T05:49:03.776Z"
"undefined","6a3cc14fd6cff81164660bcd","Unknown","yoits.robin","Unassigned","New","normal","2026-06-25T05:49:03.909Z"
"undefined","6a3cc150d6cff81164660bce","Unknown","_samii_70","Unassigned","New","normal","2026-06-25T05:49:04.053Z"
"undefined","6a3cc150d6cff81164660bcf","Unknown","aswan912","Unassigned","New","normal","2026-06-25T05:49:04.259Z"
"undefined","6a3cc150d6cff81164660bd0","Unknown","innominate.fx","Unassigned","New","normal","2026-06-25T05:49:04.402Z"
"undefined","6a3cc150d6cff81164660bd1","Unknown","alifarhanmusafir","Unassigned","New","normal","2026-06-25T05:49:04.536Z"
"undefined","6a3cc150d6cff81164660bd2","Unknown","thekaifkhan_1","Unassigned","New","normal","2026-06-25T05:49:04.675Z"
"undefined","6a3cc150d6cff81164660bd3","Unknown","nasimmohammad27","Unassigned","New","normal","2026-06-25T05:49:04.809Z"
"undefined","6a3cc150d6cff81164660bd4","Unknown","aseer_1110","Unassigned","New","normal","2026-06-25T05:49:04.942Z"
"undefined","6a3cc151d6cff81164660bd5","Unknown","mdtariksekh","Unassigned","New","normal","2026-06-25T05:49:05.079Z"
"undefined","6a3cc151d6cff81164660bd6","Unknown","fallingstars784","Unassigned","New","normal","2026-06-25T05:49:05.212Z"
"undefined","6a3cc151d6cff81164660bd7","Unknown","_sufiyankhan01","Unassigned","New","normal","2026-06-25T05:49:05.343Z"
"undefined","6a3cc151d6cff81164660bd9","Unknown","savy_rockstar","Unassigned","New","normal","2026-06-25T05:49:05.617Z"
"undefined","6a3cc151d6cff81164660bdb","Unknown","manjar_h15","Unassigned","New","normal","2026-06-25T05:49:05.881Z"
"undefined","6a3cc152d6cff81164660bdc","Unknown","aliabi1986","Unassigned","New","normal","2026-06-25T05:49:06.057Z"
"undefined","6a3cc152d6cff81164660bdd","Unknown","hifzaan_quests","Unassigned","New","normal","2026-06-25T05:49:06.192Z"
"undefined","6a3cc152d6cff81164660bde","Unknown","__minaz.sheikh_","Unassigned","New","normal","2026-06-25T05:49:06.325Z"
"undefined","6a3cc152d6cff81164660be0","Unknown","atifbaksh.19","Unassigned","New","normal","2026-06-25T05:49:06.592Z"
"undefined","6a3cc152d6cff81164660be1","Unknown","sheikhalfard","Unassigned","New","normal","2026-06-25T05:49:06.725Z"
"undefined","6a3cc153d6cff81164660be3","Unknown","izhan_bawani","Unassigned","New","normal","2026-06-25T05:49:07.047Z"
"undefined","6a3cc153d6cff81164660be4","Unknown","imrahat","Unassigned","New","normal","2026-06-25T05:49:07.179Z"
"undefined","6a3cc153d6cff81164660be5","Unknown","luniyaismail","Unassigned","New","normal","2026-06-25T05:49:07.356Z"
"undefined","6a3cc153d6cff81164660be6","Unknown","aaqibmir11","Unassigned","New","normal","2026-06-25T05:49:07.546Z"
"undefined","6a3cc153d6cff81164660be7","Unknown","rd.poison.imran","Unassigned","New","normal","2026-06-25T05:49:07.731Z"
"undefined","6a3cc153d6cff81164660be8","Unknown","immu.sk","Unassigned","New","normal","2026-06-25T05:49:07.916Z"
"undefined","6a3cc154d6cff81164660be9","Unknown","sirajashu","Unassigned","New","normal","2026-06-25T05:49:08.050Z"
"undefined","6a3cc154d6cff81164660bea","Unknown","abish459","Unassigned","New","normal","2026-06-25T05:49:08.236Z"
"undefined","6a3cc154d6cff81164660beb","Unknown","nalbandnaved","Unassigned","New","normal","2026-06-25T05:49:08.373Z"
"undefined","6a3cc154d6cff81164660bec","Unknown","faqatshadab","Unassigned","New","normal","2026-06-25T05:49:08.506Z"
"undefined","6a3cc154d6cff81164660bed","Unknown","jedz_rider","Unassigned","New","normal","2026-06-25T05:49:08.644Z"
"undefined","6a3cc154d6cff81164660bee","Unknown","wavyshoaib","Unassigned","New","normal","2026-06-25T05:49:08.777Z"
"undefined","6a3cc154d6cff81164660bef","Unknown","the_sasy_vibes","Unassigned","New","normal","2026-06-25T05:49:08.916Z"
"undefined","6a3cc155d6cff81164660bf0","Unknown","the.ansari.ji","Unassigned","New","normal","2026-06-25T05:49:09.051Z"
"undefined","6a3cc155d6cff81164660bf1","Unknown","shamsmiyaji","Unassigned","New","normal","2026-06-25T05:49:09.186Z"
"undefined","6a3cc155d6cff81164660bf2","Unknown","__harunpanwar__","Unassigned","New","normal","2026-06-25T05:49:09.319Z"
"undefined","6a3cc155d6cff81164660bf4","Unknown","mr_naved_0.3","Unassigned","New","normal","2026-06-25T05:49:09.595Z"
"undefined","6a3cc155d6cff81164660bf5","Unknown","_shafikhn_","Unassigned","New","normal","2026-06-25T05:49:09.731Z"
"undefined","6a3cc155d6cff81164660bf6","Unknown","asif_ameenbeg_786","Unassigned","New","normal","2026-06-25T05:49:09.865Z"
"undefined","6a3cc156d6cff81164660bf9","Unknown","_sheikh_imran010","Unassigned","New","normal","2026-06-25T05:49:10.627Z"
"undefined","6a3cc156d6cff81164660bfa","Unknown","mdbabar_007","Unassigned","New","normal","2026-06-25T05:49:10.760Z"
"undefined","6a3cc156d6cff81164660bfb","Unknown","mduves19","Unassigned","New","normal","2026-06-25T05:49:10.890Z"
"undefined","6a3cc157d6cff81164660bfc","Unknown","baalibynabila","Unassigned","New","normal","2026-06-25T05:49:11.021Z"
"undefined","6a3cc157d6cff81164660bfd","Unknown","mefardeen_al_quresh","Unassigned","New","normal","2026-06-25T05:49:11.151Z"
"undefined","6a3cc157d6cff81164660bfe","Unknown","mrfaizu5806","Unassigned","New","normal","2026-06-25T05:49:11.281Z"
"undefined","6a3cc157d6cff81164660bff","Unknown","a.saiyad01","Unassigned","New","normal","2026-06-25T05:49:11.454Z"
"undefined","6a3cc157d6cff81164660c00","Unknown","asifkhan172125","Unassigned","New","normal","2026-06-25T05:49:11.588Z"
"undefined","6a3cc157d6cff81164660c01","Unknown","n_y_tamboli","Unassigned","New","normal","2026-06-25T05:49:11.776Z"
"undefined","6a3cc157d6cff81164660c02","Unknown","zen_masters_academy","Unassigned","New","normal","2026-06-25T05:49:11.908Z"
"undefined","6a3cc158d6cff81164660c03","Unknown","mohammad_hamza_2303","Unassigned","New","normal","2026-06-25T05:49:12.041Z"
"undefined","6a3cc158d6cff81164660c04","Unknown","sanawar2442","Unassigned","New","normal","2026-06-25T05:49:12.174Z"
"undefined","6a3cc158d6cff81164660c05","Unknown","dr.shoaibuddin","Unassigned","New","normal","2026-06-25T05:49:12.306Z"
"undefined","6a3cc158d6cff81164660c06","Unknown","shaazconstructions","Unassigned","New","normal","2026-06-25T05:49:12.439Z"
"undefined","6a3cc158d6cff81164660c07","Unknown","tarique_2710","Unassigned","New","normal","2026-06-25T05:49:12.579Z"
"undefined","6a3cc158d6cff81164660c08","Unknown","radiant_routz","Unassigned","New","normal","2026-06-25T05:49:12.739Z"
"undefined","6a3cc158d6cff81164660c09","Unknown","thereal.seema","Unassigned","New","normal","2026-06-25T05:49:12.934Z"
"undefined","6a3cc159d6cff81164660c0a","Unknown","_adarsh4u_","Unassigned","New","normal","2026-06-25T05:49:13.079Z"
"undefined","6a3cc159d6cff81164660c0b","Unknown","junaidamodwala","Unassigned","New","normal","2026-06-25T05:49:13.211Z"
"undefined","6a3cc159d6cff81164660c0c","Unknown","salman.qureshi02","Unassigned","New","normal","2026-06-25T05:49:13.396Z"
"undefined","6a3cc159d6cff81164660c0d","Unknown","ismi_shayannn","Unassigned","New","normal","2026-06-25T05:49:13.586Z"
"undefined","6a3cc159d6cff81164660c0e","Unknown","oye_musafiir","Unassigned","New","normal","2026-06-25T05:49:13.720Z"
"undefined","6a3cc159d6cff81164660c0f","Unknown","eram_ansarii","Unassigned","New","normal","2026-06-25T05:49:13.855Z"
"undefined","6a3cc159d6cff81164660c10","Unknown","asadmemonnn","Unassigned","New","normal","2026-06-25T05:49:13.987Z"
"undefined","6a3cc15ad6cff81164660c11","Unknown","mohd.danish5030","Unassigned","New","normal","2026-06-25T05:49:14.120Z"
"undefined","6a3cc15ad6cff81164660c12","Unknown","shahidpasha","Unassigned","New","normal","2026-06-25T05:49:14.254Z"
"undefined","6a3cc15ad6cff81164660c13","Unknown","md.saad.sabir","Unassigned","New","normal","2026-06-25T05:49:14.386Z"
"undefined","6a3cc15ad6cff81164660c14","Unknown","shafreenmirza","Unassigned","New","normal","2026-06-25T05:49:14.587Z"
"undefined","6a3cc15ad6cff81164660c15","Unknown","asliirra","Unassigned","New","normal","2026-06-25T05:49:14.721Z"
"undefined","6a3cc15ad6cff81164660c16","Unknown","royal_.inamdar","Unassigned","New","normal","2026-06-25T05:49:14.856Z"
"undefined","6a3cc15ad6cff81164660c17","Unknown","mujaffar.io","Unassigned","New","normal","2026-06-25T05:49:14.989Z"
"undefined","6a3cc15bd6cff81164660c18","Unknown","sayyedowaisz","Unassigned","New","normal","2026-06-25T05:49:15.120Z"
"undefined","6a3cc15bd6cff81164660c1a","Unknown","soeb_er2000","Unassigned","New","normal","2026-06-25T05:49:15.428Z"
"undefined","6a3cc15bd6cff81164660c1b","Unknown","shaikhzakir444","Unassigned","New","normal","2026-06-25T05:49:15.573Z"
"undefined","6a3cc15bd6cff81164660c1d","Unknown","samsyedofficial","Unassigned","New","normal","2026-06-25T05:49:15.840Z"
"undefined","6a3cc15bd6cff81164660c1e","Unknown","tehseen6950","Unassigned","New","normal","2026-06-25T05:49:15.972Z"
"undefined","6a3cc15cd6cff81164660c1f","Unknown","najeebahamedmechinath","Unassigned","New","normal","2026-06-25T05:49:16.105Z"
"undefined","6a3cc15cd6cff81164660c20","Unknown","smile_like_rose","Unassigned","New","normal","2026-06-25T05:49:16.287Z"
"undefined","6a3cc15cd6cff81164660c21","Unknown","whynottzaqiii","Unassigned","New","normal","2026-06-25T05:49:16.478Z"
"undefined","6a3cc15cd6cff81164660c22","Unknown","azhar_tarique","Unassigned","New","normal","2026-06-25T05:49:16.659Z"
"undefined","6a3cc15cd6cff81164660c24","Unknown","mrimranshaikh137","Unassigned","New","normal","2026-06-25T05:49:16.927Z"
"undefined","6a3cc15dd6cff81164660c25","Unknown","muzammilbaig22","Unassigned","New","normal","2026-06-25T05:49:17.125Z"
"undefined","6a3cc15dd6cff81164660c26","Unknown","shaikariefali","Unassigned","New","normal","2026-06-25T05:49:17.257Z"
"undefined","6a3cc15dd6cff81164660c27","Unknown","yipatel92","Unassigned","New","normal","2026-06-25T05:49:17.390Z"
"undefined","6a3cc15dd6cff81164660c29","Unknown","21samirshekh","Unassigned","New","normal","2026-06-25T05:49:17.666Z"
"undefined","6a3cc15dd6cff81164660c2a","Unknown","shaikhhh_shoeb","Unassigned","New","normal","2026-06-25T05:49:17.846Z"
"undefined","6a3cc15ed6cff81164660c2b","Unknown","ess_safi","Unassigned","New","normal","2026-06-25T05:49:18.026Z"
"undefined","6a3cc15ed6cff81164660c2c","Unknown","mosin819","Unassigned","New","normal","2026-06-25T05:49:18.158Z"
"undefined","6a3cc15ed6cff81164660c2d","Unknown","sirajalisheikh","Unassigned","New","normal","2026-06-25T05:49:18.290Z"
"undefined","6a3cc15ed6cff81164660c2e","Unknown","khuriesh","Unassigned","New","normal","2026-06-25T05:49:18.431Z"
"undefined","6a3cc15ed6cff81164660c2f","Unknown","iamarshiyakhan","Unassigned","New","normal","2026-06-25T05:49:18.566Z"
"undefined","6a3cc15ed6cff81164660c30","Unknown","nabziilicious","Unassigned","New","normal","2026-06-25T05:49:18.746Z"
"undefined","6a3cc15ed6cff81164660c31","Unknown","salmathbaig","Unassigned","New","normal","2026-06-25T05:49:18.879Z"
"undefined","6a3cc15fd6cff81164660c33","Unknown","raajkhan27_","Unassigned","New","normal","2026-06-25T05:49:19.147Z"
"undefined","6a3cc15fd6cff81164660c34","Unknown","zikr_e_sukhan__000","Unassigned","New","normal","2026-06-25T05:49:19.286Z"
"undefined","6a3cc15fd6cff81164660c35","Unknown","its.hifza__","Unassigned","New","normal","2026-06-25T05:49:19.482Z"
"undefined","6a3cc15fd6cff81164660c36","Unknown","sehrish3192","Unassigned","New","normal","2026-06-25T05:49:19.617Z"
"undefined","6a3cc15fd6cff81164660c37","Unknown","aadil.k14","Unassigned","New","normal","2026-06-25T05:49:19.797Z"
"undefined","6a3cc15fd6cff81164660c38","Unknown","qwertyz506","Unassigned","New","normal","2026-06-25T05:49:19.929Z"
"undefined","6a3cc160d6cff81164660c39","Unknown","shadab.khann7655","Unassigned","New","normal","2026-06-25T05:49:20.063Z"
"undefined","6a3cc160d6cff81164660c3a","Unknown","wasim__194","Unassigned","New","normal","2026-06-25T05:49:20.195Z"
"undefined","6a3cc160d6cff81164660c3b","Unknown","nasir817khan","Unassigned","New","normal","2026-06-25T05:49:20.329Z"
"undefined","6a3cc160d6cff81164660c3d","Unknown","zafar_abdeen","Unassigned","New","normal","2026-06-25T05:49:20.605Z"
"undefined","6a3cc160d6cff81164660c3e","Unknown","aquibansari","Unassigned","New","normal","2026-06-25T05:49:20.741Z"
"undefined","6a3cc160d6cff81164660c3f","Unknown","ssadiqqq0001","Unassigned","New","normal","2026-06-25T05:49:20.878Z"
"undefined","6a3cc161d6cff81164660c41","Unknown","khalid00_007","Unassigned","New","normal","2026-06-25T05:49:21.189Z"
"undefined","6a3cc161d6cff81164660c42","Unknown","just.gosiya","Unassigned","New","normal","2026-06-25T05:49:21.377Z"
"undefined","6a3cc161d6cff81164660c43","Unknown","shaikh.ayan07","Unassigned","New","normal","2026-06-25T05:49:21.522Z"
"undefined","6a3cc161d6cff81164660c44","Unknown","_the_archon","Unassigned","New","normal","2026-06-25T05:49:21.724Z"
"undefined","6a3cc161d6cff81164660c45","Unknown","mohd.inaammalik","Unassigned","New","normal","2026-06-25T05:49:21.857Z"
"undefined","6a3cc161d6cff81164660c46","Unknown","_syedaatif","Unassigned","New","normal","2026-06-25T05:49:21.989Z"
"undefined","6a3cc162d6cff81164660c47","Unknown","thetravelworldnature","Unassigned","New","normal","2026-06-25T05:49:22.168Z"
"undefined","6a3cc162d6cff81164660c48","Unknown","ashu.shaikh.315","Unassigned","New","normal","2026-06-25T05:49:22.358Z"
"undefined","6a3cc162d6cff81164660c49","Unknown","nasir_alam_01","Unassigned","New","normal","2026-06-25T05:49:22.492Z"
"undefined","6a3cc162d6cff81164660c4a","Unknown","arslannawabsahab","Unassigned","New","normal","2026-06-25T05:49:22.634Z"
"undefined","6a3cc162d6cff81164660c4b","Unknown","mr.portfolio2104","Unassigned","New","normal","2026-06-25T05:49:22.769Z"
"undefined","6a3cc162d6cff81164660c4c","Unknown","the_goat_dx_xd","Unassigned","New","normal","2026-06-25T05:49:22.914Z"
"undefined","6a3cc163d6cff81164660c4d","Unknown","almastttttt_","Unassigned","New","normal","2026-06-25T05:49:23.047Z"
"undefined","6a3cc163d6cff81164660c4e","Unknown","andy.aka.clearnoize","Unassigned","New","normal","2026-06-25T05:49:23.226Z"
"undefined","6a3cc163d6cff81164660c4f","Unknown","call_me_alex_7x","Unassigned","New","normal","2026-06-25T05:49:23.414Z"
"undefined","6a3cc163d6cff81164660c50","Unknown","daanish.19","Unassigned","New","normal","2026-06-25T05:49:23.547Z"
"undefined","6a3cc163d6cff81164660c51","Unknown","faaz.pvttt","Unassigned","New","normal","2026-06-25T05:49:23.683Z"
"undefined","6a3cc163d6cff81164660c52","Unknown","thecop_backpacker","Unassigned","New","normal","2026-06-25T05:49:23.818Z"
"undefined","6a3cc163d6cff81164660c53","Unknown","parvez_iqbal78","Unassigned","New","normal","2026-06-25T05:49:23.950Z"
"undefined","6a3cc164d6cff81164660c54","Unknown","ameenjameel30","Unassigned","New","normal","2026-06-25T05:49:24.085Z"
"undefined","6a3cc164d6cff81164660c55","Unknown","faizaan_g_ur_u","Unassigned","New","normal","2026-06-25T05:49:24.220Z"
"undefined","6a3cc164d6cff81164660c57","Unknown","a.syedumar","Unassigned","New","normal","2026-06-25T05:49:24.529Z"
"undefined","6a3cc164d6cff81164660c58","Unknown","mr_medico_078","Unassigned","New","normal","2026-06-25T05:49:24.662Z"
"undefined","6a3cc164d6cff81164660c59","Unknown","deenkibaat752","Unassigned","New","normal","2026-06-25T05:49:24.801Z"
"undefined","6a3cc164d6cff81164660c5a","Unknown","iamabrarameen","Unassigned","New","normal","2026-06-25T05:49:24.976Z"
"undefined","6a3cc165d6cff81164660c5c","Unknown","huram725","Unassigned","New","normal","2026-06-25T05:49:25.242Z"
"undefined","6a3cc165d6cff81164660c5d","Unknown","sksaif1332","Unassigned","New","normal","2026-06-25T05:49:25.372Z"
"undefined","6a3cc165d6cff81164660c5e","Unknown","iamrj7775","Unassigned","New","normal","2026-06-25T05:49:25.508Z"
"undefined","6a3cc165d6cff81164660c5f","Unknown","cjzx15","Unassigned","New","normal","2026-06-25T05:49:25.640Z"
"undefined","6a3cc165d6cff81164660c60","Unknown","officialakbr","Unassigned","New","normal","2026-06-25T05:49:25.774Z"
"undefined","6a3cc165d6cff81164660c61","Unknown","sportskhabardaar","Unassigned","New","normal","2026-06-25T05:49:25.966Z"
"undefined","6a3cc166d6cff81164660c62","Unknown","_aseem_pasha","Unassigned","New","normal","2026-06-25T05:49:26.103Z"
"undefined","6a3cc166d6cff81164660c63","Unknown","fahim_q_07","Unassigned","New","normal","2026-06-25T05:49:26.240Z"
"undefined","6a3cc166d6cff81164660c64","Unknown","smilysamkhan","Unassigned","New","normal","2026-06-25T05:49:26.371Z"
"undefined","6a3cc166d6cff81164660c65","Unknown","unknown_x_boi6","Unassigned","New","normal","2026-06-25T05:49:26.504Z"
"undefined","6a3cc166d6cff81164660c66","Unknown","zeeshan8000","Unassigned","New","normal","2026-06-25T05:49:26.638Z"
"undefined","6a3cc166d6cff81164660c67","Unknown","_mamun__sikm_","Unassigned","New","normal","2026-06-25T05:49:26.771Z"
"undefined","6a3cc166d6cff81164660c68","Unknown","abdur_rouf2l","Unassigned","New","normal","2026-06-25T05:49:26.908Z"
"undefined","6a3cc167d6cff81164660c69","Unknown","yusuf.pasha1","Unassigned","New","normal","2026-06-25T05:49:27.038Z"
"undefined","6a3cc167d6cff81164660c6a","Unknown","jsiddqui","Unassigned","New","normal","2026-06-25T05:49:27.178Z"
"undefined","6a3cc167d6cff81164660c6b","Unknown","mnianam_11","Unassigned","New","normal","2026-06-25T05:49:27.316Z"
"undefined","6a3cc167d6cff81164660c6d","Unknown","umme9575","Unassigned","New","normal","2026-06-25T05:49:27.716Z"
"undefined","6a3cc167d6cff81164660c6e","Unknown","nadim_sayed123","Unassigned","New","normal","2026-06-25T05:49:27.905Z"
"undefined","6a3cc168d6cff81164660c6f","Unknown","tanveerkhurshid","Unassigned","New","normal","2026-06-25T05:49:28.044Z"
"undefined","6a3cc168d6cff81164660c70","Unknown","shaikhaatir","Unassigned","New","normal","2026-06-25T05:49:28.177Z"
"undefined","6a3cc168d6cff81164660c71","Unknown","shaikbasheerbasha96","Unassigned","New","normal","2026-06-25T05:49:28.311Z"
"undefined","6a3cc168d6cff81164660c72","Unknown","syed._.5174","Unassigned","New","normal","2026-06-25T05:49:28.443Z"
"undefined","6a3cc168d6cff81164660c73","Unknown","kotwalsikander","Unassigned","New","normal","2026-06-25T05:49:28.575Z"
"undefined","6a3cc168d6cff81164660c74","Unknown","aabidemam","Unassigned","New","normal","2026-06-25T05:49:28.718Z"
"undefined","6a3cc168d6cff81164660c75","Unknown","suheelpasha147","Unassigned","New","normal","2026-06-25T05:49:28.898Z"
"undefined","6a3cc169d6cff81164660c76","Unknown","hidden.ukht.0","Unassigned","New","normal","2026-06-25T05:49:29.075Z"
"undefined","6a3cc169d6cff81164660c77","Unknown","khanmohdnihalr","Unassigned","New","normal","2026-06-25T05:49:29.212Z"
"undefined","6a3cc169d6cff81164660c78","Unknown","saifi_5948","Unassigned","New","normal","2026-06-25T05:49:29.346Z"
"undefined","6a3cc169d6cff81164660c79","Unknown","ansarimaruf1993","Unassigned","New","normal","2026-06-25T05:49:29.510Z"
"undefined","6a3cc169d6cff81164660c7b","Unknown","_shaikh1257","Unassigned","New","normal","2026-06-25T05:49:29.852Z"
"undefined","6a3cc16ad6cff81164660c7c","Unknown","__muheet_","Unassigned","New","normal","2026-06-25T05:49:30.006Z"
"undefined","6a3cc16ad6cff81164660c7d","Unknown","abdulfarhan123","Unassigned","New","normal","2026-06-25T05:49:30.163Z"
"undefined","6a3cc16ad6cff81164660c7e","Unknown","saheerahmadkhanngp","Unassigned","New","normal","2026-06-25T05:49:30.798Z"
"undefined","6a3cc16bd6cff81164660c7f","Unknown","khan_here928","Unassigned","New","normal","2026-06-25T05:49:31.194Z"
"undefined","6a3cc16bd6cff81164660c80","Unknown","faizal_2232","Unassigned","New","normal","2026-06-25T05:49:31.445Z"
"undefined","6a3cc16bd6cff81164660c81","Unknown","ashique20","Unassigned","New","normal","2026-06-25T05:49:31.604Z"
"undefined","6a3cc16bd6cff81164660c82","Unknown","khalik_qureshi__","Unassigned","New","normal","2026-06-25T05:49:31.831Z"
"undefined","6a3cc16cd6cff81164660c83","Unknown","suhailnoor","Unassigned","New","normal","2026-06-25T05:49:32.092Z"
"undefined","6a3cc16cd6cff81164660c84","Unknown","justdo3727","Unassigned","New","normal","2026-06-25T05:49:32.358Z"
"undefined","6a3cc16cd6cff81164660c85","Unknown","crown__prinz","Unassigned","New","normal","2026-06-25T05:49:32.530Z"
"undefined","6a3cc16cd6cff81164660c86","Unknown","khaja_muneeb_uddin","Unassigned","New","normal","2026-06-25T05:49:32.757Z"
"undefined","6a3cc16dd6cff81164660c87","Unknown","faizal_rj01","Unassigned","New","normal","2026-06-25T05:49:33.014Z"
"undefined","6a3cc16dd6cff81164660c88","Unknown","mdmansoorrocks","Unassigned","New","normal","2026-06-25T05:49:33.279Z"
"undefined","6a3cc16dd6cff81164660c89","Unknown","ssydimran","Unassigned","New","normal","2026-06-25T05:49:33.447Z"
"undefined","6a3cc16dd6cff81164660c8a","Unknown","__mushum__","Unassigned","New","normal","2026-06-25T05:49:33.671Z"
"undefined","6a3cc170d6cff81164660c8b","Unknown","sahilnsfw","Unassigned","New","normal","2026-06-25T05:49:36.129Z"
"undefined","6a3cc170d6cff81164660c8c","Unknown","just_preparations","Unassigned","New","normal","2026-06-25T05:49:36.316Z"
"undefined","6a3cc170d6cff81164660c8d","Unknown","khuddparast","Unassigned","New","normal","2026-06-25T05:49:36.452Z"
"undefined","6a3cc170d6cff81164660c8e","Unknown","nashrah_baksh","Unassigned","New","normal","2026-06-25T05:49:36.586Z"
"undefined","6a3cc170d6cff81164660c8f","Unknown","breakingtoxic","Unassigned","New","normal","2026-06-25T05:49:36.776Z"
"undefined","6a3cc170d6cff81164660c90","Unknown","samiullasara22","Unassigned","New","normal","2026-06-25T05:49:36.912Z"
"undefined","6a3cc171d6cff81164660c91","Unknown","afham_.khan_","Unassigned","New","normal","2026-06-25T05:49:37.051Z"
"undefined","6a3cc171d6cff81164660c92","Unknown","anis_07._","Unassigned","New","normal","2026-06-25T05:49:37.245Z"
"undefined","6a3cc171d6cff81164660c93","Unknown","mehtab__ansari_","Unassigned","New","normal","2026-06-25T05:49:37.435Z"
"undefined","6a3cc171d6cff81164660c94","Unknown","kd_ajh","Unassigned","New","normal","2026-06-25T05:49:37.567Z"
"undefined","6a3cc171d6cff81164660c95","Unknown","sh___l_k__n","Unassigned","New","normal","2026-06-25T05:49:37.699Z"
"undefined","6a3cc171d6cff81164660c96","Unknown","syed.tabish.iqbal","Unassigned","New","normal","2026-06-25T05:49:37.829Z"
"undefined","6a3cc171d6cff81164660c97","Unknown","relentlessmusafir","Unassigned","New","normal","2026-06-25T05:49:37.960Z"
"undefined","6a3cc172d6cff81164660c98","Unknown","tabrezadam","Unassigned","New","normal","2026-06-25T05:49:38.092Z"
"undefined","6a3cc172d6cff81164660c99","Unknown","ashadmadni_","Unassigned","New","normal","2026-06-25T05:49:38.238Z"
"undefined","6a3cc172d6cff81164660c9a","Unknown","iamsaahil.shaikh","Unassigned","New","normal","2026-06-25T05:49:38.370Z"
"undefined","6a3cc172d6cff81164660c9b","Unknown","kashifshaikh3574","Unassigned","New","normal","2026-06-25T05:49:38.502Z"
"undefined","6a3cc172d6cff81164660c9c","Unknown","dqshu8","Unassigned","New","normal","2026-06-25T05:49:38.643Z"
"undefined","6a3cc172d6cff81164660c9d","Unknown","perfumesevryday","Unassigned","New","normal","2026-06-25T05:49:38.775Z"
"undefined","6a3cc172d6cff81164660c9e","Unknown","usernotavaillabllee","Unassigned","New","normal","2026-06-25T05:49:38.956Z"
"undefined","6a3cc173d6cff81164660c9f","Unknown","1moarfan","Unassigned","New","normal","2026-06-25T05:49:39.088Z"
"undefined","6a3cc173d6cff81164660ca0","Unknown","laraib3786","Unassigned","New","normal","2026-06-25T05:49:39.224Z"
"undefined","6a3cc173d6cff81164660ca1","Unknown","zaheen_shayda","Unassigned","New","normal","2026-06-25T05:49:39.356Z"
"undefined","6a3cc173d6cff81164660ca2","Unknown","aman_deep_singh012","Unassigned","New","normal","2026-06-25T05:49:39.489Z"
"undefined","6a3cc173d6cff81164660ca3","Unknown","abdulrasiq555","Unassigned","New","normal","2026-06-25T05:49:39.622Z"
"undefined","6a3cc173d6cff81164660ca4","Unknown","wheresminhaj","Unassigned","New","normal","2026-06-25T05:49:39.755Z"
"undefined","6a3cc173d6cff81164660ca5","Unknown","ashqrza_711","Unassigned","New","normal","2026-06-25T05:49:39.943Z"
"undefined","6a3cc174d6cff81164660ca6","Unknown","saadiyaaafreen","Unassigned","New","normal","2026-06-25T05:49:40.116Z"
"undefined","6a3cc174d6cff81164660ca7","Unknown","i_am_shariffaz","Unassigned","New","normal","2026-06-25T05:49:40.250Z"
"undefined","6a3cc174d6cff81164660ca8","Unknown","aquil.abdullah","Unassigned","New","normal","2026-06-25T05:49:40.384Z"
"undefined","6a3cc174d6cff81164660ca9","Unknown","shahyarbaz","Unassigned","New","normal","2026-06-25T05:49:40.567Z"
"undefined","6a3cc174d6cff81164660caa","Unknown","drnaufil_orthodontist","Unassigned","New","normal","2026-06-25T05:49:40.698Z"
"undefined","6a3cc174d6cff81164660cab","Unknown","azharbadsha10","Unassigned","New","hot","2026-06-25T05:49:40.890Z"
"undefined","6a3cc175d6cff81164660cac","Unknown","afrazullahkhn","Unassigned","New","normal","2026-06-25T05:49:41.026Z"
"undefined","6a3cc175d6cff81164660cad","Unknown","juned_thakor","Unassigned","New","normal","2026-06-25T05:49:41.159Z"
"undefined","6a3cc175d6cff81164660cae","Unknown","amaaanxn","Unassigned","New","normal","2026-06-25T05:49:41.293Z"
"undefined","6a3cc175d6cff81164660caf","Unknown","its_ha.jaa_","Unassigned","New","normal","2026-06-25T05:49:41.428Z"
"undefined","6a3cc175d6cff81164660cb0","Unknown","sagir.khan.963","Unassigned","New","normal","2026-06-25T05:49:41.558Z"
"undefined","6a3cc175d6cff81164660cb1","Unknown","m.f.akhtar","Unassigned","New","normal","2026-06-25T05:49:41.691Z"
"undefined","6a3cc175d6cff81164660cb2","Unknown","_q_u_a_a_l","Unassigned","New","normal","2026-06-25T05:49:41.865Z"
"undefined","6a3cc175d6cff81164660cb3","Unknown","ambreenbintumar29","Unassigned","New","normal","2026-06-25T05:49:41.995Z"
"undefined","6a3cc176d6cff81164660cb4","Unknown","molooiqbal","Unassigned","New","normal","2026-06-25T05:49:42.127Z"
"undefined","6a3cc176d6cff81164660cb5","Unknown","m3rc1y","Unassigned","New","normal","2026-06-25T05:49:42.259Z"
"undefined","6a3cc176d6cff81164660cb6","Unknown","mdqasif","Unassigned","New","normal","2026-06-25T05:49:42.391Z"
"undefined","6a3cc176d6cff81164660cb7","Unknown","faraz.f89","Unassigned","New","normal","2026-06-25T05:49:42.527Z"
"undefined","6a3cc176d6cff81164660cb8","Unknown","that_one_lone_wolf","Unassigned","New","normal","2026-06-25T05:49:42.703Z"
"undefined","6a3cc176d6cff81164660cb9","Unknown","shad_shaikh_","Unassigned","New","normal","2026-06-25T05:49:42.847Z"
"undefined","6a3cc177d6cff81164660cba","Unknown","ismailshaikhproperties","Unassigned","New","normal","2026-06-25T05:49:43.025Z"
"undefined","6a3cc177d6cff81164660cbb","Unknown","being_rajput_ali","Unassigned","New","normal","2026-06-25T05:49:43.158Z"
"undefined","6a3cc177d6cff81164660cbc","Unknown","shabuddin_sayed","Unassigned","New","normal","2026-06-25T05:49:43.300Z"
"undefined","6a3cc177d6cff81164660cbd","Unknown","lonel_y6570","Unassigned","New","normal","2026-06-25T05:49:43.480Z"
"undefined","6a3cc177d6cff81164660cbe","Unknown","riched722.2","Unassigned","New","normal","2026-06-25T05:49:43.610Z"
"undefined","6a3cc177d6cff81164660cbf","Unknown","nitinpa96","Unassigned","New","normal","2026-06-25T05:49:43.786Z"
"undefined","6a3cc177d6cff81164660cc0","Unknown","hey_itsmypvt","Unassigned","New","normal","2026-06-25T05:49:43.980Z"
"undefined","6a3cc178d6cff81164660cc1","Unknown","shane__ahmad","Unassigned","New","normal","2026-06-25T05:49:44.112Z"
"undefined","6a3cc178d6cff81164660cc2","Unknown","cafenoirheena","Unassigned","New","normal","2026-06-25T05:49:44.245Z"
"undefined","6a3cc178d6cff81164660cc3","Unknown","ahmed_shaikh040","Unassigned","New","normal","2026-06-25T05:49:44.376Z"
"undefined","6a3cc178d6cff81164660cc4","Unknown","youngblood_rizwan_abbas","Unassigned","New","normal","2026-06-25T05:49:44.509Z"
"undefined","6a3cc178d6cff81164660cc5","Unknown","arham_official_page","Unassigned","New","normal","2026-06-25T05:49:44.643Z"
"undefined","6a3cc178d6cff81164660cc6","Unknown","sahika1737","Unassigned","New","normal","2026-06-25T05:49:44.846Z"
"undefined","6a3cc178d6cff81164660cc7","Unknown","umme_saraa","Unassigned","New","normal","2026-06-25T05:49:44.995Z"
"undefined","6a3cc179d6cff81164660cc8","Unknown","syedimran21","Unassigned","New","normal","2026-06-25T05:49:45.136Z"
"undefined","6a3cc179d6cff81164660cc9","Unknown","mohd_suhail_8394","Unassigned","New","normal","2026-06-25T05:49:45.316Z"
"undefined","6a3cc179d6cff81164660cca","Unknown","inayatkhan.21","Unassigned","New","normal","2026-06-25T05:49:45.449Z"
"undefined","6a3cc179d6cff81164660ccb","Unknown","muzzuuu_09_","Unassigned","New","normal","2026-06-25T05:49:45.586Z"
"undefined","6a3cc179d6cff81164660ccc","Unknown","mr.srq","Unassigned","New","normal","2026-06-25T05:49:45.720Z"
"undefined","6a3cc179d6cff81164660ccd","Unknown","abd.ul.shu.kur","Unassigned","New","normal","2026-06-25T05:49:45.864Z"
"undefined","6a3cc179d6cff81164660cce","Unknown","_samia.1206","Unassigned","New","normal","2026-06-25T05:49:45.998Z"
"undefined","6a3cc17ad6cff81164660ccf","Unknown","thezakirkhan__","Unassigned","New","normal","2026-06-25T05:49:46.142Z"
"undefined","6a3cc17ad6cff81164660cd0","Unknown","uzairkhan_vr_46_","Unassigned","New","normal","2026-06-25T05:49:46.277Z"
"undefined","6a3cc17ad6cff81164660cd1","Unknown","maya010100m","Unassigned","New","normal","2026-06-25T05:49:46.472Z"
"undefined","6a3cc17ad6cff81164660cd2","Unknown","u_for__umar","Unassigned","New","normal","2026-06-25T05:49:46.699Z"
"undefined","6a3cc17ad6cff81164660cd3","Unknown","simplysana0","Unassigned","New","normal","2026-06-25T05:49:46.854Z"
"undefined","6a3cc17bd6cff81164660cd4","Unknown","hashmihassan65","Unassigned","New","normal","2026-06-25T05:49:47.000Z"
"undefined","6a3cc17bd6cff81164660cd6","Unknown","muqee.tkhan2022","Unassigned","New","normal","2026-06-25T05:49:47.282Z"
"undefined","6a3cc17bd6cff81164660cd7","Unknown","qudsishahin","Unassigned","New","normal","2026-06-25T05:49:47.415Z"
"undefined","6a3cc17bd6cff81164660cd8","Unknown","umaer_.khan","Unassigned","New","normal","2026-06-25T05:49:47.604Z"
"undefined","6a3cc17bd6cff81164660cd9","Unknown","baby.zunairah.2024","Unassigned","New","normal","2026-06-25T05:49:47.747Z"
"undefined","6a3cc17bd6cff81164660cda","Unknown","afreen_saddiq","Unassigned","New","normal","2026-06-25T05:49:47.885Z"
"undefined","6a3cc17cd6cff81164660cdc","Unknown","allyz999","Unassigned","New","normal","2026-06-25T05:49:48.156Z"
"undefined","6a3cc17cd6cff81164660cdd","Unknown","shoeb__ali","Unassigned","New","normal","2026-06-25T05:49:48.295Z"
"undefined","6a3cc17cd6cff81164660cde","Unknown","junaid_ansari93","Unassigned","New","normal","2026-06-25T05:49:48.438Z"
"undefined","6a3cc17cd6cff81164660cdf","Unknown","md_ali_87","Unassigned","New","normal","2026-06-25T05:49:48.573Z"
"undefined","6a3cc17cd6cff81164660ce0","Unknown","ariza_jamil","Unassigned","New","normal","2026-06-25T05:49:48.846Z"
"undefined","6a3cc17cd6cff81164660ce1","Unknown","4usaf","Unassigned","New","normal","2026-06-25T05:49:48.982Z"
"undefined","6a3cc17dd6cff81164660ce2","Unknown","sma.930821","Unassigned","New","normal","2026-06-25T05:49:49.120Z"
"undefined","6a3cc17dd6cff81164660ce4","Unknown","nadeemshaikh3295","Unassigned","New","normal","2026-06-25T05:49:49.386Z"
"undefined","6a3cc17dd6cff81164660ce5","Unknown","zubair.vibes","Unassigned","New","normal","2026-06-25T05:49:49.523Z"
"undefined","6a3cc17dd6cff81164660ce6","Unknown","mr_nazeem_678","Unassigned","New","normal","2026-06-25T05:49:49.656Z"
"undefined","6a3cc17dd6cff81164660ce7","Unknown","mariyam.khan8420","Unassigned","New","normal","2026-06-25T05:49:49.789Z"
"undefined","6a3cc17dd6cff81164660ce8","Unknown","ariz2_0","Unassigned","New","normal","2026-06-25T05:49:49.923Z"
"undefined","6a3cc17ed6cff81164660ce9","Unknown","mikail_pawarsince1998","Unassigned","New","normal","2026-06-25T05:49:50.141Z"
"undefined","6a3cc17ed6cff81164660ceb","Unknown","its_abid_002","Unassigned","New","normal","2026-06-25T05:49:50.407Z"
"undefined","6a3cc17ed6cff81164660cec","Unknown","faiz9699","Unassigned","New","normal","2026-06-25T05:49:50.541Z"
"undefined","6a3cc17ed6cff81164660ced","Unknown","arman_4uh","Unassigned","New","normal","2026-06-25T05:49:50.729Z"
"undefined","6a3cc17ed6cff81164660cee","Unknown","faizi_md_007","Unassigned","New","normal","2026-06-25T05:49:50.863Z"
"undefined","6a3cc17ed6cff81164660cef","Unknown","azeemqureshiiii","Unassigned","New","normal","2026-06-25T05:49:50.994Z"
"undefined","6a3cc17fd6cff81164660cf1","Unknown","stocktrader_008","Unassigned","New","normal","2026-06-25T05:49:51.260Z"
"undefined","6a3cc17fd6cff81164660cf2","Unknown","tauhid_syed","Unassigned","New","normal","2026-06-25T05:49:51.391Z"
"undefined","6a3cc17fd6cff81164660cf3","Unknown","jamkhandinabhi","Unassigned","New","normal","2026-06-25T05:49:51.523Z"
"undefined","6a3cc17fd6cff81164660cf4","Unknown","mohd_roshan.7","Unassigned","New","normal","2026-06-25T05:49:51.673Z"
"undefined","6a3cc17fd6cff81164660cf5","Unknown","uvesh_shakeel_al_aleem_","Unassigned","New","normal","2026-06-25T05:49:51.806Z"
"undefined","6a3cc17fd6cff81164660cf6","Unknown","m.zee_shanmirza","Unassigned","New","normal","2026-06-25T05:49:51.942Z"
"undefined","6a3cc180d6cff81164660cf7","Unknown","shamim_stud","Unassigned","New","normal","2026-06-25T05:49:52.075Z"
"undefined","6a3cc180d6cff81164660cf8","Unknown","farhanworldwide","Unassigned","New","normal","2026-06-25T05:49:52.207Z"
"undefined","6a3cc180d6cff81164660cf9","Unknown","be.like.bushra","Unassigned","New","normal","2026-06-25T05:49:52.339Z"
"undefined","6a3cc180d6cff81164660cfa","Unknown","safiyyaa5.h","Unassigned","New","normal","2026-06-25T05:49:52.478Z"
"undefined","6a3cc180d6cff81164660cfb","Unknown","umar_shamsi__","Unassigned","New","normal","2026-06-25T05:49:52.619Z"
"undefined","6a3cc180d6cff81164660cfc","Unknown","bashazad","Unassigned","New","normal","2026-06-25T05:49:52.755Z"
"undefined","6a3cc180d6cff81164660cfd","Unknown","shadab.shaa","Unassigned","New","normal","2026-06-25T05:49:52.887Z"
"undefined","6a3cc181d6cff81164660cfe","Unknown","smoky_liha","Unassigned","New","normal","2026-06-25T05:49:53.020Z"
"undefined","6a3cc181d6cff81164660cff","Unknown","yaaraelnaz","Unassigned","New","normal","2026-06-25T05:49:53.205Z"
"undefined","6a3cc181d6cff81164660d00","Unknown","donotconcern","Unassigned","New","normal","2026-06-25T05:49:53.338Z"
"undefined","6a3cc181d6cff81164660d01","Unknown","lakshyaheen","Unassigned","New","normal","2026-06-25T05:49:53.484Z"
"undefined","6a3cc181d6cff81164660d02","Unknown","mj_dustar","Unassigned","New","normal","2026-06-25T05:49:53.621Z"
"undefined","6a3cc181d6cff81164660d03","Unknown","imdnavedsk","Unassigned","New","normal","2026-06-25T05:49:53.755Z"
"undefined","6a3cc181d6cff81164660d04","Unknown","saifuddinasad","Unassigned","New","normal","2026-06-25T05:49:53.888Z"
"undefined","6a3cc182d6cff81164660d05","Unknown","irshad.ali14","Unassigned","New","normal","2026-06-25T05:49:54.023Z"
"undefined","6a3cc182d6cff81164660d06","Unknown","inayat2817","Unassigned","New","normal","2026-06-25T05:49:54.160Z"
"undefined","6a3cc182d6cff81164660d07","Unknown","aa2rizz","Unassigned","New","normal","2026-06-25T05:49:54.293Z"
"undefined","6a3cc182d6cff81164660d08","Unknown","saqib_fahim","Unassigned","New","normal","2026-06-25T05:49:54.477Z"
"undefined","6a3cc182d6cff81164660d09","Unknown","warmwhisper_","Unassigned","New","normal","2026-06-25T05:49:54.612Z"
"undefined","6a3cc182d6cff81164660d0a","Unknown","6_officialfahad_9","Unassigned","New","normal","2026-06-25T05:49:54.748Z"
"undefined","6a3cc182d6cff81164660d0b","Unknown","faroze_ahmed","Unassigned","New","normal","2026-06-25T05:49:54.883Z"
"undefined","6a3cc183d6cff81164660d0c","Unknown","shakibhashmi","Unassigned","New","normal","2026-06-25T05:49:55.069Z"
"undefined","6a3cc183d6cff81164660d0d","Unknown","x_devil_7071","Unassigned","New","normal","2026-06-25T05:49:55.203Z"
"undefined","6a3cc183d6cff81164660d0e","Unknown","thenazminpatel","Unassigned","New","normal","2026-06-25T05:49:55.340Z"
"undefined","6a3cc183d6cff81164660d0f","Unknown","cosmic.sahil","Unassigned","New","normal","2026-06-25T05:49:55.478Z"
"undefined","6a3cc183d6cff81164660d10","Unknown","alfaizmemon778","Unassigned","New","normal","2026-06-25T05:49:55.615Z"
"undefined","6a3cc183d6cff81164660d11","Unknown","altamash____15","Unassigned","New","normal","2026-06-25T05:49:55.756Z"
"undefined","6a3cc183d6cff81164660d12","Unknown","its_zefiam","Unassigned","New","normal","2026-06-25T05:49:55.951Z"
"undefined","6a3cc184d6cff81164660d13","Unknown","amzamjad","Unassigned","New","normal","2026-06-25T05:49:56.087Z"
"undefined","6a3cc184d6cff81164660d14","Unknown","mahaboob_bhai_12","Unassigned","New","normal","2026-06-25T05:49:56.266Z"
"undefined","6a3cc184d6cff81164660d15","Unknown","yngg.shotta","Unassigned","New","normal","2026-06-25T05:49:56.401Z"
"undefined","6a3cc184d6cff81164660d16","Unknown","sirnawzar","Unassigned","New","normal","2026-06-25T05:49:56.534Z"
"undefined","6a3cc184d6cff81164660d17","Unknown","rishalqureshii","Unassigned","New","normal","2026-06-25T05:49:56.667Z"
"undefined","6a3cc184d6cff81164660d18","Unknown","lyrical_post2","Unassigned","New","normal","2026-06-25T05:49:56.801Z"
"undefined","6a3cc184d6cff81164660d19","Unknown","turgut1775","Unassigned","New","normal","2026-06-25T05:49:56.942Z"
"undefined","6a3cc185d6cff81164660d1a","Unknown","sahil_khan4646","Unassigned","New","normal","2026-06-25T05:49:57.121Z"
"undefined","6a3cc185d6cff81164660d1b","Unknown","junaid_mj_22","Unassigned","New","normal","2026-06-25T05:49:57.253Z"
"undefined","6a3cc185d6cff81164660d1c","Unknown","aarish_gori00","Unassigned","New","normal","2026-06-25T05:49:57.396Z"
"undefined","6a3cc185d6cff81164660d1d","Unknown","takerr3379","Unassigned","New","normal","2026-06-25T05:49:57.532Z"
"undefined","6a3cc185d6cff81164660d1e","Unknown","vasimpasha","Unassigned","New","normal","2026-06-25T05:49:57.665Z"
"undefined","6a3cc185d6cff81164660d1f","Unknown","oberoi_sir","Unassigned","New","normal","2026-06-25T05:49:57.805Z"
"undefined","6a3cc185d6cff81164660d20","Unknown","arshad.diaries","Unassigned","New","normal","2026-06-25T05:49:57.954Z"
"undefined","6a3cc186d6cff81164660d21","Unknown","tabyarsh","Unassigned","New","normal","2026-06-25T05:49:58.088Z"
"undefined","6a3cc186d6cff81164660d22","Unknown","mohsin_moulvi18","Unassigned","New","normal","2026-06-25T05:49:58.279Z"
"undefined","6a3cc186d6cff81164660d23","Unknown","alienwhispers","Unassigned","New","normal","2026-06-25T05:49:58.416Z"
"undefined","6a3cc186d6cff81164660d24","Unknown","rahmanshamshul","Unassigned","New","normal","2026-06-25T05:49:58.556Z"
"undefined","6a3cc186d6cff81164660d25","Unknown","atifkhan786790","Unassigned","New","normal","2026-06-25T05:49:58.704Z"
"undefined","6a3cc186d6cff81164660d26","Unknown","riyashussain57","Unassigned","New","normal","2026-06-25T05:49:58.837Z"
"undefined","6a3cc187d6cff81164660d27","Unknown","ziaahamed130","Unassigned","New","normal","2026-06-25T05:49:59.016Z"
"undefined","6a3cc187d6cff81164660d28","Unknown","tausifkhan1132","Unassigned","New","normal","2026-06-25T05:49:59.147Z"
"undefined","6a3cc187d6cff81164660d29","Unknown","__sabbir__bhadarka","Unassigned","New","normal","2026-06-25T05:49:59.335Z"
"undefined","6a3cc187d6cff81164660d2a","Unknown","adv.shoebkhan","Unassigned","New","normal","2026-06-25T05:49:59.466Z"
"undefined","6a3cc187d6cff81164660d2b","Unknown","i_am_imranali","Unassigned","New","normal","2026-06-25T05:49:59.598Z"
"undefined","6a3cc187d6cff81164660d2c","Unknown","shady_8916","Unassigned","New","normal","2026-06-25T05:49:59.732Z"
"undefined","6a3cc187d6cff81164660d2d","Unknown","enviroplex","Unassigned","New","normal","2026-06-25T05:49:59.865Z"
"undefined","6a3cc188d6cff81164660d2e","Unknown","its_sahil_ali.2005","Unassigned","New","normal","2026-06-25T05:50:00.056Z"
"undefined","6a3cc188d6cff81164660d2f","Unknown","__anas_kun__","Unassigned","New","normal","2026-06-25T05:50:00.187Z"
"undefined","6a3cc188d6cff81164660d30","Unknown","peacefullifeisway","Unassigned","New","normal","2026-06-25T05:50:00.319Z"
"undefined","6a3cc188d6cff81164660d31","Unknown","neverbeast25","Unassigned","New","normal","2026-06-25T05:50:00.494Z"
"undefined","6a3cc188d6cff81164660d32","Unknown","iamsjk.26","Unassigned","New","normal","2026-06-25T05:50:00.627Z"
"undefined","6a3cc188d6cff81164660d33","Unknown","ikram.rajput0","Unassigned","New","normal","2026-06-25T05:50:00.762Z"
"undefined","6a3cc188d6cff81164660d34","Unknown","saifshaikh1916","Unassigned","New","normal","2026-06-25T05:50:00.900Z"
"undefined","6a3cc189d6cff81164660d35","Unknown","theiron_fury","Unassigned","New","normal","2026-06-25T05:50:01.086Z"
"undefined","6a3cc189d6cff81164660d36","Unknown","imran_6mansuri","Unassigned","New","normal","2026-06-25T05:50:01.223Z"
"undefined","6a3cc189d6cff81164660d37","Unknown","fxrdeenzzz","Unassigned","New","normal","2026-06-25T05:50:01.369Z"
"undefined","6a3cc189d6cff81164660d38","Unknown","ayyan__06","Unassigned","New","normal","2026-06-25T05:50:01.511Z"
"undefined","6a3cc189d6cff81164660d39","Unknown","ayub_zone","Unassigned","New","normal","2026-06-25T05:50:01.687Z"
"undefined","6a3cc189d6cff81164660d3a","Unknown","emm_faizy","Unassigned","New","normal","2026-06-25T05:50:01.865Z"
"undefined","6a3cc18ad6cff81164660d3b","Unknown","yahyashaikh_26","Unassigned","New","normal","2026-06-25T05:50:02.046Z"
"undefined","6a3cc18ad6cff81164660d3c","Unknown","saddam371990","Unassigned","New","normal","2026-06-25T05:50:02.179Z"
"undefined","6a3cc18ad6cff81164660d3d","Unknown","eqbal_hussain_nayyer","Unassigned","New","normal","2026-06-25T05:50:02.356Z"
"undefined","6a3cc18ad6cff81164660d3e","Unknown","memon.afroz","Unassigned","New","normal","2026-06-25T05:50:02.537Z"
"undefined","6a3cc18ad6cff81164660d3f","Unknown","naquinoumankhan","Unassigned","New","normal","2026-06-25T05:50:02.675Z"
"undefined","6a3cc18ad6cff81164660d40","Unknown","imirshadali","Unassigned","New","normal","2026-06-25T05:50:02.810Z"
"undefined","6a3cc18ad6cff81164660d41","Unknown","__edit__boy_01","Unassigned","New","normal","2026-06-25T05:50:02.952Z"
"undefined","6a3cc18bd6cff81164660d42","Unknown","urdabahsin","Unassigned","New","normal","2026-06-25T05:50:03.084Z"
"undefined","6a3cc18bd6cff81164660d43","Unknown","shaquib.ali","Unassigned","New","normal","2026-06-25T05:50:03.233Z"
"undefined","6a3cc18bd6cff81164660d44","Unknown","sd.7yk","Unassigned","New","normal","2026-06-25T05:50:03.367Z"
"undefined","6a3cc18bd6cff81164660d45","Unknown","muneeb.rahmani","Unassigned","New","normal","2026-06-25T05:50:03.554Z"
"undefined","6a3cc18bd6cff81164660d46","Unknown","ab.waseeeee","Unassigned","New","normal","2026-06-25T05:50:03.691Z"
"undefined","6a3cc18bd6cff81164660d48","Unknown","shahrukhqureshi7426","Unassigned","New","normal","2026-06-25T05:50:03.996Z"
"undefined","6a3cc18cd6cff81164660d49","Unknown","areeeeeebbbb","Unassigned","New","normal","2026-06-25T05:50:04.127Z"
"undefined","6a3cc18cd6cff81164660d4a","Unknown","arshil_rangrez","Unassigned","New","normal","2026-06-25T05:50:04.259Z"
"undefined","6a3cc18cd6cff81164660d4b","Unknown","mohammadsaqib2a","Unassigned","New","normal","2026-06-25T05:50:04.393Z"
"undefined","6a3cc18cd6cff81164660d4d","Unknown","naeem_95_01","Unassigned","New","normal","2026-06-25T05:50:04.667Z"
"undefined","6a3cc18cd6cff81164660d4e","Unknown","peshawar_001","Unassigned","New","normal","2026-06-25T05:50:04.845Z"
"undefined","6a3cc18cd6cff81164660d4f","Unknown","itsokshams","Unassigned","New","normal","2026-06-25T05:50:04.977Z"
"undefined","6a3cc18dd6cff81164660d50","Unknown","abdulkhadar_shaik001","Unassigned","New","normal","2026-06-25T05:50:05.112Z"
"undefined","6a3cc18dd6cff81164660d51","Unknown","shahab9096","Unassigned","New","normal","2026-06-25T05:50:05.244Z"
"undefined","6a3cc18dd6cff81164660d52","Unknown","sartajsaifi100","Unassigned","New","normal","2026-06-25T05:50:05.376Z"
"undefined","6a3cc18dd6cff81164660d54","Unknown","sk7ahmed","Unassigned","New","normal","2026-06-25T05:50:05.642Z"
"undefined","6a3cc18dd6cff81164660d55","Unknown","as_if_knows","Unassigned","New","normal","2026-06-25T05:50:05.776Z"
"undefined","6a3cc18dd6cff81164660d56","Unknown","abu_zaid_official","Unassigned","New","normal","2026-06-25T05:50:05.910Z"
"undefined","6a3cc18ed6cff81164660d57","Unknown","rashidselot","Unassigned","New","normal","2026-06-25T05:50:06.044Z"
"undefined","6a3cc18ed6cff81164660d58","Unknown","sayed_aliasghar10","Unassigned","New","normal","2026-06-25T05:50:06.176Z"
"undefined","6a3cc18ed6cff81164660d59","Unknown","imranalisayed27","Unassigned","New","normal","2026-06-25T05:50:06.320Z"
"undefined","6a3cc18ed6cff81164660d5a","Unknown","mr.rayrif_bro","Unassigned","New","normal","2026-06-25T05:50:06.453Z"
"undefined","6a3cc18ed6cff81164660d5c","Unknown","rihan.tamboli_","Unassigned","New","normal","2026-06-25T05:50:06.723Z"
"undefined","6a3cc18ed6cff81164660d5d","Unknown","groovy_hombre","Unassigned","New","normal","2026-06-25T05:50:06.904Z"
"undefined","6a3cc18fd6cff81164660d5e","Unknown","drzeba_shaheen","Unassigned","New","normal","2026-06-25T05:50:07.050Z"
"undefined","6a3cc18fd6cff81164660d5f","Unknown","mdsadiqsalam","Unassigned","New","normal","2026-06-25T05:50:07.225Z"
"undefined","6a3cc18fd6cff81164660d60","Unknown","md_mirza_21","Unassigned","New","normal","2026-06-25T05:50:07.357Z"
"undefined","6a3cc18fd6cff81164660d61","Unknown","shahzukhkhan","Unassigned","New","normal","2026-06-25T05:50:07.489Z"
"undefined","6a3cc18fd6cff81164660d62","Unknown","afreeth_rahman","Unassigned","New","normal","2026-06-25T05:50:07.620Z"
"undefined","6a3cc18fd6cff81164660d63","Unknown","arshizaman","Unassigned","New","normal","2026-06-25T05:50:07.752Z"
"undefined","6a3cc18fd6cff81164660d64","Unknown","ansari.md.nayeem","Unassigned","New","normal","2026-06-25T05:50:07.884Z"
"undefined","6a3cc190d6cff81164660d65","Unknown","akhil_ashok_al","Unassigned","New","normal","2026-06-25T05:50:08.017Z"
"undefined","6a3cc190d6cff81164660d66","Unknown","riyaanabdul14","Unassigned","New","normal","2026-06-25T05:50:08.195Z"
"undefined","6a3cc190d6cff81164660d67","Unknown","aftab_2602","Unassigned","New","normal","2026-06-25T05:50:08.375Z"
"undefined","6a3cc190d6cff81164660d68","Unknown","atsuhailz","Unassigned","New","normal","2026-06-25T05:50:08.506Z"
"undefined","6a3cc190d6cff81164660d69","Unknown","jahbaazkhan","Unassigned","New","normal","2026-06-25T05:50:08.637Z"
"undefined","6a3cc190d6cff81164660d6a","Unknown","khurafati.dimag__","Unassigned","New","normal","2026-06-25T05:50:08.779Z"
"undefined","6a3cc190d6cff81164660d6b","Unknown","thousifxahamed","Unassigned","New","normal","2026-06-25T05:50:08.921Z"
"undefined","6a3cc191d6cff81164660d6c","Unknown","theaqibehassan","Unassigned","New","normal","2026-06-25T05:50:09.112Z"
"undefined","6a3cc191d6cff81164660d6d","Unknown","mudassirsait","Unassigned","New","normal","2026-06-25T05:50:09.309Z"
"undefined","6a3cc191d6cff81164660d6e","Unknown","sdotqurexhi","Unassigned","New","normal","2026-06-25T05:50:09.443Z"
"undefined","6a3cc191d6cff81164660d6f","Unknown","itz_kaiffu_10","Unassigned","New","normal","2026-06-25T05:50:09.576Z"
"undefined","6a3cc191d6cff81164660d70","Unknown","ansari.sahab.zishan","Unassigned","New","normal","2026-06-25T05:50:09.711Z"
"undefined","6a3cc191d6cff81164660d71","Unknown","amrin_kadri_saiyed","Unassigned","New","normal","2026-06-25T05:50:09.854Z"
"undefined","6a3cc191d6cff81164660d72","Unknown","alayra.rehman","Unassigned","New","normal","2026-06-25T05:50:09.988Z"
"undefined","6a3cc192d6cff81164660d73","Unknown","aahilllahmad","Unassigned","New","normal","2026-06-25T05:50:10.124Z"
"undefined","6a3cc192d6cff81164660d74","Unknown","owesh_noor","Unassigned","New","normal","2026-06-25T05:50:10.254Z"
"undefined","6a3cc192d6cff81164660d75","Unknown","snow_en_wonderland","Unassigned","New","normal","2026-06-25T05:50:10.446Z"
"undefined","6a3cc192d6cff81164660d76","Unknown","husainrizvi10","Unassigned","New","normal","2026-06-25T05:50:10.581Z"
"undefined","6a3cc192d6cff81164660d77","Unknown","i_m_z.a.i.d","Unassigned","New","normal","2026-06-25T05:50:10.755Z"
"undefined","6a3cc192d6cff81164660d78","Unknown","memanzishan28","Unassigned","New","normal","2026-06-25T05:50:10.934Z"
"undefined","6a3cc193d6cff81164660d7a","Unknown","kismatmalpekarofficial","Unassigned","New","normal","2026-06-25T05:50:11.210Z"
"undefined","6a3cc193d6cff81164660d7b","Unknown","shahnawaz_khan_26","Unassigned","New","normal","2026-06-25T05:50:11.384Z"
"undefined","6a3cc193d6cff81164660d7c","Unknown","sanaullah.39","Unassigned","New","normal","2026-06-25T05:50:11.570Z"
"undefined","6a3cc193d6cff81164660d7d","Unknown","ayub1491","Unassigned","New","normal","2026-06-25T05:50:11.745Z"
"undefined","6a3cc193d6cff81164660d7e","Unknown","youraiengineer","Unassigned","New","normal","2026-06-25T05:50:11.887Z"
"undefined","6a3cc194d6cff81164660d7f","Unknown","5ad0f","Unassigned","New","normal","2026-06-25T05:50:12.020Z"
"undefined","6a3cc194d6cff81164660d80","Unknown","ai___alfiya","Unassigned","New","normal","2026-06-25T05:50:12.204Z"
"undefined","6a3cc194d6cff81164660d81","Unknown","gausiaadoni","Unassigned","New","normal","2026-06-25T05:50:12.336Z"
"undefined","6a3cc194d6cff81164660d82","Unknown","sir_maroof","Unassigned","New","normal","2026-06-25T05:50:12.468Z"
"undefined","6a3cc194d6cff81164660d83","Unknown","imamnaiyyar","Unassigned","New","normal","2026-06-25T05:50:12.645Z"
"undefined","6a3cc194d6cff81164660d84","Unknown","meer_hussain__khan","Unassigned","New","normal","2026-06-25T05:50:12.803Z"
"undefined","6a3cc194d6cff81164660d85","Unknown","azzu0077","Unassigned","New","normal","2026-06-25T05:50:12.934Z"
"undefined","6a3cc195d6cff81164660d86","Unknown","saifullah2423","Unassigned","New","normal","2026-06-25T05:50:13.355Z"
"undefined","6a3cc195d6cff81164660d87","Unknown","mr.digitalfiroz","Unassigned","New","normal","2026-06-25T05:50:13.489Z"
"undefined","6a3cc195d6cff81164660d88","Unknown","farhatani2706","Unassigned","New","normal","2026-06-25T05:50:13.623Z"
"undefined","6a3cc195d6cff81164660d89","Unknown","suhel__khan","Unassigned","New","normal","2026-06-25T05:50:13.778Z"
"undefined","6a3cc195d6cff81164660d8a","Unknown","faiconomics2010","Unassigned","New","normal","2026-06-25T05:50:13.986Z"
"undefined","6a3cc196d6cff81164660d8b","Unknown","sarfaraz3430","Unassigned","New","normal","2026-06-25T05:50:14.122Z"
"undefined","6a3cc196d6cff81164660d8c","Unknown","im_drtokibpt","Unassigned","New","normal","2026-06-25T05:50:14.255Z"
"undefined","6a3cc196d6cff81164660d8d","Unknown","am_vicky01","Unassigned","New","normal","2026-06-25T05:50:14.440Z"
"undefined","6a3cc196d6cff81164660d8e","Unknown","afreen_0876","Unassigned","New","normal","2026-06-25T05:50:14.577Z"
"undefined","6a3cc196d6cff81164660d8f","Unknown","farhanibrahim5465","Unassigned","New","normal","2026-06-25T05:50:14.714Z"
"undefined","6a3cc196d6cff81164660d90","Unknown","naeem_rafeeque","Unassigned","New","normal","2026-06-25T05:50:14.849Z"
"undefined","6a3cc196d6cff81164660d91","Unknown","ahmeds_0384","Unassigned","New","normal","2026-06-25T05:50:14.984Z"
"undefined","6a3cc197d6cff81164660d92","Unknown","sk.io7","Unassigned","New","normal","2026-06-25T05:50:15.118Z"
"undefined","6a3cc197d6cff81164660d93","Unknown","_its.alone_24","Unassigned","New","normal","2026-06-25T05:50:15.296Z"
"undefined","6a3cc197d6cff81164660d94","Unknown","samirmuni86","Unassigned","New","normal","2026-06-25T05:50:15.437Z"
"undefined","6a3cc197d6cff81164660d95","Unknown","kum.aripayal","Unassigned","New","normal","2026-06-25T05:50:15.571Z"
"undefined","6a3cc197d6cff81164660d96","Unknown","abeer_siddiqui_02","Unassigned","New","normal","2026-06-25T05:50:15.716Z"
"undefined","6a3cc197d6cff81164660d97","Unknown","iammalaang","Unassigned","New","normal","2026-06-25T05:50:15.862Z"
"undefined","6a3cc198d6cff81164660d98","Unknown","horse.8915060","Unassigned","New","normal","2026-06-25T05:50:16.001Z"
"undefined","6a3cc198d6cff81164660d99","Unknown","gooffy183","Unassigned","New","normal","2026-06-25T05:50:16.186Z"
"undefined","6a3cc198d6cff81164660d9a","Unknown","faridsay_hi","Unassigned","New","normal","2026-06-25T05:50:16.323Z"
"undefined","6a3cc198d6cff81164660d9b","Unknown","khan_abdul_rehman_official","Unassigned","New","normal","2026-06-25T05:50:16.454Z"
"undefined","6a3cc198d6cff81164660d9c","Unknown","muhamadh_aman","Unassigned","New","normal","2026-06-25T05:50:16.605Z"
"undefined","6a3cc198d6cff81164660d9d","Unknown","_mr_nooh_","Unassigned","New","normal","2026-06-25T05:50:16.739Z"
"undefined","6a3cc199d6cff81164660d9f","Unknown","shaikh_aftab13","Unassigned","New","normal","2026-06-25T05:50:17.032Z"
"undefined","6a3cc199d6cff81164660da0","Unknown","masehjah","Unassigned","New","normal","2026-06-25T05:50:17.236Z"
"undefined","6a3cc199d6cff81164660da1","Unknown","aadilrangrej92","Unassigned","New","normal","2026-06-25T05:50:17.368Z"
"undefined","6a3cc199d6cff81164660da2","Unknown","mister_jasoom10","Unassigned","New","normal","2026-06-25T05:50:17.503Z"
"undefined","6a3cc199d6cff81164660da3","Unknown","syedaaqib10","Unassigned","New","normal","2026-06-25T05:50:17.637Z"
"undefined","6a3cc199d6cff81164660da4","Unknown","choudharyfakhra","Unassigned","New","normal","2026-06-25T05:50:17.771Z"
"undefined","6a3cc199d6cff81164660da5","Unknown","humera_saif_","Unassigned","New","normal","2026-06-25T05:50:17.905Z"
"undefined","6a3cc19ad6cff81164660da6","Unknown","i_am_waj7d","Unassigned","New","normal","2026-06-25T05:50:18.040Z"
"undefined","6a3cc19ad6cff81164660da7","Unknown","sherani__aman","Unassigned","New","normal","2026-06-25T05:50:18.173Z"
"undefined","6a3cc19ad6cff81164660da8","Unknown","jamal_shadab","Unassigned","New","normal","2026-06-25T05:50:18.365Z"
"undefined","6a3cc19ad6cff81164660da9","Unknown","naziya.sharif8000","Unassigned","New","normal","2026-06-25T05:50:18.500Z"
"undefined","6a3cc19ad6cff81164660daa","Unknown","notsoperfect_ayaz","Unassigned","New","normal","2026-06-25T05:50:18.677Z"
"undefined","6a3cc19ad6cff81164660dab","Unknown","zaynulhashmi","Unassigned","New","normal","2026-06-25T05:50:18.955Z"
"undefined","6a3cc19bd6cff81164660dac","Unknown","sayed_maroof_mukarram","Unassigned","New","normal","2026-06-25T05:50:19.087Z"
"undefined","6a3cc19bd6cff81164660dad","Unknown","uwaischauhan_22","Unassigned","New","normal","2026-06-25T05:50:19.221Z"
"undefined","6a3cc19bd6cff81164660dae","Unknown","asif.iqbal24","Unassigned","New","normal","2026-06-25T05:50:19.353Z"
"undefined","6a3cc19bd6cff81164660db0","Unknown","toufik_qureshi","Unassigned","New","normal","2026-06-25T05:50:19.685Z"
"undefined","6a3cc19bd6cff81164660db1","Unknown","professor__beggar","Unassigned","New","normal","2026-06-25T05:50:19.820Z"
"undefined","6a3cc19bd6cff81164660db2","Unknown","salman_sait_23","Unassigned","New","normal","2026-06-25T05:50:19.953Z"
"undefined","6a3cc19cd6cff81164660db3","Unknown","mannkibaa.t","Unassigned","New","normal","2026-06-25T05:50:20.135Z"
"undefined","6a3cc19cd6cff81164660db4","Unknown","sohailchauhan21","Unassigned","New","normal","2026-06-25T05:50:20.271Z"
"undefined","6a3cc19cd6cff81164660db5","Unknown","zaid_ti","Unassigned","New","normal","2026-06-25T05:50:20.457Z"
"undefined","6a3cc19cd6cff81164660db6","Unknown","nawaz._03","Unassigned","New","normal","2026-06-25T05:50:20.600Z"
"undefined","6a3cc19cd6cff81164660db7","Unknown","dr_anamsayyed","Unassigned","New","normal","2026-06-25T05:50:20.734Z"
"undefined","6a3cc19cd6cff81164660db8","Unknown","k_alhbat41","Unassigned","New","normal","2026-06-25T05:50:20.915Z"
"undefined","6a3cc19dd6cff81164660db9","Unknown","__habibiileeve","Unassigned","New","normal","2026-06-25T05:50:21.049Z"
"undefined","6a3cc19dd6cff81164660dba","Unknown","khan_tauheeed0786","Unassigned","New","normal","2026-06-25T05:50:21.181Z"
"undefined","6a3cc19dd6cff81164660dbb","Unknown","quote_treasurewordstoliveby","Unassigned","New","normal","2026-06-25T05:50:21.365Z"
"undefined","6a3cc19dd6cff81164660dbc","Unknown","sadaqat_kirmani_","Unassigned","New","normal","2026-06-25T05:50:21.532Z"
"undefined","6a3cc19dd6cff81164660dbd","Unknown","md__najib","Unassigned","New","normal","2026-06-25T05:50:21.674Z"
"undefined","6a3cc19dd6cff81164660dbe","Unknown","md.sameer.choudhary","Unassigned","New","normal","2026-06-25T05:50:21.809Z"
"undefined","6a3cc19dd6cff81164660dbf","Unknown","shaikh.era_","Unassigned","New","normal","2026-06-25T05:50:21.944Z"
"undefined","6a3cc19ed6cff81164660dc0","Unknown","_syedkazim__","Unassigned","New","normal","2026-06-25T05:50:22.095Z"
"undefined","6a3cc19ed6cff81164660dc1","Unknown","imran.lucky812022","Unassigned","New","normal","2026-06-25T05:50:22.231Z"
"undefined","6a3cc19ed6cff81164660dc2","Unknown","_azhar_0304","Unassigned","New","normal","2026-06-25T05:50:22.364Z"
"undefined","6a3cc19ed6cff81164660dc3","Unknown","shakeel.dalvi","Unassigned","New","normal","2026-06-25T05:50:22.495Z"
"undefined","6a3cc19ed6cff81164660dc4","Unknown","_umar_shaikh_10_","Unassigned","New","normal","2026-06-25T05:50:22.633Z"
"undefined","6a3cc19ed6cff81164660dc5","Unknown","_humaira.94_","Unassigned","New","normal","2026-06-25T05:50:22.784Z"
"undefined","6a3cc19ed6cff81164660dc6","Unknown","iamsayedi","Unassigned","New","normal","2026-06-25T05:50:22.921Z"
"undefined","6a3cc19fd6cff81164660dc7","Unknown","moin_ishan","Unassigned","New","normal","2026-06-25T05:50:23.055Z"
"undefined","6a3cc19fd6cff81164660dc8","Unknown","salman_ansari909","Unassigned","New","normal","2026-06-25T05:50:23.192Z"
"undefined","6a3cc19fd6cff81164660dc9","Unknown","shaquib_cenation","Unassigned","New","normal","2026-06-25T05:50:23.328Z"
"undefined","6a3cc19fd6cff81164660dca","Unknown","armxnonlyfans","Unassigned","New","normal","2026-06-25T05:50:23.459Z"
"undefined","6a3cc19fd6cff81164660dcb","Unknown","withlovearshad","Unassigned","New","normal","2026-06-25T05:50:23.594Z"
"undefined","6a3cc19fd6cff81164660dcc","Unknown","its_zainabshekh","Unassigned","New","normal","2026-06-25T05:50:23.747Z"
"undefined","6a3cc19fd6cff81164660dcd","Unknown","imkhanbhai","Unassigned","New","normal","2026-06-25T05:50:23.878Z"
"undefined","6a3cc1a0d6cff81164660dce","Unknown","sydimu","Unassigned","New","normal","2026-06-25T05:50:24.010Z"
"undefined","6a3cc1a0d6cff81164660dcf","Unknown","shamsartsylens","Unassigned","New","normal","2026-06-25T05:50:24.144Z"
"undefined","6a3cc1a0d6cff81164660dd1","Unknown","apsarpatel","Unassigned","New","normal","2026-06-25T05:50:24.455Z"
"undefined","6a3cc1a0d6cff81164660dd2","Unknown","chipmunk.129571","Unassigned","New","normal","2026-06-25T05:50:24.588Z"
"undefined","6a3cc1a0d6cff81164660dd3","Unknown","mateen__soudagar","Unassigned","New","normal","2026-06-25T05:50:24.721Z"
"undefined","6a3cc1a0d6cff81164660dd4","Unknown","daily_dose_5","Unassigned","New","normal","2026-06-25T05:50:24.860Z"
"undefined","6a3cc1a0d6cff81164660dd5","Unknown","faiz_ashrafi_","Unassigned","New","normal","2026-06-25T05:50:24.996Z"
"undefined","6a3cc1a1d6cff81164660dd6","Unknown","mohsinnn_khan__","Unassigned","New","normal","2026-06-25T05:50:25.129Z"
"undefined","6a3cc1a1d6cff81164660dd7","Unknown","amir_khan008_","Unassigned","New","normal","2026-06-25T05:50:25.259Z"
"undefined","6a3cc1a1d6cff81164660dd8","Unknown","itsabout_reels","Unassigned","New","normal","2026-06-25T05:50:25.388Z"
"undefined","6a3cc1a1d6cff81164660dd9","Unknown","khan_sahab1118","Unassigned","New","normal","2026-06-25T05:50:25.520Z"
"undefined","6a3cc1a1d6cff81164660dda","Unknown","zcore_x","Unassigned","New","normal","2026-06-25T05:50:25.651Z"
"undefined","6a3cc1a1d6cff81164660ddb","Unknown","_adv_kalbe_sayyed_","Unassigned","New","normal","2026-06-25T05:50:25.786Z"
"undefined","6a3cc1a1d6cff81164660ddc","Unknown","monsurahmed321","Unassigned","New","normal","2026-06-25T05:50:25.918Z"
"undefined","6a3cc1a2d6cff81164660ddd","Unknown","mustafa_shaikh7756","Unassigned","New","normal","2026-06-25T05:50:26.096Z"
"undefined","6a3cc1a2d6cff81164660dde","Unknown","uzma0522","Unassigned","New","normal","2026-06-25T05:50:26.229Z"
"undefined","6a3cc1a2d6cff81164660ddf","Unknown","black_veil._","Unassigned","New","normal","2026-06-25T05:50:26.360Z"
"undefined","6a3cc1a2d6cff81164660de0","Unknown","mohammad_anas_siddiqui_","Unassigned","New","normal","2026-06-25T05:50:26.491Z"
"undefined","6a3cc1a2d6cff81164660de1","Unknown","_asraaaar","Unassigned","New","normal","2026-06-25T05:50:26.635Z"
"undefined","6a3cc1a2d6cff81164660de2","Unknown","the_trekguy","Unassigned","New","normal","2026-06-25T05:50:26.768Z"
"undefined","6a3cc1a2d6cff81164660de3","Unknown","silver.qq","Unassigned","New","normal","2026-06-25T05:50:26.901Z"
"undefined","6a3cc1a3d6cff81164660de4","Unknown","iron_will_100","Unassigned","New","normal","2026-06-25T05:50:27.077Z"
"undefined","6a3cc1a3d6cff81164660de5","Unknown","sharukh9495","Unassigned","New","normal","2026-06-25T05:50:27.211Z"
"undefined","6a3cc1a3d6cff81164660de6","Unknown","imam_husen001","Unassigned","New","normal","2026-06-25T05:50:27.344Z"
"undefined","6a3cc1a3d6cff81164660de7","Unknown","i_am__daud","Unassigned","New","normal","2026-06-25T05:50:27.476Z"
"undefined","6a3cc1a3d6cff81164660de8","Unknown","altamash.saif","Unassigned","New","normal","2026-06-25T05:50:27.618Z"
"undefined","6a3cc1a3d6cff81164660de9","Unknown","asifsubrang","Unassigned","New","normal","2026-06-25T05:50:27.758Z"
"undefined","6a3cc1a3d6cff81164660dea","Unknown","r9yannnn","Unassigned","New","normal","2026-06-25T05:50:27.893Z"
"undefined","6a3cc1a4d6cff81164660deb","Unknown","imk.raza004","Unassigned","New","normal","2026-06-25T05:50:28.029Z"
"undefined","6a3cc1a4d6cff81164660dec","Unknown","_kingofheart","Unassigned","New","normal","2026-06-25T05:50:28.162Z"
"undefined","6a3cc1a4d6cff81164660ded","Unknown","boxxy._bee","Unassigned","New","normal","2026-06-25T05:50:28.346Z"
"undefined","6a3cc1a4d6cff81164660dee","Unknown","mr._.coolhead","Unassigned","New","normal","2026-06-25T05:50:28.479Z"
"undefined","6a3cc1a4d6cff81164660def","Unknown","mohtashim5605","Unassigned","New","normal","2026-06-25T05:50:28.612Z"
"undefined","6a3cc1a4d6cff81164660df0","Unknown","shahid_raza88","Unassigned","New","normal","2026-06-25T05:50:28.746Z"
"undefined","6a3cc1a4d6cff81164660df1","Unknown","i_fitsalman","Unassigned","New","normal","2026-06-25T05:50:28.881Z"
"undefined","6a3cc1a5d6cff81164660df2","Unknown","shoeb_ansar_","Unassigned","New","normal","2026-06-25T05:50:29.014Z"
"undefined","6a3cc1a5d6cff81164660df3","Unknown","moonlitsania","Unassigned","New","normal","2026-06-25T05:50:29.195Z"
"undefined","6a3cc1a5d6cff81164660df4","Unknown","insta__9908","Unassigned","New","normal","2026-06-25T05:50:29.329Z"
"undefined","6a3cc1a5d6cff81164660df5","Unknown","shaykh_shahfaysal","Unassigned","New","normal","2026-06-25T05:50:29.475Z"
"undefined","6a3cc1a5d6cff81164660df6","Unknown","more_amir_khan","Unassigned","New","normal","2026-06-25T05:50:29.610Z"
"undefined","6a3cc1a5d6cff81164660df7","Unknown","_.nuramin","Unassigned","New","normal","2026-06-25T05:50:29.743Z"
"undefined","6a3cc1a5d6cff81164660df8","Unknown","sam_nambardar","Unassigned","New","normal","2026-06-25T05:50:29.878Z"
"undefined","6a3cc1a6d6cff81164660df9","Unknown","mohammadusama04","Unassigned","New","normal","2026-06-25T05:50:30.012Z"
"undefined","6a3cc1a6d6cff81164660dfa","Unknown","khaaaan_shahbaz","Unassigned","New","normal","2026-06-25T05:50:30.145Z"
"undefined","6a3cc1a6d6cff81164660dfb","Unknown","mohsinbaf46","Unassigned","New","normal","2026-06-25T05:50:30.325Z"
"undefined","6a3cc1a6d6cff81164660dfc","Unknown","krehan007","Unassigned","New","normal","2026-06-25T05:50:30.458Z"
"undefined","6a3cc1a6d6cff81164660dfd","Unknown","mhd.ahtisham001","Unassigned","New","normal","2026-06-25T05:50:30.602Z"
"undefined","6a3cc1a6d6cff81164660dfe","Unknown","jabeerdofarfas","Unassigned","New","normal","2026-06-25T05:50:30.735Z"
"undefined","6a3cc1a6d6cff81164660dff","Unknown","huzaifa_khan_503","Unassigned","New","normal","2026-06-25T05:50:30.868Z"
"undefined","6a3cc1a7d6cff81164660e00","Unknown","ijk_125","Unassigned","New","normal","2026-06-25T05:50:31.019Z"
"undefined","6a3cc1a7d6cff81164660e01","Unknown","fa.zil7428","Unassigned","New","normal","2026-06-25T05:50:31.168Z"
"undefined","6a3cc1a7d6cff81164660e02","Unknown","_zayann.26","Unassigned","New","normal","2026-06-25T05:50:31.308Z"
"undefined","6a3cc1a7d6cff81164660e03","Unknown","bolpencilexamcancel","Unassigned","New","normal","2026-06-25T05:50:31.524Z"
"undefined","6a3cc1a7d6cff81164660e04","Unknown","code_for_career","Unassigned","New","normal","2026-06-25T05:50:31.678Z"
"undefined","6a3cc1a7d6cff81164660e05","Unknown","_ar.07","Unassigned","New","normal","2026-06-25T05:50:31.810Z"
"undefined","6a3cc1a7d6cff81164660e06","Unknown","mr.aftab_m_h","Unassigned","New","normal","2026-06-25T05:50:31.974Z"
"undefined","6a3cc1a8d6cff81164660e08","Unknown","shoeb_khan_6.3","Unassigned","New","normal","2026-06-25T05:50:32.280Z"
"undefined","6a3cc1a8d6cff81164660e09","Unknown","itz.nadeemk","Unassigned","New","normal","2026-06-25T05:50:32.419Z"
"undefined","6a3cc1a8d6cff81164660e0a","Unknown","syed.1883","Unassigned","New","normal","2026-06-25T05:50:32.554Z"
"undefined","6a3cc1a8d6cff81164660e0b","Unknown","snawaz_x","Unassigned","New","normal","2026-06-25T05:50:32.692Z"
"undefined","6a3cc1a8d6cff81164660e0c","Unknown","arbaazzzzz.08","Unassigned","New","normal","2026-06-25T05:50:32.836Z"
"undefined","6a3cc1a9d6cff81164660e0d","Unknown","_tasmiya_qadri","Unassigned","New","normal","2026-06-25T05:50:33.004Z"
"undefined","6a3cc1a9d6cff81164660e0e","Unknown","aarifnawab","Unassigned","New","normal","2026-06-25T05:50:33.137Z"
"undefined","6a3cc1a9d6cff81164660e0f","Unknown","ishaq_ahmad77","Unassigned","New","normal","2026-06-25T05:50:33.273Z"
"undefined","6a3cc1a9d6cff81164660e10","Unknown","sultan2_12","Unassigned","New","normal","2026-06-25T05:50:33.414Z"
"undefined","6a3cc1a9d6cff81164660e11","Unknown","zainul_abedeen_750","Unassigned","New","normal","2026-06-25T05:50:33.547Z"
"undefined","6a3cc1a9d6cff81164660e12","Unknown","siraj.idrisi.7545","Unassigned","New","normal","2026-06-25T05:50:33.694Z"
"undefined","6a3cc1a9d6cff81164660e13","Unknown","im.hassan____","Unassigned","New","normal","2026-06-25T05:50:33.833Z"
"undefined","6a3cc1a9d6cff81164660e14","Unknown","mak99_007","Unassigned","New","normal","2026-06-25T05:50:33.972Z"
"undefined","6a3cc1aad6cff81164660e15","Unknown","s.heeba._.sk","Unassigned","New","normal","2026-06-25T05:50:34.175Z"
"undefined","6a3cc1aad6cff81164660e16","Unknown","x.____.rehan.____.x","Unassigned","New","normal","2026-06-25T05:50:34.313Z"
"undefined","6a3cc1aad6cff81164660e17","Unknown","shakeel_styles","Unassigned","New","normal","2026-06-25T05:50:34.458Z"
"undefined","6a3cc1aad6cff81164660e19","Unknown","numan_khan_nk","Unassigned","New","normal","2026-06-25T05:50:34.739Z"
"undefined","6a3cc1aad6cff81164660e1a","Unknown","hanimukri","Unassigned","New","normal","2026-06-25T05:50:34.875Z"
"undefined","6a3cc1abd6cff81164660e1b","Unknown","_riyaz04_","Unassigned","New","normal","2026-06-25T05:50:35.009Z"
"undefined","6a3cc1abd6cff81164660e1c","Unknown","sweet_poison.77777","Unassigned","New","normal","2026-06-25T05:50:35.143Z"
"undefined","6a3cc1abd6cff81164660e1d","Unknown","annu_ayeshak9","Unassigned","New","normal","2026-06-25T05:50:35.324Z"
"undefined","6a3cc1abd6cff81164660e1e","Unknown","mister_introvertt","Unassigned","New","normal","2026-06-25T05:50:35.458Z"
"undefined","6a3cc1abd6cff81164660e1f","Unknown","mohatshimz","Unassigned","New","normal","2026-06-25T05:50:35.596Z"
"undefined","6a3cc1abd6cff81164660e20","Unknown","aaquib_1719","Unassigned","New","normal","2026-06-25T05:50:35.734Z"
"undefined","6a3cc1abd6cff81164660e21","Unknown","moon_lover0102","Unassigned","New","normal","2026-06-25T05:50:35.865Z"
"undefined","6a3cc1acd6cff81164660e22","Unknown","junaid.june","Unassigned","New","normal","2026-06-25T05:50:36.001Z"
"undefined","6a3cc1acd6cff81164660e23","Unknown","javedkhan_cd","Unassigned","New","normal","2026-06-25T05:50:36.136Z"
"undefined","6a3cc1acd6cff81164660e24","Unknown","faizan_ibrahimovic10","Unassigned","New","normal","2026-06-25T05:50:36.268Z"
"undefined","6a3cc1acd6cff81164660e25","Unknown","yourchoiceisl","Unassigned","New","normal","2026-06-25T05:50:36.410Z"
"undefined","6a3cc1acd6cff81164660e26","Unknown","hassannnnn07","Unassigned","New","normal","2026-06-25T05:50:36.596Z"
"undefined","6a3cc1acd6cff81164660e28","Unknown","hamza.yildirim7","Unassigned","New","normal","2026-06-25T05:50:36.996Z"
"undefined","6a3cc1add6cff81164660e29","Unknown","rehman624890","Unassigned","New","normal","2026-06-25T05:50:37.130Z"
"undefined","6a3cc1add6cff81164660e2a","Unknown","azeem_.0107","Unassigned","New","normal","2026-06-25T05:50:37.266Z"
"undefined","6a3cc1add6cff81164660e2b","Unknown","ghuraba_00","Unassigned","New","normal","2026-06-25T05:50:37.448Z"
"undefined","6a3cc1add6cff81164660e2c","Unknown","oye.shehry_","Unassigned","New","normal","2026-06-25T05:50:37.646Z"
"undefined","6a3cc1add6cff81164660e2d","Unknown","im_syedomar","Unassigned","New","normal","2026-06-25T05:50:37.782Z"
"undefined","6a3cc1add6cff81164660e2e","Unknown","mohammed_irfan_ahmed_007","Unassigned","New","normal","2026-06-25T05:50:37.917Z"
"undefined","6a3cc1aed6cff81164660e2f","Unknown","ibrahim.javed.111","Unassigned","New","normal","2026-06-25T05:50:38.051Z"
"undefined","6a3cc1aed6cff81164660e30","Unknown","khader.geelan","Unassigned","New","normal","2026-06-25T05:50:38.235Z"
"undefined","6a3cc1aed6cff81164660e31","Unknown","a_mun_im23","Unassigned","New","normal","2026-06-25T05:50:38.367Z"
"undefined","6a3cc1aed6cff81164660e32","Unknown","umarfarooq__22","Unassigned","New","normal","2026-06-25T05:50:38.503Z"
"undefined","6a3cc1aed6cff81164660e33","Unknown","inter.stellerx","Unassigned","New","normal","2026-06-25T05:50:38.636Z"
"undefined","6a3cc1aed6cff81164660e34","Unknown","simrankousar_shaikh","Unassigned","New","normal","2026-06-25T05:50:38.831Z"
"undefined","6a3cc1aed6cff81164660e35","Unknown","sohailnawaz3549","Unassigned","New","normal","2026-06-25T05:50:38.964Z"
"undefined","6a3cc1afd6cff81164660e36","Unknown","iamadil_r","Unassigned","New","normal","2026-06-25T05:50:39.160Z"
"undefined","6a3cc1afd6cff81164660e37","Unknown","pathan__7398","Unassigned","New","normal","2026-06-25T05:50:39.345Z"
"undefined","6a3cc1afd6cff81164660e38","Unknown","kkklarion","Unassigned","New","normal","2026-06-25T05:50:39.483Z"
"undefined","6a3cc1afd6cff81164660e39","Unknown","sananspvt._","Unassigned","New","normal","2026-06-25T05:50:39.666Z"
"undefined","6a3cc1afd6cff81164660e3a","Unknown","md.farhaan_","Unassigned","New","normal","2026-06-25T05:50:39.801Z"
"undefined","6a3cc1afd6cff81164660e3b","Unknown","not.shxhid","Unassigned","New","normal","2026-06-25T05:50:39.931Z"
"undefined","6a3cc1b0d6cff81164660e3c","Unknown","m.nisar.3005","Unassigned","New","normal","2026-06-25T05:50:40.062Z"
"undefined","6a3cc1b0d6cff81164660e3d","Unknown","ali_sayyed_22","Unassigned","New","normal","2026-06-25T05:50:40.197Z"
"undefined","6a3cc1b0d6cff81164660e3e","Unknown","shbina_meer","Unassigned","New","normal","2026-06-25T05:50:40.331Z"
"undefined","6a3cc1b0d6cff81164660e40","Unknown","_amd_faizan_","Unassigned","New","normal","2026-06-25T05:50:40.597Z"
"undefined","6a3cc1b0d6cff81164660e41","Unknown","tfatma05","Unassigned","New","normal","2026-06-25T05:50:40.729Z"
"undefined","6a3cc1b0d6cff81164660e42","Unknown","ahmedanas07","Unassigned","New","normal","2026-06-25T05:50:40.863Z"
"undefined","6a3cc1b0d6cff81164660e43","Unknown","aimim_area_president","Unassigned","New","normal","2026-06-25T05:50:40.998Z"
"undefined","6a3cc1b1d6cff81164660e44","Unknown","parvez.khan078","Unassigned","New","normal","2026-06-25T05:50:41.129Z"
"undefined","6a3cc1b1d6cff81164660e45","Unknown","hey_aly_","Unassigned","New","normal","2026-06-25T05:50:41.261Z"
"undefined","6a3cc1b1d6cff81164660e46","Unknown","faizal_musthfa","Unassigned","New","normal","2026-06-25T05:50:41.435Z"
"undefined","6a3cc1b1d6cff81164660e47","Unknown","biznewsroom","Unassigned","New","normal","2026-06-25T05:50:41.582Z"
"undefined","6a3cc1b1d6cff81164660e48","Unknown","alam_faisal_17","Unassigned","New","normal","2026-06-25T05:50:41.778Z"
"undefined","6a3cc1b1d6cff81164660e49","Unknown","siddiquialbax","Unassigned","New","normal","2026-06-25T05:50:41.918Z"
"undefined","6a3cc1b2d6cff81164660e4a","Unknown","mdaltafalam6","Unassigned","New","normal","2026-06-25T05:50:42.106Z"
"undefined","6a3cc1b2d6cff81164660e4b","Unknown","qureshi_jack_","Unassigned","New","normal","2026-06-25T05:50:42.285Z"
"undefined","6a3cc1b2d6cff81164660e4c","Unknown","md.azharsrk","Unassigned","New","normal","2026-06-25T05:50:42.420Z"
"undefined","6a3cc1b2d6cff81164660e4d","Unknown","shaikhsaddam63","Unassigned","New","normal","2026-06-25T05:50:42.550Z"
"undefined","6a3cc1b2d6cff81164660e4e","Unknown","__saad.mulla","Unassigned","New","normal","2026-06-25T05:50:42.728Z"
"undefined","6a3cc1b2d6cff81164660e4f","Unknown","ms_sid_diq","Unassigned","New","normal","2026-06-25T05:50:42.869Z"
"undefined","6a3cc1b3d6cff81164660e50","Unknown","mdrafiq8039","Unassigned","New","normal","2026-06-25T05:50:43.001Z"
"undefined","6a3cc1b3d6cff81164660e51","Unknown","talknasir","Unassigned","New","normal","2026-06-25T05:50:43.184Z"
"undefined","6a3cc1b3d6cff81164660e52","Unknown","muffin_h_ead","Unassigned","New","normal","2026-06-25T05:50:43.318Z"
"undefined","6a3cc1b3d6cff81164660e53","Unknown","saquibsk88","Unassigned","New","normal","2026-06-25T05:50:43.451Z"
"undefined","6a3cc1b3d6cff81164660e54","Unknown","burhan_shaikh_10","Unassigned","New","normal","2026-06-25T05:50:43.582Z"
"undefined","6a3cc1b3d6cff81164660e55","Unknown","pathan_shahezad_khan","Unassigned","New","normal","2026-06-25T05:50:43.715Z"
"undefined","6a3cc1b3d6cff81164660e56","Unknown","_saboor_10","Unassigned","New","normal","2026-06-25T05:50:43.848Z"
"undefined","6a3cc1b4d6cff81164660e57","Unknown","shadmaan.sheikh","Unassigned","New","normal","2026-06-25T05:50:44.034Z"
"undefined","6a3cc1b4d6cff81164660e58","Unknown","alife.sheloves","Unassigned","New","normal","2026-06-25T05:50:44.164Z"
"undefined","6a3cc1b4d6cff81164660e59","Unknown","syed.hussain878","Unassigned","New","normal","2026-06-25T05:50:44.348Z"
"undefined","6a3cc1b4d6cff81164660e5a","Unknown","nizamudeen_m","Unassigned","New","normal","2026-06-25T05:50:44.483Z"
"undefined","6a3cc1b4d6cff81164660e5b","Unknown","_mdrehan_","Unassigned","New","normal","2026-06-25T05:50:44.755Z"
"undefined","6a3cc1b4d6cff81164660e5c","Unknown","mngaventures","Unassigned","New","normal","2026-06-25T05:50:44.889Z"
"undefined","6a3cc1b5d6cff81164660e5d","Unknown","zahid_mansuri26","Unassigned","New","normal","2026-06-25T05:50:45.022Z"
"undefined","6a3cc1b5d6cff81164660e5e","Unknown","arbazsikilkar","Unassigned","New","normal","2026-06-25T05:50:45.224Z"
"undefined","6a3cc1b5d6cff81164660e60","Unknown","msansari1687","Unassigned","New","normal","2026-06-25T05:50:45.536Z"
"undefined","6a3cc1b5d6cff81164660e61","Unknown","im__ins_ane","Unassigned","New","normal","2026-06-25T05:50:45.678Z"
"undefined","6a3cc1b5d6cff81164660e62","Unknown","raw_factoryofficial","Unassigned","New","normal","2026-06-25T05:50:45.814Z"
"undefined","6a3cc1b5d6cff81164660e63","Unknown","nazirhusen_shaikh","Unassigned","New","normal","2026-06-25T05:50:45.948Z"
"undefined","6a3cc1b6d6cff81164660e64","Unknown","anasqureshhii","Unassigned","New","normal","2026-06-25T05:50:46.080Z"
"undefined","6a3cc1b6d6cff81164660e65","Unknown","azizs0608","Unassigned","New","normal","2026-06-25T05:50:46.214Z"
"undefined","6a3cc1b6d6cff81164660e66","Unknown","thealtafsha","Unassigned","New","normal","2026-06-25T05:50:46.397Z"
"undefined","6a3cc1b6d6cff81164660e67","Unknown","_shahbaz_aalam_","Unassigned","New","normal","2026-06-25T05:50:46.532Z"
"undefined","6a3cc1b6d6cff81164660e68","Unknown","adv.aftabalam.336","Unassigned","New","normal","2026-06-25T05:50:46.677Z"
"undefined","6a3cc1b6d6cff81164660e69","Unknown","abuzar___qureshi","Unassigned","New","normal","2026-06-25T05:50:46.866Z"
"undefined","6a3cc1b7d6cff81164660e6a","Unknown","shaffe_fawz","Unassigned","New","normal","2026-06-25T05:50:47.002Z"
"undefined","6a3cc1b7d6cff81164660e6b","Unknown","amair_shaik92","Unassigned","New","normal","2026-06-25T05:50:47.135Z"
"undefined","6a3cc1b7d6cff81164660e6c","Unknown","rehan_khan_14_","Unassigned","New","normal","2026-06-25T05:50:47.317Z"
"undefined","6a3cc1b7d6cff81164660e6d","Unknown","syedrumi7","Unassigned","New","normal","2026-06-25T05:50:47.508Z"
"undefined","6a3cc1b7d6cff81164660e6e","Unknown","_arshh_8","Unassigned","New","normal","2026-06-25T05:50:47.687Z"
"undefined","6a3cc1b7d6cff81164660e6f","Unknown","m_anas.gour","Unassigned","New","normal","2026-06-25T05:50:47.820Z"
"undefined","6a3cc1b7d6cff81164660e70","Unknown","adnan.f10","Unassigned","New","normal","2026-06-25T05:50:47.953Z"
"undefined","6a3cc1b8d6cff81164660e71","Unknown","kabir999797","Unassigned","New","normal","2026-06-25T05:50:48.089Z"
"undefined","6a3cc1b8d6cff81164660e72","Unknown","mak_6395","Unassigned","New","normal","2026-06-25T05:50:48.220Z"
"undefined","6a3cc1b8d6cff81164660e73","Unknown","syedsaqlain16","Unassigned","New","normal","2026-06-25T05:50:48.352Z"
"undefined","6a3cc1b8d6cff81164660e75","Unknown","muhammad15.prvt","Unassigned","New","normal","2026-06-25T05:50:48.618Z"
"undefined","6a3cc1b8d6cff81164660e76","Unknown","misslowkeyhalal","Unassigned","New","normal","2026-06-25T05:50:48.795Z"
"undefined","6a3cc1b8d6cff81164660e77","Unknown","iamabdurazzaque","Unassigned","New","normal","2026-06-25T05:50:48.987Z"
"undefined","6a3cc1b9d6cff81164660e78","Unknown","tasleem__saqlaini","Unassigned","New","normal","2026-06-25T05:50:49.126Z"
"undefined","6a3cc1b9d6cff81164660e79","Unknown","anxious_afreen","Unassigned","New","normal","2026-06-25T05:50:49.259Z"
"undefined","6a3cc1b9d6cff81164660e7a","Unknown","swizcott","Unassigned","New","normal","2026-06-25T05:50:49.436Z"
"undefined","6a3cc1b9d6cff81164660e7b","Unknown","shafik.belim","Unassigned","New","normal","2026-06-25T05:50:49.615Z"
"undefined","6a3cc1b9d6cff81164660e7c","Unknown","ahmeda.fayaz","Unassigned","New","normal","2026-06-25T05:50:49.749Z"
"undefined","6a3cc1b9d6cff81164660e7d","Unknown","mohseenahemadali","Unassigned","New","normal","2026-06-25T05:50:49.879Z"
"undefined","6a3cc1bad6cff81164660e7e","Unknown","umair_toseef","Unassigned","New","normal","2026-06-25T05:50:50.054Z"
"undefined","6a3cc1bad6cff81164660e7f","Unknown","adeeb_._.khan","Unassigned","New","normal","2026-06-25T05:50:50.184Z"
"undefined","6a3cc1bad6cff81164660e80","Unknown","thepathfinder47","Unassigned","New","normal","2026-06-25T05:50:50.314Z"
"undefined","6a3cc1bad6cff81164660e81","Unknown","earnbixh","Unassigned","New","normal","2026-06-25T05:50:50.457Z"
"undefined","6a3cc1bad6cff81164660e82","Unknown","i_m_amin_","Unassigned","New","normal","2026-06-25T05:50:50.589Z"
"undefined","6a3cc1bad6cff81164660e83","Unknown","_.fxxzilistic._","Unassigned","New","normal","2026-06-25T05:50:50.722Z"
"undefined","6a3cc1bad6cff81164660e84","Unknown","isa7e_","Unassigned","New","normal","2026-06-25T05:50:50.860Z"
"undefined","6a3cc1bad6cff81164660e85","Unknown","shakir_ali_sayed","Unassigned","New","normal","2026-06-25T05:50:50.993Z"
"undefined","6a3cc1bbd6cff81164660e86","Unknown","akifarfien","Unassigned","New","normal","2026-06-25T05:50:51.189Z"
"undefined","6a3cc1bbd6cff81164660e87","Unknown","mustafa_lassanwala","Unassigned","New","normal","2026-06-25T05:50:51.327Z"
"undefined","6a3cc1bbd6cff81164660e89","Unknown","farhaansoundsgood","Unassigned","New","normal","2026-06-25T05:50:51.670Z"
"undefined","6a3cc1bbd6cff81164660e8a","Unknown","mohammadsahill","Unassigned","New","normal","2026-06-25T05:50:51.812Z"
"undefined","6a3cc1bbd6cff81164660e8b","Unknown","huziiiii11","Unassigned","New","normal","2026-06-25T05:50:51.946Z"
"undefined","6a3cc1bcd6cff81164660e8c","Unknown","__amin_sheikh","Unassigned","New","normal","2026-06-25T05:50:52.077Z"
"undefined","6a3cc1bcd6cff81164660e8d","Unknown","nomaan__307","Unassigned","New","normal","2026-06-25T05:50:52.212Z"
"undefined","6a3cc1bcd6cff81164660e8f","Unknown","kamrankhankn","Unassigned","New","normal","2026-06-25T05:50:52.477Z"
"undefined","6a3cc1bcd6cff81164660e90","Unknown","zaid_kap","Unassigned","New","normal","2026-06-25T05:50:52.612Z"
"undefined","6a3cc1bcd6cff81164660e91","Unknown","aqqxxuuiibbb","Unassigned","New","normal","2026-06-25T05:50:52.753Z"
"undefined","6a3cc1bcd6cff81164660e92","Unknown","drjamal_khan","Unassigned","New","normal","2026-06-25T05:50:52.948Z"
"undefined","6a3cc1bdd6cff81164660e93","Unknown","sabeeha_hashmi","Unassigned","New","normal","2026-06-25T05:50:53.082Z"
"undefined","6a3cc1bdd6cff81164660e94","Unknown","rakhib_md24","Unassigned","New","normal","2026-06-25T05:50:53.220Z"
"undefined","6a3cc1bdd6cff81164660e95","Unknown","aamirpathan0707","Unassigned","New","normal","2026-06-25T05:50:53.351Z"
"undefined","6a3cc1bdd6cff81164660e96","Unknown","mah_iffat","Unassigned","New","normal","2026-06-25T05:50:53.481Z"
"undefined","6a3cc1bdd6cff81164660e97","Unknown","khan.anas03","Unassigned","New","normal","2026-06-25T05:50:53.611Z"
"undefined","6a3cc1bdd6cff81164660e98","Unknown","ace_spade27","Unassigned","New","normal","2026-06-25T05:50:53.789Z"
"undefined","6a3cc1bdd6cff81164660e99","Unknown","dr.sajida_maxillofacialsurgery","Unassigned","New","normal","2026-06-25T05:50:53.977Z"
"undefined","6a3cc1bed6cff81164660e9a","Unknown","seniorconfiado","Unassigned","New","normal","2026-06-25T05:50:54.155Z"
"undefined","6a3cc1bed6cff81164660e9b","Unknown","sahebealamsid","Unassigned","New","normal","2026-06-25T05:50:54.289Z"
"undefined","6a3cc1bed6cff81164660e9c","Unknown","builtforlegacy_999","Unassigned","New","normal","2026-06-25T05:50:54.425Z"
"undefined","6a3cc1bed6cff81164660e9d","Unknown","sufiyan_ansariii","Unassigned","New","normal","2026-06-25T05:50:54.562Z"
"undefined","6a3cc1bed6cff81164660e9e","Unknown","__abdul_kaiyum","Unassigned","New","normal","2026-06-25T05:50:54.694Z"
"undefined","6a3cc1bed6cff81164660ea0","Unknown","beleiver148","Unassigned","New","normal","2026-06-25T05:50:54.961Z"
"undefined","6a3cc1bfd6cff81164660ea1","Unknown","an.ocd.fighter","Unassigned","New","normal","2026-06-25T05:50:55.098Z"
"undefined","6a3cc1bfd6cff81164660ea2","Unknown","zuber.khan.799","Unassigned","New","normal","2026-06-25T05:50:55.234Z"
"undefined","6a3cc1bfd6cff81164660ea3","Unknown","aamir_ali_s","Unassigned","New","normal","2026-06-25T05:50:55.367Z"
"undefined","6a3cc1bfd6cff81164660ea4","Unknown","tabrez_2005tabrez","Unassigned","New","normal","2026-06-25T05:50:55.500Z"
"undefined","6a3cc1bfd6cff81164660ea5","Unknown","ahamedkhan7411","Unassigned","New","normal","2026-06-25T05:50:55.632Z"
"undefined","6a3cc1bfd6cff81164660ea6","Unknown","saqibsviews","Unassigned","New","normal","2026-06-25T05:50:55.767Z"
"undefined","6a3cc1bfd6cff81164660ea7","Unknown","khaizmohaammed","Unassigned","New","normal","2026-06-25T05:50:55.947Z"
"undefined","6a3cc1c0d6cff81164660ea8","Unknown","realkhaanz","Unassigned","New","normal","2026-06-25T05:50:56.082Z"
"undefined","6a3cc1c0d6cff81164660ea9","Unknown","sfaisal.way","Unassigned","New","normal","2026-06-25T05:50:56.266Z"
"undefined","6a3cc1c0d6cff81164660eaa","Unknown","irfan4m","Unassigned","New","normal","2026-06-25T05:50:56.405Z"
"undefined","6a3cc1c0d6cff81164660eab","Unknown","abidx.41","Unassigned","New","normal","2026-06-25T05:50:56.535Z"
"undefined","6a3cc1c0d6cff81164660eac","Unknown","suhailkazii","Unassigned","New","normal","2026-06-25T05:50:56.669Z"
"undefined","6a3cc1c0d6cff81164660ead","Unknown","irfan_10j","Unassigned","New","normal","2026-06-25T05:50:56.857Z"
"undefined","6a3cc1c0d6cff81164660eae","Unknown","kaif_gori9","Unassigned","New","normal","2026-06-25T05:50:56.995Z"
"undefined","6a3cc1c1d6cff81164660eaf","Unknown","__zakie__","Unassigned","New","normal","2026-06-25T05:50:57.135Z"
"undefined","6a3cc1c1d6cff81164660eb0","Unknown","samadkhxn._","Unassigned","New","normal","2026-06-25T05:50:57.328Z"
"undefined","6a3cc1c1d6cff81164660eb1","Unknown","adnan_perampalli","Unassigned","New","normal","2026-06-25T05:50:57.461Z"
"undefined","6a3cc1c1d6cff81164660eb2","Unknown","mr._sohail_shaikh","Unassigned","New","normal","2026-06-25T05:50:57.595Z"
"undefined","6a3cc1c1d6cff81164660eb4","Unknown","the.unfiltered.maaz","Unassigned","New","normal","2026-06-25T05:50:57.910Z"
"undefined","6a3cc1c2d6cff81164660eb5","Unknown","rmujju","Unassigned","New","normal","2026-06-25T05:50:58.044Z"
"undefined","6a3cc1c2d6cff81164660eb6","Unknown","salman_malik_xx95","Unassigned","New","normal","2026-06-25T05:50:58.176Z"
"undefined","6a3cc1c2d6cff81164660eb7","Unknown","rushaadd_","Unassigned","New","normal","2026-06-25T05:50:58.313Z"
"undefined","6a3cc1c2d6cff81164660eb8","Unknown","fsk05","Unassigned","New","normal","2026-06-25T05:50:58.443Z"
"undefined","6a3cc1c2d6cff81164660eb9","Unknown","_imfzn","Unassigned","New","normal","2026-06-25T05:50:58.577Z"
"undefined","6a3cc1c2d6cff81164660eba","Unknown","junaid_uzii_","Unassigned","New","normal","2026-06-25T05:50:58.711Z"
"undefined","6a3cc1c2d6cff81164660ebb","Unknown","yourtaslim","Unassigned","New","normal","2026-06-25T05:50:58.844Z"
"undefined","6a3cc1c2d6cff81164660ebc","Unknown","muhd_fizal","Unassigned","New","normal","2026-06-25T05:50:58.983Z"
"undefined","6a3cc1c3d6cff81164660ebe","Unknown","hadd_kr_di","Unassigned","New","normal","2026-06-25T05:50:59.309Z"
"undefined","6a3cc1c3d6cff81164660ebf","Unknown","the_og_ayaan_patel","Unassigned","New","normal","2026-06-25T05:50:59.442Z"
"undefined","6a3cc1c3d6cff81164660ec0","Unknown","_shaquib_jah07","Unassigned","New","normal","2026-06-25T05:50:59.575Z"
"undefined","6a3cc1c3d6cff81164660ec1","Unknown","arsalan.0786","Unassigned","New","normal","2026-06-25T05:50:59.707Z"
"undefined","6a3cc1c3d6cff81164660ec2","Unknown","akbar_aara","Unassigned","New","normal","2026-06-25T05:50:59.857Z"
"undefined","6a3cc1c3d6cff81164660ec3","Unknown","_usmxh","Unassigned","New","normal","2026-06-25T05:50:59.988Z"
"undefined","6a3cc1c4d6cff81164660ec4","Unknown","sarruans90","Unassigned","New","normal","2026-06-25T05:51:00.121Z"
"undefined","6a3cc1c4d6cff81164660ec5","Unknown","msydmzm","Unassigned","New","normal","2026-06-25T05:51:00.251Z"
"undefined","6a3cc1c4d6cff81164660ec6","Unknown","irshad.ali.ia","Unassigned","New","normal","2026-06-25T05:51:00.385Z"
"undefined","6a3cc1c4d6cff81164660ec8","Unknown","imazharsayyed","Unassigned","New","normal","2026-06-25T05:51:00.654Z"
"undefined","6a3cc1c5d6cff81164660ec9","Unknown","hs.godil","Unassigned","New","normal","2026-06-25T05:51:01.062Z"
"undefined","6a3cc1c5d6cff81164660eca","Unknown","sohrabali.k","Unassigned","New","normal","2026-06-25T05:51:01.283Z"
"undefined","6a3cc1c5d6cff81164660ecb","Unknown","irshad475","Unassigned","New","normal","2026-06-25T05:51:01.417Z"
"undefined","6a3cc1c5d6cff81164660ecc","Unknown","faraaz_411","Unassigned","New","normal","2026-06-25T05:51:01.559Z"
"undefined","6a3cc1c5d6cff81164660ecd","Unknown","_khan_afnan_yusafzai","Unassigned","New","normal","2026-06-25T05:51:01.704Z"
"undefined","6a3cc1c5d6cff81164660ece","Unknown","aleashq_knows","Unassigned","New","normal","2026-06-25T05:51:01.839Z"
"undefined","6a3cc1c5d6cff81164660ecf","Unknown","smackjil","Unassigned","New","normal","2026-06-25T05:51:01.984Z"
"undefined","6a3cc1c6d6cff81164660ed0","Unknown","delhiwithfz","Unassigned","New","normal","2026-06-25T05:51:02.124Z"
"undefined","6a3cc1c6d6cff81164660ed1","Unknown","affan.khan.47","Unassigned","New","normal","2026-06-25T05:51:02.258Z"
"undefined","6a3cc1c6d6cff81164660ed2","Unknown","ne_.ver_.mi_.nd","Unassigned","New","normal","2026-06-25T05:51:02.392Z"
"undefined","6a3cc1c6d6cff81164660ed3","Unknown","armaan._.d786","Unassigned","New","normal","2026-06-25T05:51:02.581Z"
"undefined","6a3cc1c6d6cff81164660ed4","Unknown","akhter_javed_23","Unassigned","New","normal","2026-06-25T05:51:02.728Z"
"undefined","6a3cc1c6d6cff81164660ed5","Unknown","iamhateiamlove","Unassigned","New","normal","2026-06-25T05:51:02.906Z"
"undefined","6a3cc1c7d6cff81164660ed6","Unknown","arfeenahmed","Unassigned","New","normal","2026-06-25T05:51:03.042Z"
"undefined","6a3cc1c7d6cff81164660ed7","Unknown","vaseemimran","Unassigned","New","normal","2026-06-25T05:51:03.175Z"
"undefined","6a3cc1c7d6cff81164660ed8","Unknown","zaki_raza_rizvi","Unassigned","New","normal","2026-06-25T05:51:03.356Z"
"undefined","6a3cc1c7d6cff81164660ed9","Unknown","shaikhafrin09","Unassigned","New","normal","2026-06-25T05:51:03.499Z"
"undefined","6a3cc1c7d6cff81164660eda","Unknown","fehminanikhat","Unassigned","New","normal","2026-06-25T05:51:03.695Z"
"undefined","6a3cc1c7d6cff81164660edb","Unknown","awesome.waseem","Unassigned","New","normal","2026-06-25T05:51:03.850Z"
"undefined","6a3cc1c8d6cff81164660edc","Unknown","farooqui__bilal","Unassigned","New","normal","2026-06-25T05:51:04.055Z"
"undefined","6a3cc1c8d6cff81164660edd","Unknown","sajid.rehmans","Unassigned","New","normal","2026-06-25T05:51:04.253Z"
"undefined","6a3cc1c8d6cff81164660ede","Unknown","sayyesmohsin","Unassigned","New","normal","2026-06-25T05:51:04.444Z"
"undefined","6a3cc1c8d6cff81164660edf","Unknown","ayazrahmat","Unassigned","New","normal","2026-06-25T05:51:04.666Z"
"undefined","6a3cc1c8d6cff81164660ee0","Unknown","j___1327","Unassigned","New","normal","2026-06-25T05:51:04.869Z"
"undefined","6a3cc1c9d6cff81164660ee2","Unknown","aslamsk__","Unassigned","New","normal","2026-06-25T05:51:05.260Z"
"undefined","6a3cc1c9d6cff81164660ee3","Unknown","jafaribnmajid","Unassigned","New","normal","2026-06-25T05:51:05.395Z"
"undefined","6a3cc1c9d6cff81164660ee4","Unknown","k_arsh_amin","Unassigned","New","normal","2026-06-25T05:51:05.531Z"
"undefined","6a3cc1c9d6cff81164660ee5","Unknown","nahid_khan149","Unassigned","New","normal","2026-06-25T05:51:05.670Z"
"undefined","6a3cc1c9d6cff81164660ee6","Unknown","dr_amir_polymath","Unassigned","New","normal","2026-06-25T05:51:05.802Z"
"undefined","6a3cc1c9d6cff81164660ee7","Unknown","umiya.qureshi","Unassigned","New","normal","2026-06-25T05:51:05.937Z"
"undefined","6a3cc1cad6cff81164660ee8","Unknown","bee_3i","Unassigned","New","normal","2026-06-25T05:51:06.072Z"
"undefined","6a3cc1cad6cff81164660ee9","Unknown","sardellabrokinglc","Unassigned","New","normal","2026-06-25T05:51:06.207Z"
"undefined","6a3cc1cad6cff81164660eea","Unknown","beingxeeshan","Unassigned","New","normal","2026-06-25T05:51:06.384Z"
"undefined","6a3cc1cad6cff81164660eeb","Unknown","smsyakub","Unassigned","New","normal","2026-06-25T05:51:06.515Z"
"undefined","6a3cc1cad6cff81164660eec","Unknown","zahidhhashmi","Unassigned","New","normal","2026-06-25T05:51:06.646Z"
"undefined","6a3cc1cad6cff81164660eed","Unknown","brotherarbaz","Unassigned","New","normal","2026-06-25T05:51:06.779Z"
"undefined","6a3cc1cad6cff81164660eee","Unknown","naeemfisha7777","Unassigned","New","normal","2026-06-25T05:51:06.912Z"
"undefined","6a3cc1cbd6cff81164660eef","Unknown","afa2931","Unassigned","New","normal","2026-06-25T05:51:07.043Z"
"undefined","6a3cc1cbd6cff81164660ef0","Unknown","abidyusufofficial","Unassigned","New","normal","2026-06-25T05:51:07.176Z"
"undefined","6a3cc1cbd6cff81164660ef1","Unknown","fi_rdaus6568","Unassigned","New","normal","2026-06-25T05:51:07.355Z"
"undefined","6a3cc1cbd6cff81164660ef2","Unknown","_aakil_08","Unassigned","New","normal","2026-06-25T05:51:07.498Z"
"undefined","6a3cc1cbd6cff81164660ef3","Unknown","kashifkk0099","Unassigned","New","normal","2026-06-25T05:51:07.630Z"
"undefined","6a3cc1cbd6cff81164660ef4","Unknown","imi_9376","Unassigned","New","normal","2026-06-25T05:51:07.761Z"
"undefined","6a3cc1cbd6cff81164660ef5","Unknown","mhhaadi14","Unassigned","New","normal","2026-06-25T05:51:07.901Z"
"undefined","6a3cc1ccd6cff81164660ef6","Unknown","alizaheerm","Unassigned","New","normal","2026-06-25T05:51:08.031Z"
"undefined","6a3cc1ccd6cff81164660ef7","Unknown","digitalozi_","Unassigned","New","normal","2026-06-25T05:51:08.215Z"
"undefined","6a3cc1ccd6cff81164660ef8","Unknown","farhan.k72","Unassigned","New","normal","2026-06-25T05:51:08.346Z"
"undefined","6a3cc1ccd6cff81164660ef9","Unknown","a_q1245","Unassigned","New","normal","2026-06-25T05:51:08.490Z"
"undefined","6a3cc1ccd6cff81164660efa","Unknown","heyyits.sabaa","Unassigned","New","normal","2026-06-25T05:51:08.622Z"
"undefined","6a3cc1ccd6cff81164660efb","Unknown","im_rahmath","Unassigned","New","normal","2026-06-25T05:51:08.753Z"
"undefined","6a3cc1ccd6cff81164660efc","Unknown","tauseef_zafar_313","Unassigned","New","normal","2026-06-25T05:51:08.886Z"
"undefined","6a3cc1cdd6cff81164660efd","Unknown","anique_ribaal","Unassigned","New","normal","2026-06-25T05:51:09.065Z"
"undefined","6a3cc1cdd6cff81164660eff","Unknown","moin_khan_stud49","Unassigned","New","normal","2026-06-25T05:51:09.335Z"
"undefined","6a3cc1cdd6cff81164660f00","Unknown","syhi.pharmacist","Unassigned","New","normal","2026-06-25T05:51:09.481Z"
"undefined","6a3cc1cdd6cff81164660f01","Unknown","sohelsheikh.7863","Unassigned","New","normal","2026-06-25T05:51:09.615Z"
"undefined","6a3cc1cdd6cff81164660f02","Unknown","son0fadamas","Unassigned","New","normal","2026-06-25T05:51:09.749Z"
"undefined","6a3cc1ced6cff81164660f04","Unknown","noorwithin24","Unassigned","New","normal","2026-06-25T05:51:10.125Z"
"undefined","6a3cc1ced6cff81164660f06","Unknown","shaikh_sahab_7.8.6","Unassigned","New","normal","2026-06-25T05:51:10.439Z"
"undefined","6a3cc1ced6cff81164660f07","Unknown","zammsofficial","Unassigned","New","normal","2026-06-25T05:51:10.585Z"
"undefined","6a3cc1ced6cff81164660f08","Unknown","saifirashid0001","Unassigned","New","normal","2026-06-25T05:51:10.728Z"
"undefined","6a3cc1ced6cff81164660f09","Unknown","faizal5197","Unassigned","New","normal","2026-06-25T05:51:10.865Z"
"undefined","6a3cc1cfd6cff81164660f0a","Unknown","moin_chisty._","Unassigned","New","normal","2026-06-25T05:51:11.000Z"
"undefined","6a3cc1cfd6cff81164660f0b","Unknown","c_for_k4tty","Unassigned","New","normal","2026-06-25T05:51:11.138Z"
"undefined","6a3cc1cfd6cff81164660f0d","Unknown","sayedbokhari1","Unassigned","New","normal","2026-06-25T05:51:11.417Z"
"undefined","6a3cc1cfd6cff81164660f0f","Unknown","mirzakhalib_456","Unassigned","New","normal","2026-06-25T05:51:11.870Z"
"undefined","6a3cc1d0d6cff81164660f10","Unknown","zaan_shaik","Unassigned","New","normal","2026-06-25T05:51:12.003Z"
"undefined","6a3cc1d0d6cff81164660f11","Unknown","danish_khan_offcial","Unassigned","New","normal","2026-06-25T05:51:12.135Z"
"undefined","6a3cc1d0d6cff81164660f12","Unknown","_kim_acoustic","Unassigned","New","normal","2026-06-25T05:51:12.271Z"
"undefined","6a3cc1d0d6cff81164660f13","Unknown","kashifkaish","Unassigned","New","normal","2026-06-25T05:51:12.405Z"
"undefined","6a3cc1d0d6cff81164660f14","Unknown","anonymoussaifi","Unassigned","New","normal","2026-06-25T05:51:12.552Z"
"undefined","6a3cc1d0d6cff81164660f15","Unknown","sohail_memon_93","Unassigned","New","normal","2026-06-25T05:51:12.709Z"
"undefined","6a3cc1d0d6cff81164660f16","Unknown","madiabinumar","Unassigned","New","normal","2026-06-25T05:51:12.849Z"
"undefined","6a3cc1d0d6cff81164660f17","Unknown","shadab_pets_world","Unassigned","New","normal","2026-06-25T05:51:12.987Z"
"undefined","6a3cc1d1d6cff81164660f18","Unknown","faisalshk_18","Unassigned","New","normal","2026-06-25T05:51:13.118Z"
"undefined","6a3cc1d1d6cff81164660f19","Unknown","zaebaaaaaaa","Unassigned","New","normal","2026-06-25T05:51:13.276Z"
"undefined","6a3cc1d1d6cff81164660f1a","Unknown","an_artist_in_veil","Unassigned","New","normal","2026-06-25T05:51:13.457Z"
"undefined","6a3cc1d1d6cff81164660f1b","Unknown","revolution________","Unassigned","New","normal","2026-06-25T05:51:13.678Z"
"undefined","6a3cc1d1d6cff81164660f1c","Unknown","aaquib_shaikh92","Unassigned","New","normal","2026-06-25T05:51:13.855Z"
"undefined","6a3cc1d1d6cff81164660f1d","Unknown","happy__1461","Unassigned","New","normal","2026-06-25T05:51:13.988Z"
"undefined","6a3cc1d2d6cff81164660f1e","Unknown","m_kamranalam","Unassigned","New","normal","2026-06-25T05:51:14.125Z"
"undefined","6a3cc1d2d6cff81164660f20","Unknown","zoayahijab","Unassigned","New","normal","2026-06-25T05:51:14.398Z"
"undefined","6a3cc1d2d6cff81164660f21","Unknown","saifsid852","Unassigned","New","normal","2026-06-25T05:51:14.536Z"
"undefined","6a3cc1d2d6cff81164660f22","Unknown","asifmerchant_","Unassigned","New","normal","2026-06-25T05:51:14.669Z"
"undefined","6a3cc1d2d6cff81164660f23","Unknown","sanuuukhan","Unassigned","New","normal","2026-06-25T05:51:14.828Z"
"undefined","6a3cc1d2d6cff81164660f24","Unknown","saaima272","Unassigned","New","normal","2026-06-25T05:51:14.961Z"
"undefined","6a3cc1d3d6cff81164660f25","Unknown","firoj_khannn","Unassigned","New","normal","2026-06-25T05:51:15.094Z"
"undefined","6a3cc1d3d6cff81164660f26","Unknown","the_ahnonymous","Unassigned","New","normal","2026-06-25T05:51:15.228Z"
"undefined","6a3cc1d3d6cff81164660f27","Unknown","being_usman_64","Unassigned","New","normal","2026-06-25T05:51:15.362Z"
"undefined","6a3cc1d3d6cff81164660f28","Unknown","im_mrshaikh","Unassigned","New","normal","2026-06-25T05:51:15.495Z"
"undefined","6a3cc1d3d6cff81164660f29","Unknown","being_kaifnaik","Unassigned","New","normal","2026-06-25T05:51:15.629Z"
"undefined","6a3cc1d3d6cff81164660f2a","Unknown","afif_.ullah","Unassigned","New","normal","2026-06-25T05:51:15.762Z"
"undefined","6a3cc1d3d6cff81164660f2b","Unknown","the_saad_mansuri","Unassigned","New","normal","2026-06-25T05:51:15.899Z"
"undefined","6a3cc1d4d6cff81164660f2c","Unknown","mohammadkamran154","Unassigned","New","normal","2026-06-25T05:51:16.033Z"
"undefined","6a3cc1d4d6cff81164660f2d","Unknown","ammarshk_","Unassigned","New","normal","2026-06-25T05:51:16.170Z"
"undefined","6a3cc1d4d6cff81164660f2e","Unknown","rafi_arshad","Unassigned","New","normal","2026-06-25T05:51:16.306Z"
"undefined","6a3cc1d4d6cff81164660f2f","Unknown","mr._sayyed_","Unassigned","New","normal","2026-06-25T05:51:16.440Z"
"undefined","6a3cc1d4d6cff81164660f30","Unknown","al_e_saud","Unassigned","New","normal","2026-06-25T05:51:16.615Z"
"undefined","6a3cc1d4d6cff81164660f31","Unknown","rumiinrains","Unassigned","New","normal","2026-06-25T05:51:16.748Z"
"undefined","6a3cc1d4d6cff81164660f32","Unknown","rafi_here_01","Unassigned","New","normal","2026-06-25T05:51:16.881Z"
"undefined","6a3cc1d5d6cff81164660f33","Unknown","danishchowdhry_","Unassigned","New","normal","2026-06-25T05:51:17.030Z"
"undefined","6a3cc1d5d6cff81164660f34","Unknown","habibi_fitness09","Unassigned","New","normal","2026-06-25T05:51:17.188Z"
"undefined","6a3cc1d5d6cff81164660f35","Unknown","maricarjunaid","Unassigned","New","normal","2026-06-25T05:51:17.475Z"
"undefined","6a3cc1d5d6cff81164660f36","Unknown","_a_m_i_r_9_7","Unassigned","New","normal","2026-06-25T05:51:17.619Z"
"undefined","6a3cc1d5d6cff81164660f37","Unknown","zulfiqaar_04","Unassigned","New","hot","2026-06-25T05:51:17.762Z"
"undefined","6a3cc1d5d6cff81164660f38","Unknown","imoin_malik","Unassigned","New","normal","2026-06-25T05:51:17.913Z"
"undefined","6a3cc1d6d6cff81164660f39","Unknown","tausif_jamal78","Unassigned","New","normal","2026-06-25T05:51:18.048Z"
"undefined","6a3cc1d6d6cff81164660f3a","Unknown","shikariboy1987","Unassigned","New","normal","2026-06-25T05:51:18.217Z"
"undefined","6a3cc1d6d6cff81164660f3b","Unknown","meandmargherita","Unassigned","New","normal","2026-06-25T05:51:18.351Z"
"undefined","6a3cc1d6d6cff81164660f3c","Unknown","alt07_","Unassigned","New","normal","2026-06-25T05:51:18.481Z"
"undefined","6a3cc1d6d6cff81164660f3d","Unknown","mohd.shaikh_iit","Unassigned","New","normal","2026-06-25T05:51:18.613Z"
"undefined","6a3cc1d6d6cff81164660f3e","Unknown","mdyusufmushtaque","Unassigned","New","normal","2026-06-25T05:51:18.744Z"
"undefined","6a3cc1d6d6cff81164660f3f","Unknown","_.syed_sameer","Unassigned","New","normal","2026-06-25T05:51:18.878Z"
"undefined","6a3cc1d7d6cff81164660f40","Unknown","raihanmurtuza","Unassigned","New","normal","2026-06-25T05:51:19.010Z"
"undefined","6a3cc1d7d6cff81164660f41","Unknown","theflex17","Unassigned","New","normal","2026-06-25T05:51:19.191Z"
"undefined","6a3cc1d7d6cff81164660f42","Unknown","ummati._.09","Unassigned","New","normal","2026-06-25T05:51:19.321Z"
"undefined","6a3cc1d7d6cff81164660f43","Unknown","hasan__sheikh0","Unassigned","New","normal","2026-06-25T05:51:19.452Z"
"undefined","6a3cc1d7d6cff81164660f44","Unknown","rakshandahnoor","Unassigned","New","normal","2026-06-25T05:51:19.582Z"
"undefined","6a3cc1d7d6cff81164660f45","Unknown","danish38407840","Unassigned","New","normal","2026-06-25T05:51:19.712Z"
"undefined","6a3cc1d7d6cff81164660f46","Unknown","iamzarrrrrrrrr","Unassigned","New","normal","2026-06-25T05:51:19.885Z"
"undefined","6a3cc1d8d6cff81164660f47","Unknown","hidayafrom_allah","Unassigned","New","normal","2026-06-25T05:51:20.081Z"
"undefined","6a3cc1d8d6cff81164660f48","Unknown","isa.a7_","Unassigned","New","normal","2026-06-25T05:51:20.212Z"
"undefined","6a3cc1d8d6cff81164660f4a","Unknown","a.sufiyan17","Unassigned","New","normal","2026-06-25T05:51:20.476Z"
"undefined","6a3cc1d8d6cff81164660f4b","Unknown","iamchoudhryumair","Unassigned","New","normal","2026-06-25T05:51:20.655Z"
"undefined","6a3cc1d8d6cff81164660f4c","Unknown","starks_20_17","Unassigned","New","normal","2026-06-25T05:51:20.787Z"
"undefined","6a3cc1d8d6cff81164660f4d","Unknown","mz7_zaid","Unassigned","New","normal","2026-06-25T05:51:20.918Z"
"undefined","6a3cc1d9d6cff81164660f4e","Unknown","h_u_k_u_m_official_","Unassigned","New","normal","2026-06-25T05:51:21.060Z"
"undefined","6a3cc1d9d6cff81164660f4f","Unknown","iam_syedanas","Unassigned","New","normal","2026-06-25T05:51:21.193Z"
"undefined","6a3cc1d9d6cff81164660f50","Unknown","cypriannaseer","Unassigned","New","normal","2026-06-25T05:51:21.333Z"
"undefined","6a3cc1d9d6cff81164660f51","Unknown","aalishaaan","Unassigned","New","normal","2026-06-25T05:51:21.462Z"
"undefined","6a3cc1d9d6cff81164660f52","Unknown","kasimkathewadi00","Unassigned","New","normal","2026-06-25T05:51:21.605Z"
"undefined","6a3cc1d9d6cff81164660f53","Unknown","your_dimpled_defender","Unassigned","New","normal","2026-06-25T05:51:21.785Z"
"undefined","6a3cc1d9d6cff81164660f54","Unknown","nawaaaz__malik","Unassigned","New","normal","2026-06-25T05:51:21.916Z"
"undefined","6a3cc1dad6cff81164660f55","Unknown","rehman_rihan_","Unassigned","New","normal","2026-06-25T05:51:22.046Z"
"undefined","6a3cc1dad6cff81164660f56","Unknown","mohammedashar_1","Unassigned","New","normal","2026-06-25T05:51:22.179Z"
"undefined","6a3cc1dad6cff81164660f57","Unknown","aliiii___pvt","Unassigned","New","normal","2026-06-25T05:51:22.317Z"
"undefined","6a3cc1dad6cff81164660f59","Unknown","glitch_maxxed","Unassigned","New","normal","2026-06-25T05:51:22.580Z"
"undefined","6a3cc1dad6cff81164660f5a","Unknown","thesucessformula_","Unassigned","New","normal","2026-06-25T05:51:22.713Z"
"undefined","6a3cc1dad6cff81164660f5b","Unknown","__mohd_nayeem","Unassigned","New","normal","2026-06-25T05:51:22.855Z"
"undefined","6a3cc1dad6cff81164660f5c","Unknown","salmam_sheikh1607","Unassigned","New","normal","2026-06-25T05:51:22.986Z"
"undefined","6a3cc1dbd6cff81164660f5d","Unknown","sameer_smashes.mma","Unassigned","New","normal","2026-06-25T05:51:23.116Z"
"undefined","6a3cc1dbd6cff81164660f5e","Unknown","d_nawabzaada_","Unassigned","New","normal","2026-06-25T05:51:23.245Z"
"undefined","6a3cc1dbd6cff81164660f5f","Unknown","_irfaxzz_x__","Unassigned","New","normal","2026-06-25T05:51:23.427Z"
"undefined","6a3cc1dbd6cff81164660f60","Unknown","ovesh.__.khan","Unassigned","New","normal","2026-06-25T05:51:23.559Z"
"undefined","6a3cc1dbd6cff81164660f61","Unknown","sk_suhelsaifi","Unassigned","New","normal","2026-06-25T05:51:23.693Z"
"undefined","6a3cc1dbd6cff81164660f62","Unknown","fares_bajaman_fb","Unassigned","New","normal","2026-06-25T05:51:23.824Z"
"undefined","6a3cc1dbd6cff81164660f63","Unknown","haarris_only_frns","Unassigned","New","normal","2026-06-25T05:51:23.956Z"
"undefined","6a3cc1dcd6cff81164660f65","Unknown","shanjay_.7","Unassigned","New","normal","2026-06-25T05:51:24.264Z"
"undefined","6a3cc1dcd6cff81164660f66","Unknown","aj_sweepsfine","Unassigned","New","normal","2026-06-25T05:51:24.446Z"
"undefined","6a3cc1dcd6cff81164660f67","Unknown","mohammad_rizwan_786","Unassigned","New","normal","2026-06-25T05:51:24.578Z"
"undefined","6a3cc1dcd6cff81164660f68","Unknown","essence_of_ilma","Unassigned","New","normal","2026-06-25T05:51:24.711Z"
"undefined","6a3cc1dcd6cff81164660f69","Unknown","syedshababakhtar","Unassigned","New","normal","2026-06-25T05:51:24.859Z"
"undefined","6a3cc1ddd6cff81164660f6a","Unknown","javidrkhan7","Unassigned","New","normal","2026-06-25T05:51:25.140Z"
"undefined","6a3cc1ddd6cff81164660f6b","Unknown","shahan_ansari","Unassigned","New","normal","2026-06-25T05:51:25.272Z"
"undefined","6a3cc1ddd6cff81164660f6c","Unknown","babbu_shaikh0","Unassigned","New","normal","2026-06-25T05:51:25.406Z"
"undefined","6a3cc1ddd6cff81164660f6d","Unknown","_the_phenomenal_1n","Unassigned","New","normal","2026-06-25T05:51:25.534Z"
"undefined","6a3cc1ddd6cff81164660f6e","Unknown","umar_azmi0101","Unassigned","New","normal","2026-06-25T05:51:25.665Z"
"undefined","6a3cc1ddd6cff81164660f6f","Unknown","mbizhustle07","Unassigned","New","normal","2026-06-25T05:51:25.845Z"
"undefined","6a3cc1ded6cff81164660f70","Unknown","mr.various_","Unassigned","New","normal","2026-06-25T05:51:26.035Z"
"undefined","6a3cc1ded6cff81164660f71","Unknown","azam.khan1_","Unassigned","New","normal","2026-06-25T05:51:26.166Z"
"undefined","6a3cc1ded6cff81164660f72","Unknown","adnannn.k21","Unassigned","New","normal","2026-06-25T05:51:26.303Z"
"undefined","6a3cc1ded6cff81164660f73","Unknown","samir_ahmad_012","Unassigned","New","normal","2026-06-25T05:51:26.434Z"
"undefined","6a3cc1ded6cff81164660f74","Unknown","themuhammad.hamza","Unassigned","New","normal","2026-06-25T05:51:26.567Z"
"undefined","6a3cc1ded6cff81164660f75","Unknown","mdsuhailsaifii","Unassigned","New","normal","2026-06-25T05:51:26.700Z"
"undefined","6a3cc1ded6cff81164660f76","Unknown","ismile.k","Unassigned","New","normal","2026-06-25T05:51:26.832Z"
"undefined","6a3cc1ded6cff81164660f77","Unknown","im.sabila.s","Unassigned","New","normal","2026-06-25T05:51:26.964Z"
"undefined","6a3cc1dfd6cff81164660f78","Unknown","__al_saba_","Unassigned","New","normal","2026-06-25T05:51:27.097Z"
"undefined","6a3cc1dfd6cff81164660f79","Unknown","cynic0007","Unassigned","New","normal","2026-06-25T05:51:27.243Z"
"undefined","6a3cc1dfd6cff81164660f7b","Unknown","sheikhy_the_lone_rider","Unassigned","New","normal","2026-06-25T05:51:27.508Z"
"undefined","6a3cc1dfd6cff81164660f7c","Unknown","ashfaq_architect","Unassigned","New","normal","2026-06-25T05:51:27.648Z"
"undefined","6a3cc1dfd6cff81164660f7d","Unknown","_yaseen_saif","Unassigned","New","normal","2026-06-25T05:51:27.838Z"
"undefined","6a3cc1dfd6cff81164660f7e","Unknown","wali_khan.7","Unassigned","New","normal","2026-06-25T05:51:27.977Z"
"undefined","6a3cc1e0d6cff81164660f7f","Unknown","04obeyy","Unassigned","New","normal","2026-06-25T05:51:28.111Z"
"undefined","6a3cc1e0d6cff81164660f80","Unknown","iam_nazrul_sheikh","Unassigned","New","normal","2026-06-25T05:51:28.386Z"
"undefined","6a3cc1e0d6cff81164660f81","Unknown","_maaz__memon","Unassigned","New","normal","2026-06-25T05:51:28.520Z"
"undefined","6a3cc1e0d6cff81164660f82","Unknown","syedhamza_269","Unassigned","New","normal","2026-06-25T05:51:28.669Z"
"undefined","6a3cc1e0d6cff81164660f83","Unknown","iamshazantalat","Unassigned","New","normal","2026-06-25T05:51:28.803Z"
"undefined","6a3cc1e0d6cff81164660f84","Unknown","aafreeen_ahmed","Unassigned","New","normal","2026-06-25T05:51:28.942Z"
"undefined","6a3cc1e1d6cff81164660f85","Unknown","daniyal_inamdar_","Unassigned","New","normal","2026-06-25T05:51:29.085Z"
"undefined","6a3cc1e1d6cff81164660f86","Unknown","debugging_life5001","Unassigned","New","normal","2026-06-25T05:51:29.225Z"
"undefined","6a3cc1e1d6cff81164660f87","Unknown","shadmaimam","Unassigned","New","normal","2026-06-25T05:51:29.365Z"
"undefined","6a3cc1e1d6cff81164660f88","Unknown","abubakkar_basha","Unassigned","New","normal","2026-06-25T05:51:29.525Z"
"undefined","6a3cc1e1d6cff81164660f89","Unknown","sammu__sameer","Unassigned","New","normal","2026-06-25T05:51:29.671Z"
"undefined","6a3cc1e1d6cff81164660f8a","Unknown","shahhaan","Unassigned","New","normal","2026-06-25T05:51:29.865Z"
"undefined","6a3cc1e2d6cff81164660f8b","Unknown","mohammad_affan001","Unassigned","New","normal","2026-06-25T05:51:30.039Z"
"undefined","6a3cc1e2d6cff81164660f8c","Unknown","dr_tariq_16","Unassigned","New","normal","2026-06-25T05:51:30.228Z"
"undefined","6a3cc1e2d6cff81164660f8d","Unknown","a_ashhhh0","Unassigned","New","normal","2026-06-25T05:51:30.381Z"
"undefined","6a3cc1e2d6cff81164660f8e","Unknown","zain_ibnu_mhd","Unassigned","New","normal","2026-06-25T05:51:30.629Z"
"undefined","6a3cc1e3d6cff81164660f8f","Unknown","ghazanfarqayamansari","Unassigned","New","normal","2026-06-25T05:51:31.104Z"
"undefined","6a3cc1e3d6cff81164660f90","Unknown","nadeem.h.s","Unassigned","New","normal","2026-06-25T05:51:31.331Z"
"undefined","6a3cc1e3d6cff81164660f91","Unknown","_mozakia_khalid_","Unassigned","New","normal","2026-06-25T05:51:31.719Z"
"undefined","6a3cc1e3d6cff81164660f92","Unknown","fz_b8","Unassigned","New","normal","2026-06-25T05:51:31.943Z"
"undefined","6a3cc1e5d6cff81164660f93","Unknown","zaid_nwz","Unassigned","New","normal","2026-06-25T05:51:33.195Z"
"undefined","6a3cc1e5d6cff81164660f94","Unknown","ad.naan572","Unassigned","New","normal","2026-06-25T05:51:33.326Z"
"undefined","6a3cc1e5d6cff81164660f95","Unknown","imd.adil","Unassigned","New","normal","2026-06-25T05:51:33.481Z"
"undefined","6a3cc1e5d6cff81164660f96","Unknown","arshadnadeem5784","Unassigned","New","normal","2026-06-25T05:51:33.613Z"
"undefined","6a3cc1e5d6cff81164660f97","Unknown","imohammedrameez","Unassigned","New","normal","2026-06-25T05:51:33.797Z"
"undefined","6a3cc1e5d6cff81164660f98","Unknown","moin.panja","Unassigned","New","normal","2026-06-25T05:51:33.941Z"
"undefined","6a3cc1e6d6cff81164660f99","Unknown","little_miss_philosopher","Unassigned","New","normal","2026-06-25T05:51:34.114Z"
"undefined","6a3cc1e6d6cff81164660f9a","Unknown","_mr.shaad_","Unassigned","New","normal","2026-06-25T05:51:34.278Z"
"undefined","6a3cc1e6d6cff81164660f9b","Unknown","nawazahmed360","Unassigned","New","normal","2026-06-25T05:51:34.419Z"
"undefined","6a3cc1e6d6cff81164660f9c","Unknown","anony.mity25","Unassigned","New","normal","2026-06-25T05:51:34.551Z"
"undefined","6a3cc1e6d6cff81164660f9d","Unknown","taabishhhhhh","Unassigned","New","normal","2026-06-25T05:51:34.685Z"
"undefined","6a3cc1e6d6cff81164660f9e","Unknown","sultan_waseem_619","Unassigned","New","normal","2026-06-25T05:51:34.865Z"
"undefined","6a3cc1e6d6cff81164660f9f","Unknown","_meer_umar_mohammed_","Unassigned","New","normal","2026-06-25T05:51:34.997Z"
"undefined","6a3cc1e7d6cff81164660fa0","Unknown","dr.syedsaqlain","Unassigned","New","normal","2026-06-25T05:51:35.129Z"
"undefined","6a3cc1e7d6cff81164660fa1","Unknown","khn_ruksar","Unassigned","New","normal","2026-06-25T05:51:35.262Z"
"undefined","6a3cc1e7d6cff81164660fa2","Unknown","_hammad___ali","Unassigned","New","normal","2026-06-25T05:51:35.395Z"
"undefined","6a3cc1e7d6cff81164660fa3","Unknown","dr_yasin_manoli","Unassigned","New","normal","2026-06-25T05:51:35.527Z"
"undefined","6a3cc1e7d6cff81164660fa4","Unknown","az_adib","Unassigned","New","normal","2026-06-25T05:51:35.660Z"
"undefined","6a3cc1e7d6cff81164660fa5","Unknown","addyace95","Unassigned","New","normal","2026-06-25T05:51:35.792Z"
"undefined","6a3cc1e7d6cff81164660fa6","Unknown","mdashraf5792","Unassigned","New","normal","2026-06-25T05:51:35.924Z"
"undefined","6a3cc1e8d6cff81164660fa7","Unknown","ayaaz_gg","Unassigned","New","normal","2026-06-25T05:51:36.063Z"
"undefined","6a3cc1e8d6cff81164660fa8","Unknown","nabeelahtasleem","Unassigned","New","normal","2026-06-25T05:51:36.195Z"
"undefined","6a3cc1e8d6cff81164660fa9","Unknown","sumaiyakhalid.sk","Unassigned","New","normal","2026-06-25T05:51:36.327Z"
"undefined","6a3cc1e8d6cff81164660faa","Unknown","mr_hammad__","Unassigned","New","normal","2026-06-25T05:51:36.460Z"
"undefined","6a3cc1e8d6cff81164660fab","Unknown","momin_guy313","Unassigned","New","normal","2026-06-25T05:51:36.634Z"
"undefined","6a3cc1e8d6cff81164660fac","Unknown","m_a_a_z._.20","Unassigned","New","normal","2026-06-25T05:51:36.765Z"
"undefined","6a3cc1e8d6cff81164660fad","Unknown","akhi_abu.huraira","Unassigned","New","normal","2026-06-25T05:51:36.900Z"
"undefined","6a3cc1e9d6cff81164660fae","Unknown","dheenriyaz_","Unassigned","New","normal","2026-06-25T05:51:37.087Z"
"undefined","6a3cc1e9d6cff81164660faf","Unknown","kuku_3210","Unassigned","New","normal","2026-06-25T05:51:37.265Z"
"undefined","6a3cc1e9d6cff81164660fb0","Unknown","smile4saifu","Unassigned","New","normal","2026-06-25T05:51:37.402Z"
"undefined","6a3cc1e9d6cff81164660fb1","Unknown","afra_waheed12","Unassigned","New","normal","2026-06-25T05:51:37.587Z"
"undefined","6a3cc1e9d6cff81164660fb2","Unknown","ramzani_748","Unassigned","New","normal","2026-06-25T05:51:37.720Z"
"undefined","6a3cc1e9d6cff81164660fb3","Unknown","irshad_ibn_syed","Unassigned","New","normal","2026-06-25T05:51:37.896Z"
"undefined","6a3cc1ead6cff81164660fb4","Unknown","rihanmansuri.0","Unassigned","New","normal","2026-06-25T05:51:38.040Z"
"undefined","6a3cc1ead6cff81164660fb5","Unknown","fahathul","Unassigned","New","normal","2026-06-25T05:51:38.173Z"
"undefined","6a3cc1ead6cff81164660fb6","Unknown","mkcysbzk510","Unassigned","New","normal","2026-06-25T05:51:38.306Z"
"undefined","6a3cc1ead6cff81164660fb7","Unknown","_ayeshna_khan_","Unassigned","New","normal","2026-06-25T05:51:38.441Z"
"undefined","6a3cc1ead6cff81164660fb8","Unknown","shaikkarishma1002","Unassigned","New","normal","2026-06-25T05:51:38.579Z"
"undefined","6a3cc1ebd6cff81164660fba","Unknown","umaaaimaaaaa","Unassigned","New","normal","2026-06-25T05:51:39.080Z"
"undefined","6a3cc1ebd6cff81164660fbb","Unknown","imfalakpathan","Unassigned","New","normal","2026-06-25T05:51:39.213Z"
"undefined","6a3cc1ebd6cff81164660fbc","Unknown","thrivingheart92","Unassigned","New","normal","2026-06-25T05:51:39.350Z"
"undefined","6a3cc1ebd6cff81164660fbd","Unknown","_hadiyashariff_","Unassigned","New","normal","2026-06-25T05:51:39.482Z"
"undefined","6a3cc1ebd6cff81164660fbe","Unknown","maverick.pvtttt","Unassigned","New","normal","2026-06-25T05:51:39.618Z"
"undefined","6a3cc1ebd6cff81164660fbf","Unknown","mtausif","Unassigned","New","normal","2026-06-25T05:51:39.764Z"
"undefined","6a3cc1ebd6cff81164660fc0","Unknown","zulfihasina","Unassigned","New","normal","2026-06-25T05:51:39.949Z"
"undefined","6a3cc1ecd6cff81164660fc1","Unknown","shahbazsbz","Unassigned","New","normal","2026-06-25T05:51:40.081Z"
"undefined","6a3cc1ecd6cff81164660fc2","Unknown","haneefshaik00","Unassigned","New","normal","2026-06-25T05:51:40.213Z"
"undefined","6a3cc1ecd6cff81164660fc3","Unknown","being_arbazzz","Unassigned","New","normal","2026-06-25T05:51:40.404Z"
"undefined","6a3cc1ecd6cff81164660fc4","Unknown","abduuu.ai","Unassigned","New","normal","2026-06-25T05:51:40.537Z"
"undefined","6a3cc1ecd6cff81164660fc5","Unknown","itz_sa_m001","Unassigned","New","normal","2026-06-25T05:51:40.668Z"
"undefined","6a3cc1ecd6cff81164660fc6","Unknown","mohammed92_raza_qadri","Unassigned","New","normal","2026-06-25T05:51:40.854Z"
"undefined","6a3cc1ecd6cff81164660fc7","Unknown","mohammed_lashkaria","Unassigned","New","normal","2026-06-25T05:51:40.997Z"
"undefined","6a3cc1edd6cff81164660fc8","Unknown","man_of_imagination","Unassigned","New","normal","2026-06-25T05:51:41.138Z"
"undefined","6a3cc1edd6cff81164660fc9","Unknown","syed_fizaah","Unassigned","New","normal","2026-06-25T05:51:41.270Z"
"undefined","6a3cc1edd6cff81164660fca","Unknown","mohdahmad69015","Unassigned","New","normal","2026-06-25T05:51:41.404Z"
"undefined","6a3cc1edd6cff81164660fcb","Unknown","down2earth_1997","Unassigned","New","normal","2026-06-25T05:51:41.539Z"
"undefined","6a3cc1edd6cff81164660fcc","Unknown","sanakausrr","Unassigned","New","normal","2026-06-25T05:51:41.763Z"
"undefined","6a3cc1edd6cff81164660fcd","Unknown","pink_butter_scotch","Unassigned","New","normal","2026-06-25T05:51:41.897Z"
"undefined","6a3cc1eed6cff81164660fce","Unknown","sha___keer","Unassigned","New","normal","2026-06-25T05:51:42.030Z"
"undefined","6a3cc1eed6cff81164660fd0","Unknown","resh._.75","Unassigned","New","normal","2026-06-25T05:51:42.290Z"
"undefined","6a3cc1eed6cff81164660fd1","Unknown","fasih_pvt0506","Unassigned","New","normal","2026-06-25T05:51:42.474Z"
"undefined","6a3cc1eed6cff81164660fd2","Unknown","thesahebealam","Unassigned","New","normal","2026-06-25T05:51:42.623Z"
"undefined","6a3cc1eed6cff81164660fd3","Unknown","azmathk20","Unassigned","New","normal","2026-06-25T05:51:42.761Z"
"undefined","6a3cc1efd6cff81164660fd4","Unknown","mksharfuddin","Unassigned","New","normal","2026-06-25T05:51:43.045Z"
"undefined","6a3cc1efd6cff81164660fd5","Unknown","aakibuzz","Unassigned","New","normal","2026-06-25T05:51:43.178Z"
"undefined","6a3cc1efd6cff81164660fd6","Unknown","muhammad307","Unassigned","New","normal","2026-06-25T05:51:43.312Z"
"undefined","6a3cc1efd6cff81164660fd7","Unknown","habibrehaman","Unassigned","New","normal","2026-06-25T05:51:43.444Z"
"undefined","6a3cc1efd6cff81164660fd8","Unknown","elprofe55or","Unassigned","New","normal","2026-06-25T05:51:43.576Z"
"undefined","6a3cc1efd6cff81164660fd9","Unknown","ibnedoulath.abu_anam","Unassigned","New","normal","2026-06-25T05:51:43.710Z"
"undefined","6a3cc1efd6cff81164660fda","Unknown","azharu_182617","Unassigned","New","normal","2026-06-25T05:51:43.886Z"
"undefined","6a3cc1f0d6cff81164660fdb","Unknown","sharmishan2020","Unassigned","New","normal","2026-06-25T05:51:44.020Z"
"undefined","6a3cc1f0d6cff81164660fdc","Unknown","shafaq6193","Unassigned","New","normal","2026-06-25T05:51:44.152Z"
"undefined","6a3cc1f0d6cff81164660fde","Unknown","closed_retro","Unassigned","New","normal","2026-06-25T05:51:44.471Z"
"undefined","6a3cc1f0d6cff81164660fe0","Unknown","collectstore2025","Unassigned","New","normal","2026-06-25T05:51:44.734Z"
"undefined","6a3cc1f0d6cff81164660fe1","Unknown","absquatulate814","Unassigned","New","normal","2026-06-25T05:51:44.915Z"
"undefined","6a3cc1f1d6cff81164660fe2","Unknown","siddique_______faheem","Unassigned","New","normal","2026-06-25T05:51:45.095Z"
"undefined","6a3cc1f1d6cff81164660fe3","Unknown","choudhary_arbaz___","Unassigned","New","normal","2026-06-25T05:51:45.235Z"
"undefined","6a3cc1f1d6cff81164660fe4","Unknown","shoaib31391","Unassigned","New","normal","2026-06-25T05:51:45.368Z"
"undefined","6a3cc1f1d6cff81164660fe5","Unknown","abdulsamad.io","Unassigned","New","normal","2026-06-25T05:51:45.505Z"
"undefined","6a3cc1f1d6cff81164660fe6","Unknown","samina.unfiltered","Unassigned","New","normal","2026-06-25T05:51:45.684Z"
"undefined","6a3cc1f1d6cff81164660fe7","Unknown","the_dynamic_developer_20","Unassigned","New","normal","2026-06-25T05:51:45.817Z"
"undefined","6a3cc1f1d6cff81164660fe8","Unknown","shahzadrahii","Unassigned","New","normal","2026-06-25T05:51:45.954Z"
"undefined","6a3cc1f2d6cff81164660fe9","Unknown","im_allu_","Unassigned","New","normal","2026-06-25T05:51:46.085Z"
"undefined","6a3cc1f2d6cff81164660fea","Unknown","mohamed__yacoob","Unassigned","New","normal","2026-06-25T05:51:46.229Z"
"undefined","6a3cc1f2d6cff81164660feb","Unknown","cutesadaf1998","Unassigned","New","normal","2026-06-25T05:51:46.359Z"
"undefined","6a3cc1f2d6cff81164660fec","Unknown","syed_tan_veer","Unassigned","New","normal","2026-06-25T05:51:46.534Z"
"undefined","6a3cc1f2d6cff81164660fed","Unknown","o_m_a_r_313_","Unassigned","New","normal","2026-06-25T05:51:46.714Z"
"undefined","6a3cc1f2d6cff81164660fee","Unknown","its__me_shareef","Unassigned","New","normal","2026-06-25T05:51:46.846Z"
"undefined","6a3cc1f2d6cff81164660fef","Unknown","if3130","Unassigned","New","normal","2026-06-25T05:51:46.979Z"
"undefined","6a3cc1f3d6cff81164660ff0","Unknown","_iamaankhan_","Unassigned","New","normal","2026-06-25T05:51:47.111Z"
"undefined","6a3cc1f3d6cff81164660ff1","Unknown","faizzaan022","Unassigned","New","normal","2026-06-25T05:51:47.294Z"
"undefined","6a3cc1f3d6cff81164660ff2","Unknown","fathima_zohh","Unassigned","New","normal","2026-06-25T05:51:47.428Z"
"undefined","6a3cc1f3d6cff81164660ff3","Unknown","im_mohd.qarib","Unassigned","New","normal","2026-06-25T05:51:47.561Z"
"undefined","6a3cc1f3d6cff81164660ff4","Unknown","imshadann","Unassigned","New","normal","2026-06-25T05:51:47.694Z"
"undefined","6a3cc1f3d6cff81164660ff5","Unknown","viral_funnyreels_01","Unassigned","New","normal","2026-06-25T05:51:47.830Z"
"undefined","6a3cc1f3d6cff81164660ff6","Unknown","hafizz_082","Unassigned","New","normal","2026-06-25T05:51:47.969Z"
"undefined","6a3cc1f4d6cff81164660ff7","Unknown","ubaidur_rahman__","Unassigned","New","normal","2026-06-25T05:51:48.106Z"
"undefined","6a3cc1f4d6cff81164660ff8","Unknown","im_curlyman","Unassigned","New","normal","2026-06-25T05:51:48.239Z"
"undefined","6a3cc1f4d6cff81164660ff9","Unknown","faisalpadaya","Unassigned","New","normal","2026-06-25T05:51:48.416Z"
"undefined","6a3cc1f4d6cff81164660ffa","Unknown","whoamairali","Unassigned","New","normal","2026-06-25T05:51:48.548Z"
"undefined","6a3cc1f4d6cff81164660ffb","Unknown","zishanjaura","Unassigned","New","normal","2026-06-25T05:51:48.725Z"
"undefined","6a3cc1f4d6cff81164660ffc","Unknown","abdulmujeib","Unassigned","New","normal","2026-06-25T05:51:48.906Z"
"undefined","6a3cc1f5d6cff81164660ffd","Unknown","syed_sadiqahmed","Unassigned","New","normal","2026-06-25T05:51:49.040Z"
"undefined","6a3cc1f5d6cff81164660ffe","Unknown","naazali014","Unassigned","New","normal","2026-06-25T05:51:49.345Z"
"undefined","6a3cc1f5d6cff81164660fff","Unknown","abs_._sid","Unassigned","New","normal","2026-06-25T05:51:49.662Z"
"undefined","6a3cc1f5d6cff81164661000","Unknown","ibu_fathi","Unassigned","New","normal","2026-06-25T05:51:49.796Z"
"undefined","6a3cc1f5d6cff81164661001","Unknown","hi_friend000","Unassigned","New","normal","2026-06-25T05:51:49.929Z"
"undefined","6a3cc1f6d6cff81164661002","Unknown","azhar618shaikh","Unassigned","New","normal","2026-06-25T05:51:50.520Z"
"undefined","6a3cc1f6d6cff81164661003","Unknown","ismailhoque910","Unassigned","New","normal","2026-06-25T05:51:50.653Z"
"undefined","6a3cc1f6d6cff81164661004","Unknown","farhanabegum684","Unassigned","New","normal","2026-06-25T05:51:50.794Z"
"undefined","6a3cc1f6d6cff81164661005","Unknown","169_pasha","Unassigned","New","normal","2026-06-25T05:51:50.925Z"
"undefined","6a3cc1f7d6cff81164661007","Unknown","abdulrazaq_clappex","Unassigned","New","normal","2026-06-25T05:51:51.193Z"
"undefined","6a3cc1f7d6cff81164661008","Unknown","zubairbhai678","Unassigned","New","normal","2026-06-25T05:51:51.328Z"
"undefined","6a3cc1f7d6cff81164661009","Unknown","ah09_04","Unassigned","New","normal","2026-06-25T05:51:51.465Z"
"undefined","6a3cc1f7d6cff8116466100a","Unknown","habeebeekhalith","Unassigned","New","normal","2026-06-25T05:51:51.692Z"
"undefined","6a3cc1f7d6cff8116466100b","Unknown","yarkhannajeeb","Unassigned","New","normal","2026-06-25T05:51:51.825Z"
"undefined","6a3cc1f8d6cff8116466100c","Unknown","faheemahmed4088","Unassigned","New","normal","2026-06-25T05:51:52.006Z"
"undefined","6a3cc1f8d6cff8116466100d","Unknown","chandni4195","Unassigned","New","normal","2026-06-25T05:51:52.147Z"
"undefined","6a3cc1f8d6cff8116466100e","Unknown","rizwanshaikh_9776","Unassigned","New","normal","2026-06-25T05:51:52.289Z"
"undefined","6a3cc1f8d6cff8116466100f","Unknown","nadim82611","Unassigned","New","normal","2026-06-25T05:51:52.513Z"
"undefined","6a3cc1f8d6cff81164661010","Unknown","true_connectz","Unassigned","New","normal","2026-06-25T05:51:52.649Z"
"undefined","6a3cc1f9d6cff81164661012","Unknown","57.648989","Unassigned","New","normal","2026-06-25T05:51:53.073Z"
"undefined","6a3cc1f9d6cff81164661013","Unknown","aqsa_ep","Unassigned","New","normal","2026-06-25T05:51:53.206Z"
"undefined","6a3cc1f9d6cff81164661014","Unknown","syed_nizamuddin19","Unassigned","New","normal","2026-06-25T05:51:53.339Z"
"undefined","6a3cc1f9d6cff81164661015","Unknown","dr.mahammadrobiul","Unassigned","New","normal","2026-06-25T05:51:53.515Z"
"undefined","6a3cc1f9d6cff81164661017","Unknown","optimalsurgicals","Unassigned","New","normal","2026-06-25T05:51:53.780Z"
"undefined","6a3cc1f9d6cff81164661018","Unknown","alr4321","Unassigned","New","normal","2026-06-25T05:51:53.912Z"
"undefined","6a3cc1fad6cff81164661019","Unknown","mubeenansari240","Unassigned","New","normal","2026-06-25T05:51:54.206Z"
"undefined","6a3cc1fad6cff8116466101a","Unknown","silentmusician1","Unassigned","New","normal","2026-06-25T05:51:54.479Z"
"undefined","6a3cc1fad6cff8116466101b","Unknown","nazeema_khanum5","Unassigned","New","normal","2026-06-25T05:51:54.883Z"
"undefined","6a3cc1fbd6cff8116466101c","Unknown","salmanro_","Unassigned","New","normal","2026-06-25T05:51:55.075Z"
"undefined","6a3cc1fbd6cff8116466101e","Unknown","shaikh_jd_52","Unassigned","New","normal","2026-06-25T05:51:55.341Z"
"undefined","6a3cc1fbd6cff8116466101f","Unknown","umar7t","Unassigned","New","normal","2026-06-25T05:51:55.527Z"
"undefined","6a3cc1fbd6cff81164661020","Unknown","sanobar05","Unassigned","New","normal","2026-06-25T05:51:55.715Z"
"undefined","6a3cc1fbd6cff81164661021","Unknown","sab30_mu","Unassigned","New","normal","2026-06-25T05:51:55.850Z"
"undefined","6a3cc1fbd6cff81164661022","Unknown","everythingisforreas","Unassigned","New","normal","2026-06-25T05:51:55.987Z"
"undefined","6a3cc1fcd6cff81164661023","Unknown","shoaibmakkah99","Unassigned","New","normal","2026-06-25T05:51:56.174Z"
"undefined","6a3cc1fcd6cff81164661024","Unknown","faiz_hashmi7","Unassigned","New","normal","2026-06-25T05:51:56.311Z"
"undefined","6a3cc1fcd6cff81164661025","Unknown","itszeblife","Unassigned","New","normal","2026-06-25T05:51:56.447Z"
"undefined","6a3cc1fcd6cff81164661026","Unknown","sarfarazshamsofficial","Unassigned","New","normal","2026-06-25T05:51:56.670Z"
"undefined","6a3cc1fcd6cff81164661027","Unknown","ray_of_light0087","Unassigned","New","normal","2026-06-25T05:51:56.807Z"
"undefined","6a3cc1fcd6cff81164661028","Unknown","the_real.faiz","Unassigned","New","normal","2026-06-25T05:51:56.945Z"
"undefined","6a3cc1fdd6cff81164661029","Unknown","arsultanmisbah","Unassigned","New","normal","2026-06-25T05:51:57.126Z"
"undefined","6a3cc1fdd6cff8116466102a","Unknown","shaik49886","Unassigned","New","normal","2026-06-25T05:51:57.260Z"
"undefined","6a3cc1fdd6cff8116466102b","Unknown","shahinaislam143","Unassigned","New","normal","2026-06-25T05:51:57.392Z"
"undefined","6a3cc1fdd6cff8116466102c","Unknown","faiyazuddin.ahmed.5","Unassigned","New","normal","2026-06-25T05:51:57.624Z"
"undefined","6a3cc1fdd6cff8116466102d","Unknown","anjumzafarofficial","Unassigned","New","normal","2026-06-25T05:51:57.935Z"
"undefined","6a3cc1fed6cff8116466102e","Unknown","salim.qureshi.7965","Unassigned","New","normal","2026-06-25T05:51:58.068Z"
"undefined","6a3cc1fed6cff8116466102f","Unknown","winner.0009","Unassigned","New","normal","2026-06-25T05:51:58.198Z"
"undefined","6a3cc1fed6cff81164661031","Unknown","azeem.kamran.106","Unassigned","New","normal","2026-06-25T05:51:58.556Z"
"undefined","6a3cc1fed6cff81164661032","Unknown","5205aamir","Unassigned","New","normal","2026-06-25T05:51:58.688Z"
"undefined","6a3cc1fed6cff81164661033","Unknown","zain__975","Unassigned","New","normal","2026-06-25T05:51:58.868Z"
"undefined","6a3cc1ffd6cff81164661034","Unknown","shobie_007","Unassigned","New","normal","2026-06-25T05:51:59.001Z"
"undefined","6a3cc1ffd6cff81164661035","Unknown","akil.ishaksayyad","Unassigned","New","normal","2026-06-25T05:51:59.133Z"
"undefined","6a3cc1ffd6cff81164661036","Unknown","maham__anees","Unassigned","New","normal","2026-06-25T05:51:59.316Z"
"undefined","6a3cc1ffd6cff81164661037","Unknown","khalid7mustafa","Unassigned","New","normal","2026-06-25T05:51:59.450Z"
"undefined","6a3cc1ffd6cff81164661038","Unknown","abdulicious001","Unassigned","New","normal","2026-06-25T05:51:59.582Z"
"undefined","6a3cc1ffd6cff81164661039","Unknown","onward_shipping_india","Unassigned","New","normal","2026-06-25T05:51:59.715Z"
"undefined","6a3cc200d6cff8116466103a","Unknown","xeeshan_shaan","Unassigned","New","normal","2026-06-25T05:52:00.125Z"
"undefined","6a3cc200d6cff8116466103b","Unknown","skkhizhar.7","Unassigned","New","normal","2026-06-25T05:52:00.260Z"
"undefined","6a3cc200d6cff8116466103c","Unknown","yasir30298","Unassigned","New","normal","2026-06-25T05:52:00.394Z"
"undefined","6a3cc200d6cff8116466103d","Unknown","mr.riyazahmedmd","Unassigned","New","normal","2026-06-25T05:52:00.574Z"
"undefined","6a3cc200d6cff8116466103e","Unknown","zafar_ktr","Unassigned","New","normal","2026-06-25T05:52:00.885Z"
"undefined","6a3cc201d6cff8116466103f","Unknown","zahen786","Unassigned","New","normal","2026-06-25T05:52:01.168Z"
"undefined","6a3cc201d6cff81164661040","Unknown","iamaramaan","Unassigned","New","normal","2026-06-25T05:52:01.304Z"
"undefined","6a3cc201d6cff81164661041","Unknown","iamsrkiannnnn","Unassigned","New","normal","2026-06-25T05:52:01.466Z"
"undefined","6a3cc201d6cff81164661042","Unknown","fayas_deen_","Unassigned","New","normal","2026-06-25T05:52:01.600Z"
"undefined","6a3cc201d6cff81164661044","Unknown","oieshmendhake","Unassigned","New","normal","2026-06-25T05:52:01.869Z"
"undefined","6a3cc202d6cff81164661045","Unknown","khowsueyhub","Unassigned","New","normal","2026-06-25T05:52:02.001Z"
"undefined","6a3cc202d6cff81164661046","Unknown","mysticworld123","Unassigned","New","normal","2026-06-25T05:52:02.135Z"
"undefined","6a3cc202d6cff81164661048","Unknown","isconinfraofficial","Unassigned","New","normal","2026-06-25T05:52:02.490Z"
"undefined","6a3cc202d6cff81164661049","Unknown","parthi_.18_","Unassigned","New","hot","2026-06-25T05:52:02.713Z"
"undefined","6a3cc203d6cff8116466104a","Unknown","nabiulihazarika","Unassigned","New","normal","2026-06-25T05:52:03.356Z"
"undefined","6a3cc203d6cff8116466104b","Unknown","mohammedzaheeruddinshah","Unassigned","New","normal","2026-06-25T05:52:03.535Z"
"undefined","6a3cc203d6cff8116466104c","Unknown","syedtalha6374","Unassigned","New","normal","2026-06-25T05:52:03.806Z"
"undefined","6a3cc203d6cff8116466104d","Unknown","sadathali.sabir","Unassigned","New","normal","2026-06-25T05:52:03.996Z"
"undefined","6a3cc204d6cff8116466104e","Unknown","adens_homestay","Unassigned","New","normal","2026-06-25T05:52:04.195Z"
"undefined","6a3cc204d6cff8116466104f","Unknown","queen_of_henna_89","Unassigned","New","normal","2026-06-25T05:52:04.331Z"
"undefined","6a3cc204d6cff81164661050","Unknown","mofa_f1","Unassigned","New","normal","2026-06-25T05:52:04.527Z"
"undefined","6a3cc204d6cff81164661051","Unknown","ra1s_m","Unassigned","New","normal","2026-06-25T05:52:04.719Z"
"undefined","6a3cc204d6cff81164661052","Unknown","rabia_jewels","Unassigned","New","normal","2026-06-25T05:52:04.998Z"
"undefined","6a3cc205d6cff81164661053","Unknown","im_abdullahzia","Unassigned","New","normal","2026-06-25T05:52:05.175Z"
"undefined","6a3cc205d6cff81164661054","Unknown","sbsu.02","Unassigned","New","normal","2026-06-25T05:52:05.312Z"
"undefined","6a3cc205d6cff81164661055","Unknown","parizaad0015","Unassigned","New","normal","2026-06-25T05:52:05.453Z"
"undefined","6a3cc205d6cff81164661056","Unknown","timshalsid","Unassigned","New","normal","2026-06-25T05:52:05.585Z"
"undefined","6a3cc205d6cff81164661057","Unknown","dinosaur.487400","Unassigned","New","normal","2026-06-25T05:52:05.805Z"
"undefined","6a3cc205d6cff81164661058","Unknown","iam_bapu","Unassigned","New","normal","2026-06-25T05:52:05.937Z"
"undefined","6a3cc206d6cff81164661059","Unknown","spectrum_classes","Unassigned","New","normal","2026-06-25T05:52:06.069Z"
"undefined","6a3cc206d6cff8116466105a","Unknown","imdadullah_sharief","Unassigned","New","normal","2026-06-25T05:52:06.256Z"
"undefined","6a3cc206d6cff8116466105b","Unknown","artnfactsindia","Unassigned","New","normal","2026-06-25T05:52:06.389Z"
"undefined","6a3cc206d6cff8116466105c","Unknown","sf.102274","Unassigned","New","normal","2026-06-25T05:52:06.565Z"
"undefined","6a3cc206d6cff8116466105d","Unknown","sohailabdulbari","Unassigned","New","normal","2026-06-25T05:52:06.758Z"
"undefined","6a3cc207d6cff8116466105e","Unknown","mohammaddr.mastan","Unassigned","New","normal","2026-06-25T05:52:07.022Z"
"undefined","6a3cc207d6cff8116466105f","Unknown","sandsco_properties","Unassigned","New","normal","2026-06-25T05:52:07.154Z"
"undefined","6a3cc207d6cff81164661060","Unknown","motonomous_600","Unassigned","New","normal","2026-06-25T05:52:07.338Z"
"undefined","6a3cc207d6cff81164661061","Unknown","sttellar007","Unassigned","New","normal","2026-06-25T05:52:07.470Z"
"undefined","6a3cc207d6cff81164661062","Unknown","md.mustaque.1023611","Unassigned","New","normal","2026-06-25T05:52:07.604Z"
"undefined","6a3cc207d6cff81164661063","Unknown","azeemulla85","Unassigned","New","normal","2026-06-25T05:52:07.736Z"
"undefined","6a3cc207d6cff81164661064","Unknown","sallukhann12","Unassigned","New","normal","2026-06-25T05:52:07.873Z"
"undefined","6a3cc208d6cff81164661065","Unknown","danish_siddiqui780","Unassigned","New","normal","2026-06-25T05:52:08.004Z"
"undefined","6a3cc208d6cff81164661066","Unknown","reeyaz_syed","Unassigned","New","normal","2026-06-25T05:52:08.276Z"
"undefined","6a3cc208d6cff81164661067","Unknown","rehaanahmad111","Unassigned","New","normal","2026-06-25T05:52:08.497Z"
"undefined","6a3cc208d6cff81164661068","Unknown","mushahid.27","Unassigned","New","normal","2026-06-25T05:52:08.627Z"
"undefined","6a3cc208d6cff81164661069","Unknown","tarannumbi","Unassigned","New","normal","2026-06-25T05:52:08.979Z"
"undefined","6a3cc209d6cff8116466106a","Unknown","mohammed9361274","Unassigned","New","normal","2026-06-25T05:52:09.113Z"
"undefined","6a3cc209d6cff8116466106b","Unknown","shakeelsaladin","Unassigned","New","normal","2026-06-25T05:52:09.245Z"
"undefined","6a3cc209d6cff8116466106c","Unknown","sameerkhan_7738","Unassigned","New","normal","2026-06-25T05:52:09.377Z"
"undefined","6a3cc209d6cff8116466106d","Unknown","turn2law","Unassigned","New","normal","2026-06-25T05:52:09.733Z"
"undefined","6a3cc20ad6cff8116466106e","Unknown","irfanshaikhoffical01","Unassigned","New","normal","2026-06-25T05:52:10.064Z"
"undefined","6a3cc20ad6cff81164661071","Unknown","mohammedzubair4977","Unassigned","New","normal","2026-06-25T05:52:10.593Z"
"undefined","6a3cc20ad6cff81164661072","Unknown","a995046","Unassigned","New","normal","2026-06-25T05:52:10.729Z"
"undefined","6a3cc20ad6cff81164661073","Unknown","akramshaikh9162020","Unassigned","New","normal","2026-06-25T05:52:10.863Z"
"undefined","6a3cc20bd6cff81164661074","Unknown","asrarbukhari","Unassigned","New","normal","2026-06-25T05:52:11.150Z"
"undefined","6a3cc20bd6cff81164661075","Unknown","hussain5074","Unassigned","New","normal","2026-06-25T05:52:11.287Z"
"undefined","6a3cc20bd6cff81164661076","Unknown","fayaz_ahmed312","Unassigned","New","normal","2026-06-25T05:52:11.420Z"
"undefined","6a3cc20bd6cff81164661077","Unknown","yusuf_note_nomad","Unassigned","New","normal","2026-06-25T05:52:11.596Z"
"undefined","6a3cc20bd6cff81164661078","Unknown","saifshaikh_sbs","Unassigned","New","normal","2026-06-25T05:52:11.732Z"
"undefined","6a3cc20bd6cff81164661079","Unknown","masood_mickey","Unassigned","New","normal","2026-06-25T05:52:11.914Z"
"undefined","6a3cc20cd6cff8116466107b","Unknown","saif_vlogs0","Unassigned","New","normal","2026-06-25T05:52:12.364Z"
"undefined","6a3cc20cd6cff8116466107c","Unknown","syedateeqquadri","Unassigned","New","normal","2026-06-25T05:52:12.496Z"
"undefined","6a3cc20cd6cff8116466107d","Unknown","local2onlinedotcom","Unassigned","New","normal","2026-06-25T05:52:12.636Z"
"undefined","6a3cc20cd6cff8116466107f","Unknown","tanveer28692","Unassigned","New","normal","2026-06-25T05:52:12.955Z"
"undefined","6a3cc20dd6cff81164661080","Unknown","rdfhhygvd","Unassigned","New","normal","2026-06-25T05:52:13.172Z"
"undefined","6a3cc20dd6cff81164661081","Unknown","aqadir815","Unassigned","New","normal","2026-06-25T05:52:13.311Z"
"undefined","6a3cc20dd6cff81164661082","Unknown","asim.ansari.18","Unassigned","New","normal","2026-06-25T05:52:13.534Z"
"undefined","6a3cc20dd6cff81164661083","Unknown","__zeeshan.a__","Unassigned","New","normal","2026-06-25T05:52:13.667Z"
"undefined","6a3cc20dd6cff81164661084","Unknown","issuzam","Unassigned","New","normal","2026-06-25T05:52:13.799Z"
"undefined","6a3cc20dd6cff81164661085","Unknown","zararuddin29","Unassigned","New","normal","2026-06-25T05:52:13.931Z"
"undefined","6a3cc20ed6cff81164661086","Unknown","mushtaque_777","Unassigned","New","normal","2026-06-25T05:52:14.072Z"
"undefined","6a3cc20ed6cff81164661088","Unknown","zainu2201","Unassigned","New","normal","2026-06-25T05:52:14.335Z"
"undefined","6a3cc20ed6cff81164661089","Unknown","syed669171","Unassigned","New","normal","2026-06-25T05:52:14.468Z"
"undefined","6a3cc20ed6cff8116466108a","Unknown","ummermoosa","Unassigned","New","normal","2026-06-25T05:52:14.599Z"
"undefined","6a3cc20ed6cff8116466108b","Unknown","dreamdoorrealestate","Unassigned","New","normal","2026-06-25T05:52:14.730Z"
"undefined","6a3cc20ed6cff8116466108c","Unknown","itz_eshal007","Unassigned","New","normal","2026-06-25T05:52:14.865Z"
"undefined","6a3cc20fd6cff8116466108d","Unknown","jameel_founder","Unassigned","New","normal","2026-06-25T05:52:15.001Z"
"undefined","6a3cc20fd6cff8116466108e","Unknown","irshad_masoodi","Unassigned","New","normal","2026-06-25T05:52:15.175Z"
"undefined","6a3cc20fd6cff8116466108f","Unknown","sana_ashfaque","Unassigned","New","normal","2026-06-25T05:52:15.562Z"
"undefined","6a3cc20fd6cff81164661090","Unknown","mili_50677","Unassigned","New","normal","2026-06-25T05:52:15.694Z"
"undefined","6a3cc212d6cff81164661091","Unknown","classicsami80","Unassigned","New","normal","2026-06-25T05:52:18.840Z"
"undefined","6a3cc213d6cff81164661092","Unknown","sach.shinde","Unassigned","New","normal","2026-06-25T05:52:19.303Z"
"undefined","6a3cc213d6cff81164661093","Unknown","_mr.grover__","Unassigned","New","normal","2026-06-25T05:52:19.483Z"
"undefined","6a3cc214d6cff81164661094","Unknown","simmyshk_","Unassigned","New","normal","2026-06-25T05:52:20.093Z"
"undefined","6a3cca55a60b902e808f46d4","Unknown","haris_cong","Unassigned","New","normal","2026-06-25T06:27:33.155Z"
"undefined","6a3cd101a60b902e808f46f1","Unknown","sohrabkhan.lmp","Unassigned","New","normal","2026-06-25T06:56:01.841Z"
"undefined","6a3ce08660417312b4a00378","Unknown","bb_perambur","Unassigned","New","normal","2026-06-25T08:02:14.021Z"
"undefined","6a3ce0be60417312b4a00385","Unknown","m0hammed.asif","Unassigned","New","normal","2026-06-25T08:03:10.627Z"
"undefined","6a3ce35d60417312b4a003d3","Unknown","IG_User_1356311233257248","Unassigned","New","normal","2026-06-25T08:14:21.647Z"
"undefined","6a3ce65e203de765c1776daf","Unknown","saad_kachhi_","Unassigned","New","normal","2026-06-25T00:38:00.255Z"
"undefined","6a3ce65f203de765c1776db1","Unknown","shaix.hs.__","Unassigned","New","normal","2026-06-25T02:22:31.740Z"
"undefined","6a3ce65f203de765c1776db3","Unknown","arshad_2401","Unassigned","New","normal","2026-06-25T02:55:55.745Z"
"undefined","6a3ce65f203de765c1776db6","Unknown","mukthar.sk","Unassigned","New","normal","2026-06-25T03:44:27.418Z"
"undefined","6a3ce660203de765c1776db7","Unknown","rizwan.khan.9256028","Unassigned","New","normal","2026-06-25T03:49:26.419Z"
"undefined","6a3ce660203de765c1776db8","Unknown","gaming4op","Unassigned","New","normal","2026-06-25T03:55:00.684Z"
"undefined","6a3ce660203de765c1776db9","Unknown","footwork033","Unassigned","New","normal","2026-06-25T04:06:25.957Z"
"undefined","6a3ce660203de765c1776dba","Unknown","kaleemuddin870","Unassigned","New","normal","2026-06-25T04:09:45.631Z"
"undefined","6a3ce661203de765c1776dbb","Unknown","wasim5079","Unassigned","New","normal","2026-06-25T04:24:14.142Z"
"undefined","6a3ce661203de765c1776dbd","Unknown","zer__zabar","Unassigned","New","normal","2026-06-25T05:17:31.299Z"
"undefined","6a3ce661203de765c1776dbe","Unknown","rio_raees","Unassigned","New","normal","2026-06-25T05:18:15.717Z"
"undefined","6a3ce661203de765c1776dbf","Unknown","sarim_____________","Unassigned","New","normal","2026-06-25T05:43:57.612Z"
"undefined","6a3ce661203de765c1776dc0","Unknown","malikarchitect","Unassigned","New","normal","2026-06-25T06:02:35.850Z"
"undefined","6a3ce661203de765c1776dc1","Unknown","shaks_110","Unassigned","New","normal","2026-06-25T06:05:38.440Z"
"undefined","6a3ce7e0eaca3527bf33083d","Unknown","hasan_115181","Unassigned","New","normal","2026-06-25T08:33:36.540Z"
"undefined","6a3cededeaca3527bf3308c5","Unknown","rinumdeys","Unassigned","New","normal","2026-06-25T08:59:25.758Z"
"undefined","6a3cf02feaca3527bf3308cf","Unknown","fathimaz_______","Unassigned","New","normal","2026-06-25T09:09:03.070Z"
"undefined","6a3cf3cdd7cfaab7cf6ed1a0","Unknown","just_call_mezee","Unassigned","New","normal","2026-06-25T09:24:29.360Z"
"undefined","6a3cf42fd7cfaab7cf6ed1a5","Unknown","IG_User_1720034515755483","Unassigned","New","normal","2026-06-25T09:26:07.491Z"
"undefined","6a3cf4e0d7cfaab7cf6ed1a9","Unknown","IG_User_1063856686079091","Unassigned","New","normal","2026-06-25T09:29:04.273Z"
"undefined","6a3cf7bdd7cfaab7cf6ed1b8","Unknown","karuvaaya_unlucky","Unassigned","New","normal","2026-06-25T09:41:17.539Z"
"undefined","6a3cfa7dd7cfaab7cf6ed1d0","Unknown","IG_User_921086010999148","Unassigned","New","normal","2026-06-25T09:53:01.121Z"
"undefined","6a3cfae1d7cfaab7cf6ed1d3","Unknown","IG_User_1041781841529254","Unassigned","New","normal","2026-06-25T09:54:41.634Z"
"undefined","6a3d0146ad8f268e7c515b35","Unknown","IG_User_1017796587624402","Unassigned","New","normal","2026-06-25T10:21:58.950Z"
"undefined","6a3d01bdad8f268e7c515b37","Unknown","itz__zayn_pvt","Unassigned","New","normal","2026-06-25T10:23:57.378Z"
"undefined","6a3d050cad8f268e7c515b47","Unknown","its_arush_sha","Unassigned","New","normal","2026-06-25T10:38:04.901Z"
"undefined","6a3d0663ad8f268e7c515b52","Unknown","IG_User_1579297640295086","Unassigned","New","normal","2026-06-25T10:43:47.640Z"
"undefined","6a3d0776ad8f268e7c515b56","Unknown","khaja.imran","Unassigned","New","normal","2026-06-25T10:48:22.946Z"
"undefined","6a3d0abcad8f268e7c515b67","Unknown","asad305725","Unassigned","New","normal","2026-06-25T11:02:20.301Z"
"undefined","6a3d0ca1ad8f268e7c515b6e","Unknown","ma_munavvar","Unassigned","New","normal","2026-06-25T11:10:25.575Z"
"undefined","6a3d1046ad8f268e7c515b74","Unknown","IG_User_2072367830373598","Unassigned","New","normal","2026-06-25T11:25:58.569Z"
"undefined","6a3d12d0ad8f268e7c515b79","Unknown","IG_User_1596752975178695","Unassigned","New","normal","2026-06-25T11:36:48.180Z"
"undefined","6a3d1344ad8f268e7c515b83","Unknown","sayeedkhan375","Unassigned","New","normal","2026-06-25T11:38:44.570Z"
"undefined","6a3d1377ad8f268e7c515b86","Unknown","afsha4824","Unassigned","New","normal","2026-06-25T11:39:35.616Z"
"undefined","6a3d17d8ad8f268e7c515b97","Unknown","IG_User_1742230350529583","Unassigned","New","normal","2026-06-25T11:58:16.958Z"
"undefined","6a3d1860ad8f268e7c515b99","Unknown","IG_User_1021502857478016","Unassigned","New","normal","2026-06-25T12:00:32.658Z"
"undefined","6a3d1bd5ad8f268e7c515b9e","Unknown","IG_User_37070035565927997","Unassigned","New","normal","2026-06-25T12:15:17.986Z"
"undefined","6a3d2030ad8f268e7c515ba9","Unknown","IG_User_1689992262330972","Unassigned","New","normal","2026-06-25T12:33:52.970Z"
"undefined","6a3d20fead8f268e7c515bad","Unknown","bushra7867862024","Unassigned","New","normal","2026-06-25T12:37:18.807Z"
"undefined","6a3d27baad8f268e7c515bc3","Unknown","IG_User_866980136461384","Unassigned","New","normal","2026-06-25T13:06:02.329Z"
"undefined","6a3d2a1aad8f268e7c515bd1","Unknown","loggingin2026","Unassigned","New","normal","2026-06-25T13:16:10.366Z"
"undefined","6a3d2ce8ad8f268e7c515bdc","Unknown","habieb_2","Unassigned","New","normal","2026-06-25T13:28:08.597Z"
"undefined","6a3d37a7ad8f268e7c515bf1","Unknown","eko.baridi","Unassigned","New","hot","2026-06-25T14:13:59.782Z"
"undefined","6a3d3a0dad8f268e7c515bfa","Unknown","farahdiba.diaries","Unassigned","New","normal","2026-06-25T14:24:13.384Z"
"undefined","6a3d3d67ad8f268e7c515c05","Unknown","wasimshaikh9453","Unassigned","New","hot","2026-06-25T14:38:31.716Z"
"undefined","6a3d3e45ad8f268e7c515c0b","Unknown","yushanfabric_impex","Unassigned","New","hot","2026-06-25T14:42:13.075Z"
"undefined","6a3d3f72ad8f268e7c515c0e","Unknown","mohmeen","Unassigned","New","hot","2026-06-25T14:47:14.490Z"
"undefined","6a3d4011ad8f268e7c515c12","Unknown","psychedbyuzma","Unassigned","New","hot","2026-06-25T14:49:53.240Z"
"undefined","6a3d42bfad8f268e7c515c17","Unknown","sabira.kadri","Unassigned","New","normal","2026-06-25T15:01:19.337Z"
"undefined","6a3d444ead8f268e7c515c1c","Unknown","mohmmedirfanbalawala","Unassigned","New","normal","2026-06-25T15:07:58.038Z"
"undefined","6a3d463ead8f268e7c515c20","Unknown","riyazxeditz28","Unassigned","New","normal","2026-06-25T15:16:14.384Z"
"undefined","6a3d482dad8f268e7c515c26","Unknown","IG_User_3948353235458908","Unassigned","New","normal","2026-06-25T15:24:29.363Z"
"undefined","6a3d4b18ad8f268e7c515c2f","Unknown","IG_User_1286378130373455","Unassigned","New","normal","2026-06-25T15:36:56.012Z"
"undefined","6a3d4be3ad8f268e7c515c33","Unknown","IG_User_871675365505460","Unassigned","New","normal","2026-06-25T15:40:19.508Z"
"undefined","6a3d4c87ad8f268e7c515c37","Unknown","IG_User_1714086583059315","Unassigned","New","normal","2026-06-25T15:43:03.496Z"
"undefined","6a3d4d27ad8f268e7c515c39","Unknown","IG_User_1534113228422603","Unassigned","New","normal","2026-06-25T15:45:43.993Z"
"undefined","6a3d4e92ad8f268e7c515c3c","Unknown","IG_User_2317907995284649","Unassigned","New","normal","2026-06-25T15:51:46.022Z"
"undefined","6a3d56a090c5f6c1a853c817","Unknown","IG_User_1134140656454145","Unassigned","New","normal","2026-06-25T16:26:08.156Z"
"undefined","6a3d61e21e8f4ad48de42d44","Unknown","khan_aadilr","Unassigned","New","normal","2026-06-25T17:14:10.471Z"
"undefined","6a3d65e00ea5b64473ed7695","Unknown","lubnahenna","Unassigned","New","normal","2026-06-25T17:31:12.916Z"
"undefined","6a3d69e4557dab8d6d6a0dfa","Unknown","IG_User_956288530746685","Unassigned","New","normal","2026-06-25T17:48:20.685Z"
"undefined","6a3d6b6e557dab8d6d6a0dff","Unknown","IG_User_881831797717740","Unassigned","New","normal","2026-06-25T17:54:54.935Z"
"undefined","6a3d7346dedcb1904e0b4e8f","Unknown","IG_User_27330210456600899","Unassigned","New","normal","2026-06-25T18:28:22.386Z"
"undefined","6a3d7734dedcb1904e0b4e95","Unknown","anonymous0001_9","Unassigned","New","normal","2026-06-25T18:45:08.551Z"
"undefined","6a3d7884dedcb1904e0b4e98","Unknown","IG_User_2117058269693062","Unassigned","New","normal","2026-06-25T18:50:44.772Z"
"undefined","6a3d7946dedcb1904e0b4e9b","Unknown","antique_nest_period_furnitures","Unassigned","New","normal","2026-06-25T18:53:58.904Z"
"undefined","6a3d7c5adedcb1904e0b4ea1","Unknown","IG_User_887732407070665","Unassigned","New","normal","2026-06-25T19:07:06.348Z"
"undefined","6a3d7c63dedcb1904e0b4ea3","Unknown","muneers777","Unassigned","New","normal","2026-06-25T19:07:15.506Z"
"undefined","6a3d7e89dedcb1904e0b4ea7","Unknown","IG_User_949388534817758","Unassigned","New","normal","2026-06-25T19:16:25.111Z"
"undefined","6a3d8b15c8016f589d76dcd9","Unknown","zee.8329","Unassigned","New","normal","2026-06-25T20:09:57.257Z"
"undefined","6a3d94cdc8016f589d76dce1","Unknown","jawad_bargir","Unassigned","New","normal","2026-06-25T20:51:25.079Z"
"undefined","6a3da478c8016f589d76dcea","Unknown","IG_User_1723774721956221","Unassigned","New","normal","2026-06-25T21:58:16.178Z"
"undefined","6a3da766c8016f589d76dcf1","Unknown","IG_User_2086491715236911","Unassigned","New","normal","2026-06-25T22:10:46.986Z"
"undefined","6a3da799c8016f589d76dcf3","Unknown","IG_User_1043065524959990","Unassigned","New","normal","2026-06-25T22:11:37.394Z"
"undefined","6a3da878c8016f589d76dcf5","Unknown","IG_User_3494643650690553","Unassigned","New","normal","2026-06-25T22:15:20.570Z"
"undefined","6a3da9e7c8016f589d76dcf7","Unknown","humayunkamran_","Unassigned","New","normal","2026-06-25T22:21:27.749Z"
"undefined","6a3daa7cc8016f589d76dcfa","Unknown","IG_User_905791992548834","Unassigned","New","normal","2026-06-25T22:23:56.387Z"
"undefined","6a3daab0c8016f589d76dcfc","Unknown","IG_User_1700857757769445","Unassigned","New","normal","2026-06-25T22:24:48.631Z"
"undefined","6a3dab9fc8016f589d76dcfe","Unknown","ather.mqs","Unassigned","New","normal","2026-06-25T22:28:47.307Z"
"undefined","6a3db5e7c8016f589d76dd0e","Unknown","meherzoyashroff","Unassigned","New","normal","2026-06-25T23:12:39.175Z"
"undefined","6a3db8fac8016f589d76dd11","Unknown","azamuddin.s","Unassigned","New","normal","2026-06-25T23:25:46.733Z"
"undefined","6a3dbd29c8016f589d76dd1a","Unknown","zeeshanalis1","Unassigned","New","normal","2026-06-25T23:43:37.491Z"
"undefined","6a3dbebec8016f589d76dd1f","Unknown","mohammedbasheeru","Unassigned","New","normal","2026-06-25T23:50:22.089Z"
"undefined","6a3dc087c8016f589d76dd24","Unknown","lazhydjed","Unassigned","New","normal","2026-06-25T23:57:59.989Z"
"undefined","6a3dc199c8016f589d76dd2b","Unknown","osama_layeeq","Unassigned","New","normal","2026-06-26T00:02:33.462Z"
"undefined","6a3dc1ebc8016f589d76dd2e","Unknown","sandani_aduri","Unassigned","New","normal","2026-06-26T00:03:55.424Z"
"undefined","6a3dc428c8016f589d76dd34","Unknown","hadi.writes.97","Unassigned","New","normal","2026-06-26T00:13:28.852Z"
"undefined","6a3dc85fc8016f589d76dd4a","Unknown","mohammedalisma","Unassigned","New","normal","2026-06-26T00:31:27.029Z"
"undefined","6a3dc8c6c8016f589d76dd4d","Unknown","wasimchaudhari712712","Unassigned","New","normal","2026-06-26T00:33:10.795Z"
"undefined","6a3dc92bc8016f589d76dd50","Unknown","IG_User_1573873784080983","Unassigned","New","normal","2026-06-26T00:34:51.984Z"
"undefined","6a3dcac8c8016f589d76dd52","Unknown","aleem527","Unassigned","New","normal","2026-06-26T00:41:44.565Z"
"undefined","6a3dcb39c8016f589d76dd55","Unknown","hamdan_ali_bilasga","Unassigned","New","normal","2026-06-26T00:43:37.466Z"
"undefined","6a3dcc98c8016f589d76dd5a","Unknown","imtiyazali15","Unassigned","New","normal","2026-06-26T00:49:28.814Z"
"undefined","6a3dcfe8c8016f589d76dd6c","Unknown","mr_adnan9538","Unassigned","New","normal","2026-06-26T01:03:36.614Z"
"undefined","6a3dd8d5c8016f589d76dd74","Unknown","riscurehealthcare","Unassigned","New","normal","2026-06-26T01:41:41.907Z"
"undefined","6a3de9f8c8016f589d76dd8b","Unknown","faiz507686","Unassigned","New","normal","2026-06-26T02:54:48.221Z"
"undefined","6a3dea9ec8016f589d76dd8e","Unknown","shabhash.shaik","Unassigned","New","normal","2026-06-26T02:57:34.081Z"
"undefined","6a3dedc1c8016f589d76dd93","Unknown","shaikimtiyaz_786","Unassigned","New","normal","2026-06-26T03:10:57.520Z"
"undefined","6a3def00c8016f589d76dd96","Unknown","IG_User_878241708668217","Unassigned","New","normal","2026-06-26T03:16:16.005Z"
"undefined","6a3df2b0c8016f589d76dda2","Unknown","rayeen2485","Unassigned","New","normal","2026-06-26T03:32:00.576Z"
"undefined","6a3df6aac8016f589d76ddae","Unknown","sahirkhan5090","Unassigned","New","normal","2026-06-26T03:48:58.680Z"
"undefined","6a3dfab7c8016f589d76ddb8","Unknown","rahiman500","Unassigned","New","normal","2026-06-26T04:06:15.548Z"
"undefined","6a3dfb4dc8016f589d76ddbb","Unknown","mumtaz_kabir_khan","Unassigned","New","normal","2026-06-26T04:08:45.235Z"
"undefined","6a3dfd2bc8016f589d76ddc1","Unknown","IG_User_3536152989869171","Unassigned","New","normal","2026-06-26T04:16:43.357Z"
"undefined","6a3dfe57c8016f589d76ddc6","Unknown","mohammedrahamatullaa","Unassigned","New","normal","2026-06-26T04:21:43.620Z"
"undefined","6a3e0744c8016f589d76dde2","Unknown","khan_sharjill","Unassigned","New","normal","2026-06-26T04:59:48.453Z"
"undefined","6a3e076fc8016f589d76dde5","Unknown","abdulmusaddiq56","Unassigned","New","normal","2026-06-26T05:00:31.941Z"
"undefined","6a3e09d3c8016f589d76ddee","Unknown","asif2720mariya","Unassigned","New","normal","2026-06-26T05:10:43.532Z"
"undefined","6a3e11ea51146d1cf313b76a","Unknown","kamil1ansari","Unassigned","New","normal","2026-06-26T05:45:14.543Z"
"undefined","6a3e11f851146d1cf313b76d","Unknown","yoursskr","Unassigned","New","normal","2026-06-26T05:45:28.914Z"
"undefined","6a3e150051146d1cf313b772","Unknown","nationalmodulars","Unassigned","New","normal","2026-06-26T05:58:24.014Z"
"undefined","6a3e18bf51146d1cf313b77d","Unknown","IG_User_937954659249058","Unassigned","New","normal","2026-06-26T06:14:23.806Z"
"undefined","6a3e18ff51146d1cf313b77f","Unknown","nabi.nilofer","Unassigned","New","normal","2026-06-26T06:15:27.597Z"
"undefined","6a3e195b51146d1cf313b782","Unknown","IG_User_976250545288790","Unassigned","New","normal","2026-06-26T06:16:59.225Z"
"undefined","6a3e1a7d51146d1cf313b786","Unknown","IG_User_1681295269757085","Unassigned","New","normal","2026-06-26T06:21:49.336Z"
"undefined","6a3e1baf51146d1cf313b789","Unknown","IG_User_1809030126457438","Unassigned","New","normal","2026-06-26T06:26:55.326Z"
"undefined","6a3e1df851146d1cf313b793","Unknown","ashualam10","Unassigned","New","normal","2026-06-26T06:36:40.288Z"
"undefined","6a3e220c51146d1cf313b7a7","Unknown","henna91607","Unassigned","New","normal","2026-06-26T06:54:04.038Z"
"undefined","6a3e224851146d1cf313b7ab","Unknown","founder_mukarram","Unassigned","New","normal","2026-06-26T06:55:04.529Z"
"undefined","6a3e22f951146d1cf313b7b0","Unknown","mabidghori","Unassigned","New","normal","2026-06-26T06:58:01.110Z"
"undefined","6a3e259f51146d1cf313b7b3","Unknown","r_i_y_a_z_t_a_r_a_f_d_a_r","Unassigned","New","normal","2026-06-26T07:09:19.880Z"
"undefined","6a3e288c51146d1cf313b7b8","Unknown","i_m_r_a_n_bo_nd","Unassigned","New","normal","2026-06-26T07:21:48.571Z"
"undefined","6a3e2bee51146d1cf313b7c2","Unknown","salvasheeraz2000","Unassigned","New","normal","2026-06-26T07:36:14.241Z"
"undefined","6a3e329a51146d1cf313b7c7","Unknown","IG_User_1296741909317449","Unassigned","New","normal","2026-06-26T08:04:42.857Z"
"undefined","6a3e331f51146d1cf313b7cb","Unknown","arinoor15","Unassigned","New","normal","2026-06-26T08:06:55.293Z"
"undefined","6a3e3bec51146d1cf313b7e1","Unknown","shabchoudhary123","Unassigned","New","normal","2026-06-26T08:44:28.145Z"
"undefined","6a3e3c5e51146d1cf313b7e4","Unknown","shahzad_siddiqui1232","Unassigned","New","normal","2026-06-26T08:46:22.092Z"
"undefined","6a3e409951146d1cf313b7e9","Unknown","IG_User_2074918973238229","Unassigned","New","normal","2026-06-26T09:04:25.980Z"
"undefined","6a3e41ea51146d1cf313b7eb","Unknown","riyazshaik.83","Unassigned","New","normal","2026-06-26T09:10:02.336Z"
"undefined","6a3e42c551146d1cf313b7ee","Unknown","shaistasaiyad","Unassigned","New","normal","2026-06-26T09:13:41.672Z"
"undefined","6a3e433d51146d1cf313b7f5","Unknown","IG_User_2088277508709850","Unassigned","New","normal","2026-06-26T09:15:41.537Z"
"undefined","6a3e466b51146d1cf313b7f9","Unknown","syedimtiyaz.ahamed","Unassigned","New","normal","2026-06-26T09:29:15.496Z"
"undefined","6a3e468b51146d1cf313b7fc","Unknown","khanzadinawab__1","Unassigned","New","normal","2026-06-26T09:29:47.502Z"
"undefined","6a3e4a3351146d1cf313b809","Unknown","IG_User_2283691662163993","Unassigned","New","normal","2026-06-26T09:45:23.157Z"
"undefined","6a3e4b9d51146d1cf313b815","Unknown","saifuddin.mollah.1","Unassigned","New","normal","2026-06-26T09:51:25.367Z"
"undefined","6a3e4c8d51146d1cf313b818","Unknown","mohammed_ahmer","Unassigned","New","normal","2026-06-26T09:55:25.375Z"
"undefined","6a3e523351146d1cf313b821","Unknown","syedaiguy","Unassigned","New","normal","2026-06-26T10:19:31.545Z"
"undefined","6a3e57a151146d1cf313b82b","Unknown","raoofahmed.khan","Unassigned","New","normal","2026-06-26T10:42:41.157Z"
"undefined","6a3e57e051146d1cf313b831","Unknown","ansari_iftekhar21","Unassigned","New","normal","2026-06-26T10:43:44.392Z"
"undefined","6a3e589e51146d1cf313b838","Unknown","IG_User_1651836949440718","Unassigned","New","normal","2026-06-26T10:46:54.829Z"
"undefined","6a3e59bf51146d1cf313b83a","Unknown","IG_User_998777549682714","Unassigned","New","normal","2026-06-26T10:51:43.386Z"
"undefined","6a3e5a6a51146d1cf313b83d","Unknown","aybelledesigns","Unassigned","New","normal","2026-06-26T10:54:34.872Z"
"undefined","6a3e60a251146d1cf313b84b","Unknown","IG_User_2050977058825868","Unassigned","New","normal","2026-06-26T11:21:06.655Z"
"undefined","6a3e61b551146d1cf313b84d","Unknown","IG_User_27847951768122546","Unassigned","New","normal","2026-06-26T11:25:41.537Z"
"undefined","6a3e676251146d1cf313b85a","Unknown","xoxo_arshh","Unassigned","New","normal","2026-06-26T11:49:54.358Z"
"undefined","6a3e760351146d1cf313b864","Unknown","abdlazz9911","Unassigned","New","normal","2026-06-26T12:52:19.194Z"
"undefined","6a3e79f251146d1cf313b871","Unknown","nasirahmed1979","Unassigned","New","normal","2026-06-26T13:09:06.762Z"
"undefined","6a3e8a8451146d1cf313b883","Unknown","IG_User_1338495047616689","Unassigned","New","normal","2026-06-26T14:19:48.446Z"
"undefined","6a3e8afa51146d1cf313b885","Unknown","IG_User_1436280085189787","Unassigned","New","normal","2026-06-26T14:21:46.349Z"
"undefined","6a3e8f3e51146d1cf313b88c","Unknown","281075scorpi","Unassigned","New","normal","2026-06-26T14:39:58.295Z"
"undefined","6a3e904951146d1cf313b88f","Unknown","IG_User_1514235006815719","Unassigned","New","normal","2026-06-26T14:44:25.251Z"
"undefined","6a3e907a51146d1cf313b891","Unknown","mdtanz33m","Unassigned","New","normal","2026-06-26T14:45:14.173Z"
"undefined","6a3e988451146d1cf313b897","Unknown","IG_User_2103630797224766","Unassigned","New","normal","2026-06-26T15:19:32.706Z"
"undefined","6a3e9b9a51146d1cf313b89d","Unknown","IG_User_985083307639453","Unassigned","New","normal","2026-06-26T15:32:42.774Z"
"undefined","6a3e9e9851146d1cf313b89f","Unknown","mohdnaseer69","Unassigned","New","normal","2026-06-26T15:45:28.135Z"
"undefined","6a3e9ed151146d1cf313b8a2","Unknown","osman_ali930","Unassigned","New","normal","2026-06-26T15:46:25.570Z"
"undefined","6a3ea1ea51146d1cf313b8a6","Unknown","mubashir.hassan93","Unassigned","New","normal","2026-06-26T15:59:38.033Z"
"undefined","6a3eb24c51146d1cf313b8be","Unknown","IG_User_1160343709625317","Unassigned","New","normal","2026-06-26T17:09:32.069Z"
"undefined","6a3eb26351146d1cf313b8c0","Unknown","IG_User_2744429742607426","Unassigned","New","normal","2026-06-26T17:09:55.105Z"
"undefined","6a3eb4ac51146d1cf313b8c3","Unknown","IG_User_1547179663777256","Unassigned","New","normal","2026-06-26T17:19:40.003Z"
"undefined","6a3ec86451146d1cf313b8d4","Unknown","IG_User_1422396986651833","Unassigned","New","normal","2026-06-26T18:43:48.855Z"
"undefined","6a3ed0ea51146d1cf313b8d8","Unknown","junaidhav","Unassigned","New","normal","2026-06-26T19:20:10.349Z"
"undefined","6a3ed12251146d1cf313b8db","Unknown","afzoraperfumes","Unassigned","New","normal","2026-06-26T19:21:06.731Z"
"undefined","6a3ed3a151146d1cf313b8e2","Unknown","yasmin_art_gallery","Unassigned","New","normal","2026-06-26T19:31:45.395Z"
"undefined","6a3ed55b51146d1cf313b8e7","Unknown","fatima_01147","Unassigned","New","normal","2026-06-26T19:39:07.399Z"
"undefined","6a3ed55c51146d1cf313b8e9","Unknown","IG_User_2077872579817257","Unassigned","New","normal","2026-06-26T19:39:08.445Z"
"undefined","6a3edd9251146d1cf313b8f4","Unknown","IG_User_1037075895644389","Unassigned","New","normal","2026-06-26T20:14:10.582Z"
"undefined","6a3edea651146d1cf313b8f7","Unknown","waqas._____","Unassigned","New","normal","2026-06-26T20:18:46.254Z"
"undefined","6a3ee01251146d1cf313b8fb","Unknown","mustaq_shaik_01","Unassigned","New","normal","2026-06-26T20:24:50.885Z"
"undefined","6a3ee5db51146d1cf313b901","Unknown","usama29","Unassigned","New","normal","2026-06-26T20:49:31.429Z"
"undefined","6a3eed9151146d1cf313b909","Unknown","tayyab.ansari.9083","Unassigned","New","normal","2026-06-26T21:22:25.603Z"
"undefined","6a3ef60951146d1cf313b90c","Unknown","junn_.u","Unassigned","New","normal","2026-06-26T21:58:33.893Z"
"undefined","6a3ef98c51146d1cf313b911","Unknown","IG_User_1776991879954633","Unassigned","New","normal","2026-06-26T22:13:32.444Z"
"undefined","6a3efc1c51146d1cf313b917","Unknown","islamicforward","Unassigned","New","normal","2026-06-26T22:24:28.182Z"
"undefined","6a3efd1651146d1cf313b91a","Unknown","IG_User_2112108866016323","Unassigned","New","normal","2026-06-26T22:28:38.850Z"
"undefined","6a3f1dc251146d1cf313b924","Unknown","regal.dates","Unassigned","New","normal","2026-06-27T00:48:02.747Z"
"undefined","6a3f37e651146d1cf313b92a","Unknown","bond_1253","Unassigned","New","normal","2026-06-27T02:39:34.811Z"
"undefined","6a3f3a1751146d1cf313b92e","Unknown","faiz3885","Unassigned","New","normal","2026-06-27T02:48:55.473Z"
"undefined","6a3f3b7751146d1cf313b931","Unknown","mushy.tales","Unassigned","New","normal","2026-06-27T02:54:47.399Z"
"undefined","6a3f3dc451146d1cf313b934","Unknown","afzalur_rahman_","Unassigned","New","normal","2026-06-27T03:04:36.043Z"
"undefined","6a3f472d51146d1cf313b93e","Unknown","nazirsheikh883","Unassigned","New","normal","2026-06-27T03:44:45.073Z"
"undefined","6a3f48b451146d1cf313b941","Unknown","aftabhussein43","Unassigned","New","normal","2026-06-27T03:51:16.452Z"
"undefined","6a3f4d2651146d1cf313b946","Unknown","IG_User_1530957854971827","Unassigned","New","normal","2026-06-27T04:10:14.414Z"
"undefined","6a3f4ef951146d1cf313b948","Unknown","rahman_123_","Unassigned","New","normal","2026-06-27T04:18:01.991Z"
"undefined","6a3f4f5551146d1cf313b94b","Unknown","ai_minds_001","Unassigned","New","normal","2026-06-27T04:19:33.236Z"
"undefined","6a3f505c51146d1cf313b94e","Unknown","faizancodes1","Unassigned","New","normal","2026-06-27T04:23:56.463Z"
"undefined","6a3f533951146d1cf313b953","Unknown","foodie_saheb","Unassigned","New","normal","2026-06-27T04:36:09.827Z"
"undefined","6a3f562a51146d1cf313b958","Unknown","IG_User_1019539760772671","Unassigned","New","normal","2026-06-27T04:48:42.802Z"
"undefined","6a3f5ca99eb74a82d49728f5","Unknown","eltezakhatoon858","Unassigned","New","normal","2026-06-27T05:16:25.218Z"
"undefined","6a3f5e320f0a9c335d98d45b","Unknown","IG_User_1710024156859269","Unassigned","New","normal","2026-06-27T05:22:58.175Z"
"undefined","6a3f5ed00f0a9c335d98d461","Unknown","ravi_09199","Unassigned","New","normal","2026-06-27T05:25:36.897Z"
"undefined","6a3f65096d8c6913c3a1577f","Unknown","shk_awez","Unassigned","New","normal","2026-06-27T05:52:09.330Z"
"undefined","6a3f678e6d8c6913c3a15782","Unknown","IG_User_1655737728840136","Unassigned","New","normal","2026-06-27T06:02:54.457Z"
"undefined","6a3f71c86b8cfdcb95230c5c","Unknown","mehruinshaikh","Unassigned","New","normal","2026-06-27T06:46:32.927Z"
"undefined","6a3f7a956b8cfdcb95230c61","Unknown","sarwaruddinmir","Unassigned","New","normal","2026-06-27T07:24:05.350Z"
"undefined","6a3f7d206b8cfdcb95230c67","Unknown","mak2k25","Unassigned","New","normal","2026-06-27T07:34:56.475Z"
"undefined","6a3f83386b8cfdcb95230c6a","Unknown","sohailshaikhofficial","Unassigned","New","normal","2026-06-27T08:00:56.299Z"
"undefined","6a3f8d756b8cfdcb95230c7d","Unknown","waquar.md","Unassigned","New","normal","2026-06-27T08:44:37.910Z"
"undefined","6a3f997a6b8cfdcb95230c84","Unknown","IG_User_1041240798362105","Unassigned","New","normal","2026-06-27T09:35:54.904Z"
"undefined","6a3fadc56b8cfdcb95230ca6","Unknown","izas_ahamed06","Unassigned","New","normal","2026-06-27T11:02:29.756Z"
"undefined","6a3faf986b8cfdcb95230ca9","Unknown","tabassumkhan8840","Unassigned","New","normal","2026-06-27T11:10:16.881Z"
"undefined","6a3fd8d26b8cfdcb95230cd6","Unknown","aminashazia","Unassigned","New","normal","2026-06-27T14:06:10.527Z"
"undefined","6a3fdf9e6b8cfdcb95230cd9","Unknown","sharief_786","Unassigned","New","normal","2026-06-27T14:35:10.670Z"
"undefined","6a3fe3cb6b8cfdcb95230cde","Unknown","IG_User_1632208981181604","Unassigned","New","normal","2026-06-27T14:52:59.815Z"
"undefined","6a3fe98e6b8cfdcb95230ce3","Unknown","rrcbwd","Unassigned","New","normal","2026-06-27T15:17:34.682Z"
"undefined","6a3feae96b8cfdcb95230cef","Unknown","arbaaz_ibn_e_zia","Unassigned","New","hot","2026-06-27T15:23:21.254Z"
"undefined","6a3ff2916b8cfdcb95230d15","Unknown","mohammedrizwan49","Unassigned","New","normal","2026-06-27T15:56:01.642Z"
"undefined","6a3ff5706b8cfdcb95230d2b","Unknown","IG_User_1512230044036456","Unassigned","New","normal","2026-06-27T16:08:16.146Z"
"undefined","6a3ffdead2aa946dd336b196","Unknown","IG_User_1545356123903159","Unassigned","New","normal","2026-06-27T16:44:26.374Z"
"undefined","6a400152d2aa946dd336b19f","Unknown","khaja_moizuddin_","Unassigned","New","normal","2026-06-27T16:58:58.757Z"
"undefined","6a400c36d2aa946dd336b1ae","Unknown","IG_User_2184344439028007","Unassigned","New","normal","2026-06-27T17:45:26.899Z"
"undefined","6a400d5ed2aa946dd336b1b2","Unknown","IG_User_4411478535799978","Unassigned","New","normal","2026-06-27T17:50:22.370Z"
"undefined","6a4018fad2aa946dd336b1c6","Unknown","roohialikhan","Unassigned","New","normal","2026-06-27T18:39:54.903Z"
"undefined","6a401ae7d2aa946dd336b1c9","Unknown","IG_User_987909343840989","Unassigned","New","normal","2026-06-27T18:48:07.691Z"
"undefined","6a4022c4d2aa946dd336b1dc","Unknown","wolf_charlie_tango","Unassigned","New","normal","2026-06-27T19:21:40.157Z"
"undefined","6a4026e7d2aa946dd336b1e0","Unknown","iamarshk","Unassigned","New","normal","2026-06-27T19:39:19.115Z"
"undefined","6a40270fd2aa946dd336b1e3","Unknown","jundutarte","Unassigned","New","normal","2026-06-27T19:39:59.917Z"
"undefined","6a402c18d2aa946dd336b1ee","Unknown","IG_User_1368776798480520","Unassigned","New","normal","2026-06-27T20:01:28.571Z"
"undefined","6a402e61d2aa946dd336b1f1","Unknown","shezu.m","Unassigned","New","normal","2026-06-27T20:11:13.202Z"
"undefined","6a402eb6d2aa946dd336b1f4","Unknown","IG_User_1039142321889961","Unassigned","New","normal","2026-06-27T20:12:38.084Z"
"undefined","6a403365d2aa946dd336b204","Unknown","IG_User_1540188491035705","Unassigned","New","normal","2026-06-27T20:32:37.569Z"
"undefined","6a404248d2aa946dd336b219","Unknown","IG_User_1729723708207048","Unassigned","New","normal","2026-06-27T21:36:08.629Z"
"undefined","6a404b3fd2aa946dd336b222","Unknown","IG_User_1358067939602876","Unassigned","New","normal","2026-06-27T22:14:23.595Z"
"undefined","6a407cb2d2aa946dd336b228","Unknown","mr_saaad_04","Unassigned","New","normal","2026-06-28T01:45:22.022Z"
"undefined","6a4084e8d2aa946dd336b22d","Unknown","muzaffar.shaik","Unassigned","New","normal","2026-06-28T02:20:24.869Z"
"undefined","6a40996fd2aa946dd336b233","Unknown","idrishkhan1178","Unassigned","New","normal","2026-06-28T03:47:59.182Z"
"undefined","6a409eeed2aa946dd336b23e","Unknown","thoufeeq_quadri","Unassigned","New","normal","2026-06-28T04:11:26.917Z"
"undefined","6a409ef8d2aa946dd336b241","Unknown","nofieer","Unassigned","New","normal","2026-06-28T04:11:36.070Z"
"undefined","6a40a62ed2aa946dd336b249","Unknown","7738.shaik","Unassigned","New","normal","2026-06-28T04:42:22.195Z"
"undefined","6a40b28dd2aa946dd336b256","Unknown","shaikh_alim_17","Unassigned","New","normal","2026-06-28T05:35:09.318Z"
"undefined","6a40b6e2d2aa946dd336b260","Unknown","IG_User_953002504437721","Unassigned","New","normal","2026-06-28T05:53:38.434Z"
"undefined","6a40c404d2aa946dd336b273","Unknown","arsalannnnn_99","Unassigned","New","normal","2026-06-28T06:49:40.069Z"
"undefined","6a40c582d2aa946dd336b278","Unknown","s_saleemulla","Unassigned","New","normal","2026-06-28T06:56:02.342Z"
"undefined","6a40cc6ad2aa946dd336b27b","Unknown","IG_User_1317159343943661","Unassigned","New","normal","2026-06-28T07:25:30.646Z"
"undefined","6a40d28fd2aa946dd336b29d","Unknown","khan_rima","Unassigned","New","normal","2026-06-28T07:51:43.325Z"
"undefined","6a40e401d2aa946dd336b2b6","Unknown","rancotrading","Unassigned","New","normal","2026-06-28T09:06:09.482Z"
"undefined","6a40e4f4d2aa946dd336b2ba","Unknown","prabhakarann14","Unassigned","New","normal","2026-06-28T09:10:12.261Z"
"undefined","6a40e8cad2aa946dd336b2c2","Unknown","centurysolution","Unassigned","New","normal","2026-06-28T09:26:34.316Z"
"undefined","6a40e922d2aa946dd336b2c5","Unknown","IG_User_853965967362496","Unassigned","New","normal","2026-06-28T09:28:02.393Z"
"undefined","6a40f274d2aa946dd336b2cf","Unknown","khanzade0711","Unassigned","New","normal","2026-06-28T10:07:48.043Z"
"undefined","6a40f5abd2aa946dd336b2d6","Unknown","creativescart","Unassigned","New","normal","2026-06-28T10:21:31.667Z"
"undefined","6a40fd54d2aa946dd336b2e7","Unknown","saeedanwar50","Unassigned","New","normal","2026-06-28T10:54:12.065Z"
"undefined","6a41011ad2aa946dd336b2ed","Unknown","IG_User_961220486954852","Unassigned","New","normal","2026-06-28T11:10:18.255Z"
"undefined","6a410853d2aa946dd336b2fb","Unknown","IG_User_2103231493872395","Unassigned","New","normal","2026-06-28T11:41:07.503Z"
"undefined","6a4109ccd2aa946dd336b2ff","Unknown","md.shahrukh044","Unassigned","New","normal","2026-06-28T11:47:24.455Z"
"undefined","6a410ac6d2aa946dd336b302","Unknown","wasimyz","Unassigned","New","normal","2026-06-28T11:51:34.453Z"
"undefined","6a411d2fd2aa946dd336b316","Unknown","syed.tausiff","Unassigned","New","normal","2026-06-28T13:10:07.375Z"
"undefined","6a41280ed2aa946dd336b323","Unknown","awaadrehman","Unassigned","New","normal","2026-06-28T13:56:30.241Z"
"undefined","6a413138d2aa946dd336b341","Unknown","mohammadashraf007","Unassigned","New","normal","2026-06-28T14:35:36.984Z"
"undefined","6a4131a9d2aa946dd336b344","Unknown","korn72","Unassigned","New","normal","2026-06-28T14:37:29.596Z"
"undefined","6a41338fd2aa946dd336b347","Unknown","tanveer_ansar1","Unassigned","New","normal","2026-06-28T14:45:35.997Z"
"undefined","6a413baed2aa946dd336b367","Unknown","IG_User_1532819305040261","Unassigned","New","normal","2026-06-28T15:20:14.230Z"
"undefined","6a4147f1ac1dded9ccda9664","Unknown","sareen__india_","Unassigned","New","normal","2026-06-28T16:12:33.327Z"
"undefined","6a414a42ac1dded9ccda966d","Unknown","firozaap","Unassigned","New","normal","2026-06-28T16:22:26.297Z"
"undefined","6a41531dac1dded9ccda9688","Unknown","farooq_khan_74","Unassigned","New","normal","2026-06-28T17:00:13.825Z"
"undefined","6a4159a5ac1dded9ccda969e","Unknown","moizullah.m","Unassigned","New","normal","2026-06-28T17:28:05.454Z"
"undefined","6a415a11ac1dded9ccda96a1","Unknown","IG_User_2413068472493153","Unassigned","New","normal","2026-06-28T17:29:53.070Z"
"undefined","6a415b2aac1dded9ccda96a5","Unknown","IG_User_1011440821262858","Unassigned","New","normal","2026-06-28T17:34:34.309Z"
"undefined","6a415e3bac1dded9ccda96aa","Unknown","IG_User_1015380084566685","Unassigned","New","normal","2026-06-28T17:47:39.171Z"
"undefined","6a415f3fac1dded9ccda96ad","Unknown","sk_nashirhussain","Unassigned","New","normal","2026-06-28T17:51:59.242Z"
"undefined","6a4162d2ac1dded9ccda96b6","Unknown","snaz.1231","Unassigned","New","normal","2026-06-28T18:07:14.946Z"
"undefined","6a41683fac1dded9ccda96ca","Unknown","rahmathkhan2122","Unassigned","New","normal","2026-06-28T18:30:23.970Z"
"undefined","6a416886ac1dded9ccda96cd","Unknown","IG_User_1952194505440770","Unassigned","New","normal","2026-06-28T18:31:34.415Z"
"undefined","6a416957ac1dded9ccda96d6","Unknown","zain__ul.abidin","Unassigned","New","normal","2026-06-28T18:35:03.480Z"
"undefined","6a416d12ac1dded9ccda96db","Unknown","alina_xzx9","Unassigned","New","normal","2026-06-28T18:50:58.557Z"
"undefined","6a416f53ac1dded9ccda96de","Unknown","mohammedzairuddin","Unassigned","New","normal","2026-06-28T19:00:35.973Z"
"undefined","6a416fb9ac1dded9ccda96e1","Unknown","tanzilamallick1","Unassigned","New","normal","2026-06-28T19:02:17.479Z"
"undefined","6a41729dac1dded9ccda96e4","Unknown","jaffer_sultan1048","Unassigned","New","normal","2026-06-28T19:14:37.640Z"
"undefined","6a41796eac1dded9ccda970f","Unknown","IG_User_1061768359709788","Unassigned","New","normal","2026-06-28T19:43:42.937Z"
"undefined","6a417a46ac1dded9ccda9718","Unknown","altamash.azhar","Unassigned","New","normal","2026-06-28T19:47:18.473Z"
"undefined","6a417a93ac1dded9ccda971c","Unknown","iampinkialy","Unassigned","New","normal","2026-06-28T19:48:35.170Z"
"undefined","6a418abfac1dded9ccda9744","Unknown","fahadahmed1989","Unassigned","New","normal","2026-06-28T20:57:35.843Z"
"undefined","6a41920bac1dded9ccda9752","Unknown","IG_User_2526594204442608","Unassigned","New","normal","2026-06-28T21:28:43.331Z"
"undefined","6a4192e1ac1dded9ccda9755","Unknown","IG_User_1059975166595779","Unassigned","New","normal","2026-06-28T21:32:17.938Z"
"undefined","6a41e388ac1dded9ccda9788","Unknown","IG_User_1713039856566100","Unassigned","New","normal","2026-06-29T03:16:24.588Z"
"undefined","6a41ea2cac1dded9ccda9799","Unknown","mohammed191620","Unassigned","New","normal","2026-06-29T03:44:44.245Z"
"undefined","6a41f9ffac1dded9ccda97a6","Unknown","sayed__javed","Unassigned","New","normal","2026-06-29T04:52:15.700Z"
"undefined","6a41faa1ac1dded9ccda97a9","Unknown","IG_User_1663181414744352","Unassigned","New","normal","2026-06-29T04:54:57.233Z"
"undefined","6a42006aac1dded9ccda97b2","Unknown","cashewman2","Unassigned","New","normal","2026-06-29T05:19:38.674Z"
"undefined","6a4205c5ac1dded9ccda97ba","Unknown","IG_User_1780877676615381","Unassigned","New","normal","2026-06-29T05:42:29.691Z"
"undefined","6a421590ac1dded9ccda97cd","Unknown","iamsubhanisyed","Unassigned","New","normal","2026-06-29T06:49:52.826Z"
"undefined","6a42183bac1dded9ccda97d0","Unknown","IG_User_2160273041183263","Unassigned","New","normal","2026-06-29T07:01:15.404Z"
"undefined","6a422b1ab1bb3e95908be422","Unknown","irfana_binte_ibrahim","Unassigned","New","normal","2026-06-29T08:21:46.209Z"
"undefined","6a4230cbb1bb3e95908be42b","Unknown","drghazalit","Unassigned","New","normal","2026-06-29T08:46:03.411Z"
"undefined","6a4237f5b1bb3e95908be435","Unknown","IG_User_2435353893632992","Unassigned","New","normal","2026-06-29T09:16:37.859Z"
"undefined","6a423bdfb1bb3e95908be439","Unknown","amreen_loves_waseem","Unassigned","New","normal","2026-06-29T09:33:19.323Z"
"undefined","6a4248e5b1bb3e95908be454","Unknown","cosmoscosmos972","Unassigned","New","normal","2026-06-29T10:28:53.694Z"
"undefined","6a424a75b1bb3e95908be462","Unknown","taufeeqtabarak","Unassigned","New","normal","2026-06-29T10:35:33.755Z"
"undefined","6a424e15b1bb3e95908be466","Unknown","aaquibkhann_","Unassigned","New","normal","2026-06-29T10:51:01.496Z"
"undefined","6a424f72b1bb3e95908be469","Unknown","IG_User_879036834726406","Unassigned","New","normal","2026-06-29T10:56:50.799Z"
"undefined","6a4256bbb1bb3e95908be478","Unknown","IG_User_1474363981399577","Unassigned","New","normal","2026-06-29T11:27:55.279Z"
"undefined","6a42580db1bb3e95908be47b","Unknown","mohd.shuaib.77977","Unassigned","New","normal","2026-06-29T11:33:33.287Z"
"undefined","6a4265d9b1bb3e95908be48a","Unknown","syed____danish","Unassigned","New","normal","2026-06-29T12:32:25.550Z"
"undefined","6a426c80b1bb3e95908be48e","Unknown","meezanfurniturezone","Unassigned","New","normal","2026-06-29T13:00:48.739Z"
"undefined","6a427d7fb1bb3e95908be4ab","Unknown","IG_User_1714948046487047","Unassigned","New","normal","2026-06-29T14:13:19.238Z"
"undefined","6a427f09b1bb3e95908be4b4","Unknown","IG_User_918907224552586","Unassigned","New","normal","2026-06-29T14:19:53.598Z"
"undefined","6a427f23b1bb3e95908be4b7","Unknown","IG_User_1342554387982563","Unassigned","New","normal","2026-06-29T14:20:19.252Z"
"undefined","6a428120b1bb3e95908be4bc","Unknown","IG_User_2012063119411784","Unassigned","New","normal","2026-06-29T14:28:48.676Z"
"undefined","6a4284e9b1bb3e95908be4c2","Unknown","_kryovex","Unassigned","New","normal","2026-06-29T14:44:57.425Z"
"undefined","6a42861ab1bb3e95908be4cb","Unknown","the_hayaway","Unassigned","New","hot","2026-06-29T14:50:02.337Z"
"undefined","6a428bb2b1bb3e95908be4da","Unknown","rock190682","Unassigned","New","normal","2026-06-29T15:13:54.296Z"
"undefined","6a429029b1bb3e95908be4e4","Unknown","quatre431","Unassigned","New","normal","2026-06-29T15:32:57.365Z"
"undefined","6a429373b1bb3e95908be4eb","Unknown","IG_User_964796926595283","Unassigned","New","normal","2026-06-29T15:46:59.091Z"
"undefined","6a429529b1bb3e95908be4f3","Unknown","imohammedzakee","Unassigned","New","normal","2026-06-29T15:54:17.629Z"
"undefined","6a429cf6b1bb3e95908be4ff","Unknown","shakirashakira310","Unassigned","New","normal","2026-06-29T16:27:34.428Z"
"undefined","6a429fefb1bb3e95908be507","Unknown","mus_taan__","Unassigned","New","normal","2026-06-29T16:40:15.389Z"
"undefined","6a42a376b1bb3e95908be50e","Unknown","i_am_yours.kabir","Unassigned","New","normal","2026-06-29T16:55:18.588Z"
"undefined","6a42a851b1bb3e95908be511","Unknown","iama2khan","Unassigned","New","normal","2026-06-29T17:16:01.623Z"
"undefined","6a42aad6b1bb3e95908be51d","Unknown","IG_User_2973739482973653","Unassigned","New","normal","2026-06-29T17:26:46.785Z"
"undefined","6a42abdcb1bb3e95908be521","Unknown","IG_User_1046206884502637","Unassigned","New","normal","2026-06-29T17:31:08.557Z"
"undefined","6a42b1feb1bb3e95908be532","Unknown","nisar_mohammed","Unassigned","New","normal","2026-06-29T17:57:18.073Z"
"undefined","6a42b467b1bb3e95908be537","Unknown","whoismezzo","Unassigned","New","normal","2026-06-29T18:07:35.678Z"
"undefined","6a42b59bb1bb3e95908be53c","Unknown","mshoeibali","Unassigned","New","normal","2026-06-29T18:12:43.191Z"
"undefined","6a42b889b1bb3e95908be54f","Unknown","designer.zulfi","Unassigned","New","normal","2026-06-29T18:25:13.598Z"
"undefined","6a42bb90b1bb3e95908be55a","Unknown","lubna.ahmed.927","Unassigned","New","normal","2026-06-29T18:38:08.908Z"
"undefined","6a42bbfeb1bb3e95908be560","Unknown","IG_User_866245296561025","Unassigned","New","normal","2026-06-29T18:39:58.149Z"
"undefined","6a42c48ab1bb3e95908be578","Unknown","rimeicecream","Unassigned","New","normal","2026-06-29T19:16:26.958Z"
"undefined","6a42c892b1bb3e95908be583","Unknown","_.sameer._0107","Unassigned","New","normal","2026-06-29T19:33:38.538Z"
"undefined","6a42cbb8b1bb3e95908be588","Unknown","gulammemonofficial","Unassigned","New","normal","2026-06-29T19:47:04.512Z"
"undefined","6a42d0f9b1bb3e95908be58b","Unknown","cryptofayaz","Unassigned","New","normal","2026-06-29T20:09:29.483Z"
"undefined","6a42d4d3b1bb3e95908be590","Unknown","IG_User_1765652441261578","Unassigned","New","normal","2026-06-29T20:25:55.743Z"
"undefined","6a42da70b1bb3e95908be593","Unknown","ulfirdousjannat","Unassigned","New","normal","2026-06-29T20:49:52.354Z"
"undefined","6a42e93cb1bb3e95908be5a6","Unknown","namastevibes_1","Unassigned","New","normal","2026-06-29T21:53:00.654Z"
"undefined","6a42fba8b1bb3e95908be5bc","Unknown","ssiele_786","Unassigned","New","normal","2026-06-29T23:11:36.282Z"
"undefined","6a4303a6b1bb3e95908be5bf","Unknown","IG_User_1711431856667129","Unassigned","New","normal","2026-06-29T23:45:42.884Z"
"undefined","6a431beab1bb3e95908be5c2","Unknown","khairuddin673","Unassigned","New","normal","2026-06-30T01:29:14.261Z"
"undefined","6a431e2fb1bb3e95908be5c8","Unknown","live_shine_1_01","Unassigned","New","normal","2026-06-30T01:38:55.641Z"
"undefined","6a43259cb1bb3e95908be5d8","Unknown","whitegold_doors_windows","Unassigned","New","normal","2026-06-30T02:10:36.358Z"
"undefined","6a4340c5b1bb3e95908be5e1","Unknown","IG_User_846562681605044","Unassigned","New","normal","2026-06-30T04:06:29.488Z"
"undefined","6a43427eb1bb3e95908be5e5","Unknown","the_go_getter_girl_","Unassigned","New","normal","2026-06-30T04:13:50.277Z"
"undefined","6a43484ab1bb3e95908be5ef","Unknown","fahimaziz82","Unassigned","New","normal","2026-06-30T04:38:34.918Z"
"undefined","6a43529db1bb3e95908be603","Unknown","working_tabs","Unassigned","New","normal","2026-06-30T05:22:37.546Z"
"undefined","6a4354ddb1bb3e95908be614","Unknown","IG_User_26913965641636105","Unassigned","New","normal","2026-06-30T05:32:13.931Z"
"undefined","6a435538b1bb3e95908be622","Unknown","shoeb313_official","Unassigned","New","normal","2026-06-30T05:33:44.063Z"
"undefined","6a435669b1bb3e95908be629","Unknown","razack1366","Unassigned","New","normal","2026-06-30T05:38:49.146Z"
"undefined","6a436309b1bb3e95908be641","Unknown","abdsalam5528","Unassigned","New","normal","2026-06-30T06:32:41.268Z"
"undefined","6a4363b8b1bb3e95908be644","Unknown","misbarealm","Unassigned","New","normal","2026-06-30T06:35:36.331Z"
"undefined","6a436c89b1bb3e95908be64d","Unknown","IG_User_1657160468912376","Unassigned","New","normal","2026-06-30T07:13:13.923Z"
"undefined","6a436f10b1bb3e95908be650","Unknown","zahraapat0797","Unassigned","New","normal","2026-06-30T07:24:00.076Z"
"undefined","6a43711db1bb3e95908be660","Unknown","sal_tours_and_travels","Unassigned","New","normal","2026-06-30T07:32:45.040Z"
"undefined","6a437909b1bb3e95908be666","Unknown","shahrukhshaikh1705","Unassigned","New","normal","2026-06-30T08:06:33.130Z"
"undefined","6a437b4eb1bb3e95908be66f","Unknown","IG_User_2105438126992386","Unassigned","New","normal","2026-06-30T08:16:14.826Z"
"undefined","6a437c1db1bb3e95908be678","Unknown","annuanwarh","Unassigned","New","normal","2026-06-30T08:19:41.655Z"
"undefined","6a437c52b1bb3e95908be67b","Unknown","IG_User_1516201823564151","Unassigned","New","normal","2026-06-30T08:20:34.061Z"
"undefined","6a437cd8b1bb3e95908be67f","Unknown","mrsnishatsiddique","Unassigned","New","normal","2026-06-30T08:22:48.590Z"
"undefined","6a438074b1bb3e95908be684","Unknown","mir_umar_khan","Unassigned","New","normal","2026-06-30T08:38:12.044Z"
"undefined","6a43829eb1bb3e95908be68a","Unknown","099danishali","Unassigned","New","normal","2026-06-30T08:47:26.902Z"
"undefined","6a4387ccb1bb3e95908be6af","Unknown","IG_User_1026367019932902","Unassigned","New","normal","2026-06-30T09:09:32.638Z"
"undefined","6a438c5db1bb3e95908be6bf","Unknown","IG_User_1280986623862410","Unassigned","New","normal","2026-06-30T09:29:01.351Z"
"undefined","6a438e02b1bb3e95908be6c4","Unknown","ayeshamohasinnadeem","Unassigned","New","normal","2026-06-30T09:36:02.478Z"
"undefined","6a438e19b1bb3e95908be6c7","Unknown","IG_User_1363242621893903","Unassigned","New","normal","2026-06-30T09:36:25.527Z"
"undefined","6a438f86b1bb3e95908be6ca","Unknown","rehmeek","Unassigned","New","normal","2026-06-30T09:42:30.560Z"
"undefined","6a4391aab1bb3e95908be6d0","Unknown","shoot_with_me787","Unassigned","New","normal","2026-06-30T09:51:38.612Z"
"undefined","6a439669b1bb3e95908be6d4","Unknown","tranquill40","Unassigned","New","normal","2026-06-30T10:11:53.760Z"
"undefined","6a439927b1bb3e95908be6d7","Unknown","waseemshekh.786","Unassigned","New","normal","2026-06-30T10:23:35.491Z"
"undefined","6a439d61b1bb3e95908be6e2","Unknown","nazeerumar80","Unassigned","New","normal","2026-06-30T10:41:37.347Z"
"undefined","6a439fafb1bb3e95908be6e5","Unknown","asif900209","Unassigned","New","normal","2026-06-30T10:51:27.258Z"
"undefined","6a43a100b1bb3e95908be6e8","Unknown","potterybyuzain","Unassigned","New","normal","2026-06-30T10:57:04.807Z"
"undefined","6a43a276b1bb3e95908be6ec","Unknown","_rakhshanda","Unassigned","New","normal","2026-06-30T11:03:18.916Z"
"undefined","6a43a42cb1bb3e95908be6f5","Unknown","IG_User_1733120417702550","Unassigned","New","normal","2026-06-30T11:10:36.413Z"
"undefined","6a43a538b1bb3e95908be6f8","Unknown","aircrossinternational","Unassigned","New","normal","2026-06-30T11:15:04.784Z"
"undefined","6a43aa4db1bb3e95908be701","Unknown","IG_User_1032025159332996","Unassigned","New","normal","2026-06-30T11:36:45.301Z"
"undefined","6a43acb6b1bb3e95908be704","Unknown","IG_User_1234661538650408","Unassigned","New","normal","2026-06-30T11:47:02.905Z"
"undefined","6a43c170b1bb3e95908be72f","Unknown","IG_User_2619937568425047","Unassigned","New","normal","2026-06-30T13:15:28.742Z"
"undefined","6a43cd5bb1bb3e95908be745","Unknown","noamanhafiz","Unassigned","New","normal","2026-06-30T14:06:19.747Z"
"undefined","6a43d62fb1bb3e95908be75d","Unknown","__altamash___","Unassigned","New","normal","2026-06-30T14:43:59.867Z"
"undefined","6a43d756b1bb3e95908be760","Unknown","ifrajamal","Unassigned","New","normal","2026-06-30T14:48:54.872Z"
"undefined","6a43d836b1bb3e95908be763","Unknown","_musab_iqbal_usmani","Unassigned","New","normal","2026-06-30T14:52:38.225Z"
"undefined","6a43d8b9b1bb3e95908be766","Unknown","rahim711980","Unassigned","New","normal","2026-06-30T14:54:49.577Z"
"undefined","6a43e64db1bb3e95908be77b","Unknown","arbazsir_ig","Unassigned","New","normal","2026-06-30T15:52:45.578Z"
"undefined","6a43f109b1bb3e95908be781","Unknown","wahaj_pv.t","Unassigned","New","normal","2026-06-30T16:38:33.998Z"
"undefined","6a43f6e2b1bb3e95908be791","Unknown","abidasultana1","Unassigned","New","normal","2026-06-30T17:03:30.722Z"
"undefined","6a43fb24b1bb3e95908be797","Unknown","noreen.ai","Unassigned","New","normal","2026-06-30T17:21:40.707Z"
"undefined","6a43fcafb1bb3e95908be79c","Unknown","innocent_branded","Unassigned","New","normal","2026-06-30T17:28:15.629Z"
"undefined","6a440568b1bb3e95908be7ab","Unknown","IG_User_4115599742071217","Unassigned","New","normal","2026-06-30T18:05:28.149Z"
"undefined","6a440884b1bb3e95908be7b0","Unknown","the_sajidbelim","Unassigned","New","normal","2026-06-30T18:18:44.053Z"
"undefined","6a4408e8b1bb3e95908be7b3","Unknown","IG_User_1699268841325362","Unassigned","New","normal","2026-06-30T18:20:24.790Z"
"undefined","6a440966b1bb3e95908be7b7","Unknown","arif__shaikh","Unassigned","New","normal","2026-06-30T18:22:30.774Z"
"undefined","6a441064b1bb3e95908be7c6","Unknown","shaikabdul7323","Unassigned","New","normal","2026-06-30T18:52:20.407Z"
"undefined","6a44119fb1bb3e95908be7ca","Unknown","islamic_girl2303","Unassigned","New","normal","2026-06-30T18:57:35.738Z"
"undefined","6a4416b6b1bb3e95908be7cd","Unknown","nasreenmoon","Unassigned","New","normal","2026-06-30T19:19:18.333Z"
"undefined","6a441a7cb1bb3e95908be7d5","Unknown","saied.khan7","Unassigned","New","normal","2026-06-30T19:35:24.967Z"
"undefined","6a441c2bb1bb3e95908be7d8","Unknown","tanveer_naikwadi_51","Unassigned","New","normal","2026-06-30T19:42:35.049Z"
"undefined","6a44281ab1bb3e95908be7ee","Unknown","advocate_mahboobalikhan","Unassigned","New","normal","2026-06-30T20:33:30.971Z"
"undefined","6a4434f6b1bb3e95908be7ff","Unknown","IG_User_27441770562155600","Unassigned","New","normal","2026-06-30T21:28:22.820Z"
"undefined","6a4437b3b1bb3e95908be807","Unknown","IG_User_991323573695830","Unassigned","New","normal","2026-06-30T21:40:03.676Z"
"undefined","6a444184b1bb3e95908be80f","Unknown","_nawzirr_","Unassigned","New","normal","2026-06-30T22:21:56.431Z"
"undefined","6a4443d6b1bb3e95908be812","Unknown","fardeenali530","Unassigned","New","normal","2026-06-30T22:31:50.839Z"
"undefined","6a4453d8b1bb3e95908be81a","Unknown","_.arsh._a","Unassigned","New","normal","2026-06-30T23:40:08.537Z"
"undefined","6a446834b1bb3e95908be823","Unknown","ftara6","Unassigned","New","normal","2026-07-01T01:07:00.326Z"
"undefined","6a446e68b1bb3e95908be82c","Unknown","shoeb_malik8686","Unassigned","New","normal","2026-07-01T01:33:28.509Z"
"undefined","6a4472fbb1bb3e95908be82f","Unknown","IG_User_4525580231099008","Unassigned","New","normal","2026-07-01T01:52:59.301Z"
"undefined","6a447c36b1bb3e95908be83b","Unknown","mscknashrah","Unassigned","New","normal","2026-07-01T02:32:22.202Z"
"undefined","6a4484c9b1bb3e95908be844","Unknown","shahshaheeen","Unassigned","New","normal","2026-07-01T03:08:57.368Z"
"undefined","6a449d05b1bb3e95908be85d","Unknown","fashion.store.7","Unassigned","New","normal","2026-07-01T04:52:21.143Z"
"undefined","6a44a7eab1bb3e95908be877","Unknown","beyourownboss__00","Unassigned","New","normal","2026-07-01T05:38:50.617Z"
"undefined","6a44b4c3b1bb3e95908be8aa","Unknown","sahabafaq","Unassigned","New","normal","2026-07-01T06:33:39.764Z"
"undefined","6a44c171b1bb3e95908be8ba","Unknown","zunairas_creation","Unassigned","New","normal","2026-07-01T07:27:45.981Z"
"undefined","6a44c29ab1bb3e95908be8bd","Unknown","khan.omar68","Unassigned","New","normal","2026-07-01T07:32:42.417Z"
"undefined","6a44c530b1bb3e95908be8c8","Unknown","saad_tijoriwala","Unassigned","New","normal","2026-07-01T07:43:44.763Z"
"undefined","6a44cf1bb1bb3e95908be8d6","Unknown","tamilsareal","Unassigned","New","normal","2026-07-01T08:26:03.390Z"
"undefined","6a44d587b1bb3e95908be8dd","Unknown","ahmed_1115241","Unassigned","New","normal","2026-07-01T08:53:27.435Z"
"undefined","6a44dd5db1bb3e95908be8ed","Unknown","imshahed_sayed","Unassigned","New","normal","2026-07-01T09:26:53.681Z"
"undefined","6a44e218b1bb3e95908be8f3","Unknown","aasifshaikh605","Unassigned","New","normal","2026-07-01T09:47:04.302Z"
"undefined","6a44ef82b1bb3e95908be8fc","Unknown","IG_User_1327683145585514","Unassigned","New","normal","2026-07-01T10:44:18.909Z"
"undefined","6a44f233b1bb3e95908be900","Unknown","IG_User_1982697859028417","Unassigned","New","normal","2026-07-01T10:55:47.922Z"
"undefined","6a45138eb1bb3e95908be90f","Unknown","profdanish","Unassigned","New","normal","2026-07-01T13:18:06.346Z"
"undefined","6a451963b1bb3e95908be915","Unknown","disanalam2005","Unassigned","New","normal","2026-07-01T13:42:59.506Z"
"undefined","6a4550b9b1bb3e95908be959","Unknown","ssaz1503","Unassigned","New","normal","2026-07-01T17:39:05.146Z"
"undefined","6a4556b0b1bb3e95908be95e","Unknown","syedalam816","Unassigned","New","normal","2026-07-01T18:04:32.609Z"
"undefined","6a45573ab1bb3e95908be962","Unknown","IG_User_1627778342351562","Unassigned","New","normal","2026-07-01T18:06:50.415Z"
"undefined","6a455dc5b1bb3e95908be978","Unknown","shehbazkhan_787","Unassigned","New","normal","2026-07-01T18:34:45.949Z"
"undefined","6a458098b1bb3e95908be98f","Unknown","noufal.azad","Unassigned","New","normal","2026-07-01T21:03:20.149Z"
"undefined","6a458227b1bb3e95908be992","Unknown","onlyonefaizal","Unassigned","New","normal","2026-07-01T21:09:59.604Z"
"undefined","6a459e3eb1bb3e95908be99c","Unknown","IG_User_27347341871582617","Unassigned","New","normal","2026-07-01T23:09:50.505Z"
"undefined","6a45abf7b1bb3e95908be9a5","Unknown","IG_User_995645126684251","Unassigned","New","normal","2026-07-02T00:08:23.581Z"
"undefined","6a45af91b1bb3e95908be9a9","Unknown","IG_User_2411304079391480","Unassigned","New","normal","2026-07-02T00:23:45.045Z"
"undefined","6a45b163b1bb3e95908be9ac","Unknown","rizwanraktchikitsa","Unassigned","New","normal","2026-07-02T00:31:31.938Z"
"undefined","6a45b934b1bb3e95908be9af","Unknown","the.umrah.company","Unassigned","New","normal","2026-07-02T01:04:52.068Z"
"undefined","6a45bc15b1bb3e95908be9b5","Unknown","_saquib._.saqu_","Unassigned","New","normal","2026-07-02T01:17:09.701Z"
"undefined","6a45bd8ab1bb3e95908be9c4","Unknown","modicloths_official","Unassigned","New","normal","2026-07-02T01:23:22.178Z"
"undefined","6a45bdb6b1bb3e95908be9c7","Unknown","syed.habeeby","Unassigned","New","normal","2026-07-02T01:24:06.975Z"
"undefined","6a45c5ceb1bb3e95908be9ca","Unknown","loveableazhar","Unassigned","New","normal","2026-07-02T01:58:38.617Z"
"undefined","6a45c613b1bb3e95908be9cd","Unknown","IG_User_3063891777142389","Unassigned","New","normal","2026-07-02T01:59:47.227Z"
"undefined","6a45c8cfb1bb3e95908be9d1","Unknown","syed_ehsan.a","Unassigned","New","normal","2026-07-02T02:11:27.254Z"
"undefined","6a45cc1eb1bb3e95908be9e0","Unknown","md_afzzal","Unassigned","New","normal","2026-07-02T02:25:34.982Z"
"undefined","6a45cd57b1bb3e95908be9e3","Unknown","IG_User_28111659728439957","Unassigned","New","normal","2026-07-02T02:30:47.311Z"
"undefined","6a45cf63b1bb3e95908be9f3","Unknown","wall_mount_shoe_rack_bangalure","Unassigned","New","normal","2026-07-02T02:39:31.979Z"
"undefined","6a45d155b1bb3e95908be9f7","Unknown","nasrinmca7","Unassigned","New","normal","2026-07-02T02:47:49.500Z"
"undefined","6a45d573b1bb3e95908be9fd","Unknown","sahjadrazvi.official","Unassigned","New","normal","2026-07-02T03:05:23.032Z"
"undefined","6a45daf1b1bb3e95908bea0b","Unknown","________0parwana","Unassigned","New","normal","2026-07-02T03:28:49.992Z"
"undefined","6a45e382b1bb3e95908bea18","Unknown","mohd_yunus.2129","Unassigned","New","normal","2026-07-02T04:05:22.200Z"
"undefined","6a45eb48b1bb3e95908bea20","Unknown","goshwalaqurbani.in","Unassigned","New","normal","2026-07-02T04:38:32.723Z"
"undefined","6a45ece5b1bb3e95908bea23","Unknown","mohamedbasheer423","Unassigned","New","normal","2026-07-02T04:45:25.869Z"
"undefined","6a45ee90b1bb3e95908bea29","Unknown","madd_nadd","Unassigned","New","normal","2026-07-02T04:52:32.144Z"
"undefined","6a45fbd2b1bb3e95908bea4c","Unknown","IG_User_1436666555171069","Unassigned","New","normal","2026-07-02T05:49:06.375Z"
"undefined","6a45fd00b1bb3e95908bea4f","Unknown","testingidfortesting","Unassigned","New","normal","2026-07-02T05:54:08.165Z"
"undefined","6a4605a5b1bb3e95908bea56","Unknown","jannatforme","Unassigned","New","normal","2026-07-02T06:31:01.770Z"
"undefined","6a460631b1bb3e95908bea59","Unknown","ratlamwalataha_tez","Unassigned","New","normal","2026-07-02T06:33:21.312Z"
"undefined","6a461351b1bb3e95908bea75","Unknown","__parvin6__","Unassigned","New","normal","2026-07-02T07:29:21.014Z"
"undefined","6a4614b3b1bb3e95908bea7b","Unknown","imran_vigyapan","Unassigned","New","normal","2026-07-02T07:35:15.912Z"
"undefined","6a462469b1bb3e95908beaaa","Unknown","shameem0023","Unassigned","New","normal","2026-07-02T08:42:17.834Z"
"undefined","6a462585b1bb3e95908beab0","Unknown","itsfzk","Unassigned","New","normal","2026-07-02T08:47:01.205Z"
"undefined","6a462a6eb1bb3e95908beabf","Unknown","ryuga.l.drago","Unassigned","New","normal","2026-07-02T09:07:58.503Z"
"undefined","6a4635fab1bb3e95908beac5","Unknown","IG_User_1051997937354462","Unassigned","New","normal","2026-07-02T09:57:14.583Z"
"undefined","6a46368cb1bb3e95908beacc","Unknown","noorain_167","Unassigned","New","normal","2026-07-02T09:59:40.230Z"
"undefined","6a4644e8b1bb3e95908beade","Unknown","IG_User_2173279016853423","Unassigned","New","normal","2026-07-02T11:00:56.202Z"
"undefined","6a4648ffb1bb3e95908beae4","Unknown","mirali3547","Unassigned","New","normal","2026-07-02T11:18:23.449Z"
"undefined","6a464cbeb1bb3e95908beae7","Unknown","IG_User_1583275710170161","Unassigned","New","normal","2026-07-02T11:34:22.553Z"
"undefined","6a4651a2b1bb3e95908beaf3","Unknown","IG_User_36815522358061758","Unassigned","New","normal","2026-07-02T11:55:14.237Z"
"undefined","6a465a2c557bce31f7093839","Unknown","m_and_co_the_fashion_studio","Unassigned","New","normal","2026-07-02T12:31:40.350Z"
"undefined","6a466caed4f75da1ad20d014","Unknown","IG_User_1323298603299806","Unassigned","New","normal","2026-07-02T13:50:38.057Z"
"undefined","6a466e3bd4f75da1ad210c73","Unknown","IG_User_1717510206150446","Unassigned","New","normal","2026-07-02T13:57:15.845Z"
"undefined","6a467071d4f75da1ad22f573","Unknown","awadhussain24","Unassigned","New","normal","2026-07-02T14:06:41.161Z"
"undefined","6a4676edcb685efd021d9fc5","Unknown","sohailkably","Unassigned","New","normal","2026-07-02T14:34:21.310Z"
"undefined","6a467b47cb685efd021ddd02","Unknown","syedshabanaamanullah","Unassigned","New","normal","2026-07-02T14:52:55.268Z"
"undefined","6a467fb6cb685efd021ddd05","Unknown","alishah.424","Unassigned","New","normal","2026-07-02T15:11:50.563Z"
"undefined","6a468207cb685efd021ddd08","Unknown","aqueel.khan.1422","Unassigned","New","normal","2026-07-02T15:21:43.758Z"
"undefined","6a468668cb685efd021e5ae9","Unknown","algkhaja","Unassigned","New","normal","2026-07-02T15:40:24.819Z"
"undefined","6a46966254385a85473c68f4","Unknown","maqsoodali.mohammed.96","Unassigned","New","normal","2026-07-02T16:48:34.465Z"
"undefined","6a469d7754385a85473f5d08","Unknown","IG_User_1340304544206936","Unassigned","New","normal","2026-07-02T17:18:47.750Z"
"undefined","6a46a0b354385a8547405c62","Unknown","srk.skb786","Unassigned","New","normal","2026-07-02T17:32:35.963Z"
"undefined","6a46a34654385a854740dec2","Unknown","IG_User_2230255721076977","Unassigned","New","normal","2026-07-02T17:43:34.984Z"
"undefined","6a46a39354385a854740dec7","Unknown","khalledqurashi76","Unassigned","New","normal","2026-07-02T17:44:51.198Z"
"undefined","6a46a89754385a8547411846","Unknown","fazal___1511","Unassigned","New","normal","2026-07-02T18:06:15.590Z"
"undefined","6a46aad954385a8547411852","Unknown","mohammedyousufullah","Unassigned","New","normal","2026-07-02T18:15:53.378Z"
"undefined","6a46aeb254385a854741185f","Unknown","hkraheman","Unassigned","New","normal","2026-07-02T18:32:18.220Z"
"undefined","6a46c71054385a8547415645","Unknown","abyesssshaa","Unassigned","New","normal","2026-07-02T20:16:16.968Z"
"undefined","6a46e1b354385a8547443cf5","Unknown","IG_User_4404761179763402","Unassigned","New","normal","2026-07-02T22:09:55.777Z"
"undefined","6a46e3ae54385a8547443cf8","Unknown","librian_25","Unassigned","New","normal","2026-07-02T22:18:22.477Z"
"undefined","6a46eb9d54385a8547443cfb","Unknown","parveen.masrath","Unassigned","New","normal","2026-07-02T22:52:13.768Z"
"undefined","6a46f76e54385a8547443cfe","Unknown","iimclubintagram","Unassigned","New","normal","2026-07-02T23:42:38.844Z"
"undefined","6a470c1454385a8547443d09","Unknown","samjed123","Unassigned","New","normal","2026-07-03T01:10:44.462Z"
"undefined","6a47151954385a8547443d12","Unknown","jamamasjidyounusjagirdar2018","Unassigned","New","normal","2026-07-03T01:49:13.249Z"
"undefined","6a47165d54385a8547443d15","Unknown","IG_User_2003621220284925","Unassigned","New","normal","2026-07-03T01:54:37.463Z"
"undefined","6a471b2654385a8547443d19","Unknown","sabeena.sali","Unassigned","New","normal","2026-07-03T02:15:02.915Z"
"undefined","6a4734fb54385a8547443d1f","Unknown","IG_User_2201432917363574","Unassigned","New","normal","2026-07-03T04:05:15.653Z"
"undefined","6a47358054385a8547443d22","Unknown","dawoodibrahim2348","Unassigned","New","normal","2026-07-03T04:07:28.157Z"
"undefined","6a47408f54385a8547443d49","Unknown","wa_aesthete","Unassigned","New","normal","2026-07-03T04:54:39.540Z"
"undefined","6a477d0154385a8547472137","Unknown","bigloserposer","Unassigned","New","normal","2026-07-03T09:12:33.196Z"
"undefined","6a4781cb54385a8547473b89","Unknown","meer.cruise","Unassigned","New","normal","2026-07-03T09:32:59.636Z"
"undefined","6a47955654385a8547484e20","Unknown","imran_raz27","Unassigned","New","normal","2026-07-03T10:56:22.241Z"
"undefined","6a47adb554385a85474d5bb6","Unknown","idiscover_global_school","Unassigned","New","normal","2026-07-03T12:40:21.985Z"
"undefined","6a47b73a54385a85474ef2b7","Unknown","zohara172","Unassigned","New","normal","2026-07-03T13:20:58.159Z"
"undefined","6a47bbbc54385a85474f3155","Unknown","IG_User_842648932042068","Unassigned","New","normal","2026-07-03T13:40:12.400Z"
"undefined","6a47ce4e54385a85474fd7b3","Unknown","mehrah_23","Unassigned","New","normal","2026-07-03T14:59:26.544Z"
"undefined","6a47db3254385a85474fd7b6","Unknown","mohammadbarkat202","Unassigned","New","normal","2026-07-03T15:54:26.922Z"
"undefined","6a47de0254385a85474fd7bb","Unknown","mohamedkhalidbawabawa","Unassigned","New","normal","2026-07-03T16:06:26.738Z"
"undefined","6a47e57054385a85474fd814","Unknown","_ridarehmat.j","Unassigned","New","normal","2026-07-03T16:38:08.669Z"
"undefined","6a47e6d054385a85474fd817","Unknown","IG_User_903745209446605","Unassigned","New","normal","2026-07-03T16:44:00.414Z"
"undefined","6a47e9f154385a85474fd81b","Unknown","IG_User_1061489722872928","Unassigned","New","normal","2026-07-03T16:57:21.049Z"
"undefined","6a47ec0854385a85474fd82a","Unknown","IG_User_2056857928241162","Unassigned","New","normal","2026-07-03T17:06:16.377Z"
"undefined","6a47ec9654385a85474fd82d","Unknown","mohammadsabiuddin","Unassigned","New","normal","2026-07-03T17:08:38.856Z"
"undefined","6a47fe9b54385a85475072ff","Unknown","IG_User_1477938430749675","Unassigned","New","normal","2026-07-03T18:25:31.055Z"
"undefined","6a480acb54385a854750865f","Unknown","sumayahfatemah","Unassigned","New","normal","2026-07-03T19:17:31.885Z"
"undefined","6a480d9f54385a8547508662","Unknown","yeahsiragain","Unassigned","New","normal","2026-07-03T19:29:35.093Z"
"undefined","6a481ec854385a8547509b32","Unknown","tahseenshaik20","Unassigned","New","normal","2026-07-03T20:42:48.750Z"
"undefined","6a48212054385a8547509b39","Unknown","IG_User_2058449378384034","Unassigned","New","normal","2026-07-03T20:52:48.046Z"
"undefined","6a4821d854385a8547509b3c","Unknown","IG_User_1743748743477463","Unassigned","New","normal","2026-07-03T20:55:52.901Z"
"undefined","6a4842f354385a854754ca5c","Unknown","IG_User_1862923798000169","Unassigned","New","normal","2026-07-03T23:17:07.916Z"
"undefined","6a485d8954385a854754ca5f","Unknown","monsuier13","Unassigned","New","normal","2026-07-04T01:10:33.154Z"
"undefined","6a4864f354385a854754ca62","Unknown","asifullak05","Unassigned","New","normal","2026-07-04T01:42:11.546Z"
"undefined","6a486d0354385a854754ca65","Unknown","samir_machines","Unassigned","New","normal","2026-07-04T02:16:35.222Z"
"undefined","6a486e6054385a854754ca68","Unknown","zenab.qureshi.716","Unassigned","New","normal","2026-07-04T02:22:24.772Z"
"undefined","6a489f4054385a854755e818","Unknown","IG_User_4125071854451954","Unassigned","New","normal","2026-07-04T05:50:56.530Z"
"undefined","6a48a50f54385a854755ea46","Unknown","IG_User_788415847593789","Unassigned","New","normal","2026-07-04T06:15:43.387Z"
"undefined","6a48c33d54385a8547566bfb","Unknown","golden_threads_23","Unassigned","New","normal","2026-07-04T08:24:29.842Z"
"undefined","6a48d0ac54385a854757d57f","Unknown","IG_User_1586273173200777","Unassigned","New","normal","2026-07-04T09:21:48.829Z"
"undefined","6a48e470448e151717665e72","Unknown","khan48676","Unassigned","New","normal","2026-07-04T10:46:08.095Z"
"undefined","6a48e5a8448e151717665e75","Unknown","heuristic_academy","Unassigned","New","normal","2026-07-04T10:51:20.124Z"
"undefined","6a48ef33448e1517176660dd","Unknown","IG_User_1938646046841275","Unassigned","New","normal","2026-07-04T11:32:03.799Z"
"undefined","6a48f4b5448e151717667e7b","Unknown","IG_User_1736604951101273","Unassigned","New","normal","2026-07-04T11:55:33.463Z"
"undefined","6a49076517ab6384d708e05d","Unknown","makeupdiaires_by_nehabamrah","Unassigned","New","normal","2026-07-04T13:15:17.281Z"
"undefined","6a490e5817ab6384d708e065","Unknown","ca_wholift_tanusaiyad","Unassigned","New","normal","2026-07-04T13:44:56.983Z"
"undefined","6a492efca7577adca1b60571","Unknown","wandricks","Unassigned","New","normal","2026-07-04T16:04:12.317Z"
"undefined","6a49414ca7577adca1b60580","Unknown","mohammed_mashayak_asim_","Unassigned","New","normal","2026-07-04T17:22:20.634Z"
"undefined","6a4946a0a7577adca1b60583","Unknown","owais.__9","Unassigned","New","normal","2026-07-04T17:45:04.185Z"
"undefined","6a495579a7577adca1b6060e","Unknown","rikk.khan","Unassigned","New","normal","2026-07-04T18:48:25.207Z"
"undefined","6a495e90a7577adca1b6061f","Unknown","meermhyder","Unassigned","New","normal","2026-07-04T19:27:12.484Z"
"undefined","6a495efca7577adca1b60622","Unknown","shameenaparvez.0","Unassigned","New","normal","2026-07-04T19:29:00.267Z"
"undefined","6a4965f4a7577adca1b60627","Unknown","nasrullahbinmazi","Unassigned","New","normal","2026-07-04T19:58:44.488Z"
"undefined","6a496d54a7577adca1b6062f","Unknown","md3324arshad","Unassigned","New","normal","2026-07-04T20:30:12.882Z"
"undefined","6a496e4ba7577adca1b60632","Unknown","sana_558q","Unassigned","New","normal","2026-07-04T20:34:19.296Z"
"undefined","6a49b09ea7577adca1b7d501","Unknown","phoenixsohel","Unassigned","New","normal","2026-07-05T01:17:18.962Z"
"undefined","6a49c5f9a7577adca1b7d50b","Unknown","nihalashraf072","Unassigned","New","normal","2026-07-05T02:48:25.363Z"
"undefined","6a49ce9ba7577adca1b7ec0f","Unknown","m.y.k.siddiqui","Unassigned","New","normal","2026-07-05T03:25:15.334Z"
"undefined","6a49ed52a7577adca1b83867","Unknown","gayatri_4548__","Unassigned","New","normal","2026-07-05T05:36:18.638Z"
"undefined","6a49f8ffa7577adca1b840bc","Unknown","IG_User_1329472432724214","Unassigned","New","normal","2026-07-05T06:26:07.606Z"
"undefined","6a49fbb2a7577adca1b84137","Unknown","mohammed.ibrahim2408","Unassigned","New","normal","2026-07-05T06:37:38.644Z"
"undefined","6a4a0c39d008b3640aebbc49","Unknown","djguru2305","Unassigned","New","normal","2026-07-05T07:48:09.607Z"
"undefined","6a4a2487d008b3640aebc4c9","Unknown","dr_rashid_ali__","Unassigned","New","normal","2026-07-05T09:31:51.451Z"
"undefined","6a4a287cd008b3640aebc4cc","Unknown","farhanahmad3946","Unassigned","New","normal","2026-07-05T09:48:44.535Z"
"undefined","6a4a2caad008b3640aebc4cf","Unknown","hafizmujahidmadrasi","Unassigned","New","normal","2026-07-05T10:06:34.542Z"
"undefined","6a4a34f3d008b3640aec13f4","Unknown","IG_User_1702291527561079","Unassigned","New","normal","2026-07-05T10:41:55.029Z"
"undefined","6a4a3c90d008b3640aecaec2","Unknown","syedawesomealim","Unassigned","New","normal","2026-07-05T11:14:24.474Z"
"undefined","6a4a3e90d008b3640aecb042","Unknown","pilatesbyfarzana","Unassigned","New","normal","2026-07-05T11:22:56.857Z"
"undefined","6a4a48c3d008b3640aee762e","Unknown","dusk_mod3","Unassigned","New","normal","2026-07-05T12:06:27.818Z"
"undefined","6a4a4f74d008b3640aee8f8c","Unknown","hussain38374","Unassigned","New","normal","2026-07-05T12:35:00.758Z"
"undefined","6a4a55f2d008b3640aee9112","Unknown","IG_User_1189007117629562","Unassigned","New","normal","2026-07-05T13:02:42.069Z"
"undefined","6a4a5687d008b3640aee9115","Unknown","IG_User_1380992960567778","Unassigned","New","normal","2026-07-05T13:05:11.816Z"
"undefined","6a4a61b0d008b3640aeebfcd","Unknown","ziaulla66","Unassigned","New","normal","2026-07-05T13:52:48.623Z"
"undefined","6a4aa178e3c7f82cb0811b81","Unknown","IG_User_956131760809488","Unassigned","New","normal","2026-07-05T18:24:56.332Z"
"undefined","6a4aa81ae3c7f82cb0811b85","Unknown","IG_User_1327512382362398","Unassigned","New","normal","2026-07-05T18:53:14.224Z"
"undefined","6a4aae9be3c7f82cb0811b96","Unknown","mr251525","Unassigned","New","normal","2026-07-05T19:20:59.182Z"
"undefined","6a4ab28be3c7f82cb0811b9a","Unknown","t764727","Unassigned","New","normal","2026-07-05T19:37:47.938Z"
"undefined","6a4ab5dae3c7f82cb0811b9d","Unknown","almaspolki","Unassigned","New","normal","2026-07-05T19:51:54.491Z"
"undefined","6a4abf69e3c7f82cb0811bab","Unknown","IG_User_1029815106402633","Unassigned","New","normal","2026-07-05T20:32:41.564Z"
"undefined","6a4abf77e3c7f82cb0811bae","Unknown","nadeem_nawaab_484","Unassigned","New","normal","2026-07-05T20:32:55.797Z"
"undefined","6a4abfc2e3c7f82cb0811bb1","Unknown","muna7_711","Unassigned","New","normal","2026-07-05T20:34:10.462Z"
"undefined","6a4ae019e3c7f82cb08247ea","Unknown","_.zaid._29","Unassigned","New","normal","2026-07-05T22:52:09.546Z"
"undefined","6a4aea29e3c7f82cb0831b34","Unknown","asiantfcrafts","Unassigned","New","normal","2026-07-05T23:35:05.095Z"
"undefined","6a4af6fce3c7f82cb0831b3d","Unknown","IG_User_1580349420371859","Unassigned","New","normal","2026-07-06T00:29:48.472Z"
"undefined","6a4b0489e3c7f82cb0831b4f","Unknown","abdul_bro_29","Unassigned","New","normal","2026-07-06T01:27:37.601Z"
"undefined","6a4b05c2e3c7f82cb0831b54","Unknown","IG_User_1689494132254542","Unassigned","New","normal","2026-07-06T01:32:50.465Z"
"undefined","6a4b075be3c7f82cb0831b57","Unknown","_.mastankhan","Unassigned","New","normal","2026-07-06T01:39:39.336Z"
"undefined","6a4b0791e3c7f82cb0831b5a","Unknown","syed_0321","Unassigned","New","normal","2026-07-06T01:40:33.918Z"
"undefined","6a4b09b3e3c7f82cb0831b5d","Unknown","IG_User_1394110662604870","Unassigned","New","normal","2026-07-06T01:49:39.317Z"
"undefined","6a4b0b55e3c7f82cb0831b61","Unknown","mohammedusman4220","Unassigned","New","normal","2026-07-06T01:56:37.799Z"
"undefined","6a4b0e78e3c7f82cb0831b67","Unknown","thgn.r8al_one","Unassigned","New","normal","2026-07-06T02:10:00.151Z"
"undefined","6a4b0fb8e3c7f82cb0831b6a","Unknown","_combatantt_","Unassigned","New","normal","2026-07-06T02:15:20.428Z"
"undefined","6a4b1084e3c7f82cb0831b6d","Unknown","shabbir__ahmad","Unassigned","New","normal","2026-07-06T02:18:44.640Z"
"undefined","6a4b10bee3c7f82cb0831b70","Unknown","saif_ali_shaikk_","Unassigned","New","normal","2026-07-06T02:19:42.112Z"
"undefined","6a4b1196e3c7f82cb0831b73","Unknown","faheemahmad1230","Unassigned","New","normal","2026-07-06T02:23:18.108Z"
"undefined","6a4b2186e3c7f82cb0831b8f","Unknown","IG_User_1495726098482002","Unassigned","New","normal","2026-07-06T03:31:18.662Z"
"undefined","6a4b2848e3c7f82cb0831ba1","Unknown","asifkhan_2315","Unassigned","New","normal","2026-07-06T04:00:08.008Z"
"undefined","6a4b2bf6e3c7f82cb0831bb1","Unknown","rahil.rxx","Unassigned","New","normal","2026-07-06T04:15:50.036Z"
"undefined","6a4b2df9e3c7f82cb0831bb4","Unknown","rohankazi0","Unassigned","New","normal","2026-07-06T04:24:25.431Z"
"undefined","6a4b2fa6e3c7f82cb0831bbf","Unknown","arafath_one8","Unassigned","New","normal","2026-07-06T04:31:34.975Z"
"undefined","6a4b3049e3c7f82cb0831bc2","Unknown","IG_User_1491868605602069","Unassigned","New","normal","2026-07-06T04:34:17.451Z"
"undefined","6a4b30e5e3c7f82cb0831bc6","Unknown","IG_User_1027039099696800","Unassigned","New","normal","2026-07-06T04:36:53.299Z"
"undefined","6a4b3a72e3c7f82cb083a9c4","Unknown","shazzz0506","Unassigned","New","normal","2026-07-06T05:17:38.457Z"
"undefined","6a4b3f20e3c7f82cb083c23c","Unknown","arkate_tabish","Unassigned","New","normal","2026-07-06T05:37:36.237Z"
"undefined","6a4b5230e3c7f82cb0856380","Unknown","salmansyed1567","Unassigned","New","normal","2026-07-06T06:58:56.824Z"
"undefined","6a4b5282e3c7f82cb0856383","Unknown","rawkeybool","Unassigned","New","normal","2026-07-06T07:00:18.411Z"
"undefined","6a4b54e8e3c7f82cb0856402","Unknown","hammad.shk0","Unassigned","New","normal","2026-07-06T07:10:32.982Z"
"undefined","6a4b55efe3c7f82cb0856880","Unknown","seemakinani","Unassigned","New","normal","2026-07-06T07:14:55.995Z"
"undefined","6a4b5656e3c7f82cb0856883","Unknown","IG_User_872865322103749","Unassigned","New","normal","2026-07-06T07:16:38.978Z"
"undefined","6a4b59eae3c7f82cb0856a49","Unknown","IG_User_2882864628731217","Unassigned","New","normal","2026-07-06T07:31:54.382Z"
"undefined","6a4b5baee3c7f82cb0856a4e","Unknown","ishakj1","Unassigned","New","normal","2026-07-06T07:39:26.601Z"
"undefined","6a4b5bb5e3c7f82cb0856a51","Unknown","shrfu99","Unassigned","New","normal","2026-07-06T07:39:33.894Z"
"undefined","6a4b5c32e3c7f82cb0856a54","Unknown","healingwithasma","Unassigned","New","normal","2026-07-06T07:41:38.029Z"
"undefined","6a4b5d16e3c7f82cb0856a57","Unknown","ridermansoor89","Unassigned","New","normal","2026-07-06T07:45:26.151Z"
"undefined","6a4b6147e3c7f82cb0867110","Unknown","IG_User_1572727494423638","Unassigned","New","normal","2026-07-06T08:03:19.672Z"
"undefined","6a4b6213e3c7f82cb086e707","Unknown","IG_User_1552262806613247","Unassigned","New","normal","2026-07-06T08:06:43.086Z"
"undefined","6a4b627fe3c7f82cb0871df5","Unknown","i.suf","Unassigned","New","normal","2026-07-06T08:08:31.938Z"
"undefined","6a4b64b9e3c7f82cb088208f","Unknown","IG_User_1046045627813328","Unassigned","New","normal","2026-07-06T08:18:01.624Z"
"undefined","6a4b6554e3c7f82cb08820a2","Unknown","saifulla5941","Unassigned","New","normal","2026-07-06T08:20:36.443Z"
"undefined","6a4b660be3c7f82cb088210f","Unknown","apurvaa_fresh","Unassigned","New","normal","2026-07-06T08:23:39.822Z"
"undefined","6a4b68cce3c7f82cb0889815","Unknown","IG_User_1370848241622477","Unassigned","New","normal","2026-07-06T08:35:24.130Z"
"undefined","6a4b68ffe3c7f82cb0889818","Unknown","siddthiq","Unassigned","New","normal","2026-07-06T08:36:15.351Z"
"undefined","6a4b6917e3c7f82cb088982a","Unknown","IG_User_2495965164254184","Unassigned","New","normal","2026-07-06T08:36:39.763Z"
"undefined","6a4b6d77e3c7f82cb0889b8a","Unknown","ahmed.muddassar","Unassigned","New","normal","2026-07-06T08:55:19.412Z"
"undefined","6a4b6dc1e3c7f82cb0889b8e","Unknown","khairulalom332","Unassigned","New","normal","2026-07-06T08:56:33.560Z"
"undefined","6a4b72c0e3c7f82cb089e926","Unknown","syedsaleemahamed6","Unassigned","New","normal","2026-07-06T09:17:52.756Z"
"undefined","6a4b7348e3c7f82cb089ea5b","Unknown","IG_User_1017908147612961","Unassigned","New","normal","2026-07-06T09:20:08.616Z"
"undefined","6a4b74e7e3c7f82cb089ed62","Unknown","IG_User_2073727293502251","Unassigned","New","normal","2026-07-06T09:27:03.687Z"
"undefined","6a4b7656e3c7f82cb089f2a9","Unknown","_._hamzaaaaa_._","Unassigned","New","normal","2026-07-06T09:33:10.334Z"
"undefined","6a4b7b4fe3c7f82cb08a283e","Unknown","IG_User_1009621431782559","Unassigned","New","normal","2026-07-06T09:54:23.956Z"
"undefined","6a4b7c1ae3c7f82cb08a2abe","Unknown","IG_User_28695845126682333","Unassigned","New","normal","2026-07-06T09:57:46.853Z"
"undefined","6a4b7dd9e3c7f82cb08af5a1","Unknown","IG_User_2039006200342411","Unassigned","New","normal","2026-07-06T10:05:13.849Z"
"undefined","6a4b7fade3c7f82cb08af5a5","Unknown","IG_User_1920817761927596","Unassigned","New","normal","2026-07-06T10:13:01.114Z"
"undefined","6a4b8de5e3c7f82cb08d4e12","Unknown","ayub7457","Unassigned","New","normal","2026-07-06T11:13:41.485Z"
"undefined","6a4b8f1ce3c7f82cb08d4e29","Unknown","khalish4u","Unassigned","New","normal","2026-07-06T11:18:52.285Z"
"undefined","6a4b909ee3c7f82cb08d4e2c","Unknown","_sam_khan05","Unassigned","New","normal","2026-07-06T11:25:18.246Z"
"undefined","6a4b953be3c7f82cb08da240","Unknown","abdulrazak3380","Unassigned","New","normal","2026-07-06T11:44:59.012Z"
"undefined","6a4b970de3c7f82cb08da273","Unknown","propsure04_","Unassigned","New","normal","2026-07-06T11:52:45.875Z"
"undefined","6a4b9a75e3c7f82cb08df329","Unknown","atikmusclementor","Unassigned","New","normal","2026-07-06T12:07:17.545Z"
"undefined","6a4b9d56e3c7f82cb08ea04e","Unknown","IG_User_1757401429010249","Unassigned","New","normal","2026-07-06T12:19:34.961Z"
"undefined","6a4ba020e3c7f82cb08ea49e","Unknown","IG_User_4482737131969186","Unassigned","New","normal","2026-07-06T12:31:28.809Z"
"undefined","6a4ba353e3c7f82cb08ef1a6","Unknown","IG_User_970462185815994","Unassigned","New","normal","2026-07-06T12:45:07.222Z"
"undefined","6a4ba36be3c7f82cb08ef229","Unknown","tehzeebraheel","Unassigned","New","normal","2026-07-06T12:45:31.185Z"
"undefined","6a4ba479e3c7f82cb08ef22d","Unknown","taufique0_1","Unassigned","New","normal","2026-07-06T12:50:01.757Z"
"undefined","6a4ba538e3c7f82cb08ef235","Unknown","ayshaapi.1972","Unassigned","New","normal","2026-07-06T12:53:12.496Z"
"undefined","6a4ba7fce3c7f82cb08ef48f","Unknown","yasar_009","Unassigned","New","normal","2026-07-06T13:05:00.968Z"
"undefined","6a4ba859e3c7f82cb08ef492","Unknown","isayedobaid","Unassigned","New","normal","2026-07-06T13:06:33.300Z"
"undefined","6a4ba948e3c7f82cb08ef495","Unknown","IG_User_2828655090860891","Unassigned","New","normal","2026-07-06T13:10:32.253Z"
"undefined","6a4bac11e3c7f82cb08f0cef","Unknown","jalil.irfan","Unassigned","New","normal","2026-07-06T13:22:25.488Z"
"undefined","6a4bae39e3c7f82cb08f0cf5","Unknown","IG_User_1053122827389115","Unassigned","New","normal","2026-07-06T13:31:37.075Z"
"undefined","6a4baf98e3c7f82cb08f3f04","Unknown","addu315","Unassigned","New","normal","2026-07-06T13:37:28.365Z"
"undefined","6a4bb090e3c7f82cb08f59da","Unknown","classic_interior_solutionss","Unassigned","New","normal","2026-07-06T13:41:36.890Z"
"undefined","6a4bb186e3c7f82cb08f5a3c","Unknown","sayedsabiha","Unassigned","New","normal","2026-07-06T13:45:42.332Z"
"undefined","6a4bba33f65dd51b4f8a52ba","Unknown","fayyaz6693","Unassigned","New","normal","2026-07-06T14:22:43.130Z"
"undefined","6a4bbd1bf65dd51b4f8a54ae","Unknown","shaikmaqsoodzub","Unassigned","New","normal","2026-07-06T14:35:07.027Z"
"undefined","6a4bc165f65dd51b4f8a54b9","Unknown","khansab.0007","Unassigned","New","normal","2026-07-06T14:53:25.478Z"
"undefined","6a4bc480f65dd51b4f8b5fdd","Unknown","muhammadasad.9","Unassigned","New","normal","2026-07-06T15:06:40.455Z"
"undefined","6a4bc482f65dd51b4f8b5fdf","Unknown","_khan_shahrukh","Unassigned","New","normal","2026-07-06T15:06:42.898Z"
"undefined","6a4bc496f65dd51b4f8b606a","Unknown","_ababeel_04","Unassigned","New","normal","2026-07-06T15:07:02.587Z"
"undefined","6a4bc4bff65dd51b4f8b606d","Unknown","rahamanabid","Unassigned","New","normal","2026-07-06T15:07:43.246Z"
"undefined","6a4bc4d6f65dd51b4f8b6072","Unknown","iks_23in","Unassigned","New","normal","2026-07-06T15:08:06.041Z"
"undefined","6a4bc633f65dd51b4f8b6096","Unknown","rasheeq_rahman","Unassigned","New","normal","2026-07-06T15:13:55.338Z"
"undefined","6a4bc767f65dd51b4f8b609f","Unknown","brave_soull313","Unassigned","New","normal","2026-07-06T15:19:03.227Z"
"undefined","6a4bc7bef65dd51b4f8b60a2","Unknown","IG_User_973569742348712","Unassigned","New","normal","2026-07-06T15:20:30.688Z"
"undefined","6a4bcbacf65dd51b4f8bf572","Unknown","IG_User_4018831884965078","Unassigned","New","normal","2026-07-06T15:37:16.057Z"
"undefined","6a4bcbeef65dd51b4f8bf581","Unknown","javid.hussain2","Unassigned","New","normal","2026-07-06T15:38:22.343Z"
"undefined","6a4bcc1bf65dd51b4f8c0e02","Unknown","IG_User_1027733279838403","Unassigned","New","normal","2026-07-06T15:39:07.142Z"
"undefined","6a4bcc69f65dd51b4f8c0e06","Unknown","mohammed_imran1987","Unassigned","New","normal","2026-07-06T15:40:25.524Z"
"undefined","6a4bccc1f65dd51b4f8c0e1d","Unknown","IG_User_996819259652983","Unassigned","New","normal","2026-07-06T15:41:53.662Z"
"undefined","6a4bccc8f65dd51b4f8c0e21","Unknown","IG_User_1726682148645125","Unassigned","New","normal","2026-07-06T15:42:00.994Z"
"undefined","6a4bccd2f65dd51b4f8c0e26","Unknown","ameerhamza.aa","Unassigned","New","normal","2026-07-06T15:42:10.097Z"
"undefined","6a4bcd19f65dd51b4f8c0e2f","Unknown","tariq_786","Unassigned","New","normal","2026-07-06T15:43:21.366Z"
"undefined","6a4bcd44f65dd51b4f8c0e39","Unknown","IG_User_1936347487026458","Unassigned","New","normal","2026-07-06T15:44:04.421Z"
"undefined","6a4bcf19f65dd51b4f8c0e4e","Unknown","m5king1_1","Unassigned","New","normal","2026-07-06T15:51:53.527Z"
"undefined","6a4bcf44f65dd51b4f8c0e57","Unknown","IG_User_1919486295380263","Unassigned","New","normal","2026-07-06T15:52:36.469Z"
"undefined","6a4bcfb5f65dd51b4f8c0e62","Unknown","IG_User_1686507239239860","Unassigned","New","normal","2026-07-06T15:54:29.896Z"
"undefined","6a4bd016f65dd51b4f8c0e68","Unknown","IG_User_1026457770132043","Unassigned","New","normal","2026-07-06T15:56:06.802Z"
"undefined","6a4bd020f65dd51b4f8c0e6c","Unknown","IG_User_997656366365446","Unassigned","New","normal","2026-07-06T15:56:16.420Z"
"undefined","6a4bd192f65dd51b4f8c0e72","Unknown","arbazsayyed_1012","Unassigned","New","normal","2026-07-06T16:02:26.240Z"
"undefined","6a4bd21af65dd51b4f8c0e78","Unknown","IG_User_1908574703161916","Unassigned","New","normal","2026-07-06T16:04:42.402Z"
"undefined","6a4bd316f65dd51b4f8c58e2","Unknown","mr.nomi_000","Unassigned","New","normal","2026-07-06T16:08:54.771Z"
"undefined","6a4bd45ef65dd51b4f8c5a59","Unknown","IG_User_2778872259153865","Unassigned","New","normal","2026-07-06T16:14:22.810Z"
"undefined","6a4bd635f65dd51b4f8c731e","Unknown","_.sayyad._14","Unassigned","New","normal","2026-07-06T16:22:13.516Z"
"undefined","6a4bd8dbf65dd51b4f8c8c3a","Unknown","zayedperfumeindia","Unassigned","New","normal","2026-07-06T16:33:31.079Z"
"undefined","6a4bd97bf65dd51b4f8cd5cc","Unknown","nasir.snintl","Unassigned","New","normal","2026-07-06T16:36:11.818Z"
"undefined","6a4bdb2af65dd51b4f8d99f7","Unknown","ecomwithzahid","Unassigned","New","normal","2026-07-06T16:43:22.135Z"
"undefined","6a4bdb32f65dd51b4f8d99fa","Unknown","uzi059","Unassigned","New","normal","2026-07-06T16:43:30.049Z"
"undefined","6a4bdb54f65dd51b4f8d9a02","Unknown","IG_User_895702912937105","Unassigned","New","normal","2026-07-06T16:44:04.842Z"
"undefined","6a4bdbd1f65dd51b4f8d9a0d","Unknown","_f0007_","Unassigned","New","normal","2026-07-06T16:46:09.469Z"
"undefined","6a4bdce2f65dd51b4f8d9a13","Unknown","a6784460","Unassigned","New","normal","2026-07-06T16:50:42.099Z"
"undefined","6a4bde9cf65dd51b4f8d9a1c","Unknown","usaidbtc","Unassigned","New","normal","2026-07-06T16:58:04.948Z"
"undefined","6a4be1e40d1ac564fe8ac7f4","Unknown","the_tam_42","Unassigned","New","normal","2026-07-06T17:12:04.398Z"
"undefined","6a4be31d0d1ac564fe8ac807","Unknown","amaan_ansarii_07","Unassigned","New","normal","2026-07-06T17:17:17.898Z"
"undefined","6a4be3d80d1ac564fe8b119d","Unknown","abmalik9550","Unassigned","New","normal","2026-07-06T17:20:24.648Z"
"undefined","6a4be7e60d1ac564fe8c6986","Unknown","asifart2023","Unassigned","New","normal","2026-07-06T17:37:42.881Z"
"undefined","6a4be8ff0d1ac564fe8ce429","Unknown","IG_User_2215720359205314","Unassigned","New","normal","2026-07-06T17:42:23.903Z"
"undefined","6a4beab50d1ac564fe8da8c7","Unknown","syed_iqbal101","Unassigned","New","normal","2026-07-06T17:49:41.197Z"
"undefined","6a4bebc10d1ac564fe8e549a","Unknown","IG_User_1765532608215717","Unassigned","New","normal","2026-07-06T17:54:09.272Z"
"undefined","6a4bed510d1ac564fe8e6eed","Unknown","IG_User_1701396590904135","Unassigned","New","normal","2026-07-06T18:00:49.151Z"
"undefined","6a4beda00d1ac564fe8e6ef4","Unknown","alsafartours_","Unassigned","New","normal","2026-07-06T18:02:08.787Z"
"undefined","6a4bf0230d1ac564fe8e6f0b","Unknown","muzammilkhan644","Unassigned","New","normal","2026-07-06T18:12:51.809Z"
"undefined","6a4bf08a0d1ac564fe8e8795","Unknown","IG_User_2423664961435759","Unassigned","New","normal","2026-07-06T18:14:34.110Z"
"undefined","6a4bf1940d1ac564fe8e879e","Unknown","carryalexhales","Unassigned","New","normal","2026-07-06T18:19:00.112Z"
"undefined","6a4bf31d0d1ac564fe8e87a1","Unknown","shabanakh737","Unassigned","New","normal","2026-07-06T18:25:33.952Z"
"undefined","6a4bf3480d1ac564fe8e87a4","Unknown","IG_User_996533599667027","Unassigned","New","normal","2026-07-06T18:26:16.516Z"
"undefined","6a4bf36e0d1ac564fe8e87a8","Unknown","zrkhan775","Unassigned","New","normal","2026-07-06T18:26:54.138Z"
"undefined","6a4bf7bd0d1ac564fe8e87e1","Unknown","zaheer_malik_341","Unassigned","New","normal","2026-07-06T18:45:17.570Z"
"undefined","6a4bfa060d1ac564fe8e87e4","Unknown","IG_User_1024862213285241","Unassigned","New","normal","2026-07-06T18:55:02.896Z"
"undefined","6a4bfa3a0d1ac564fe8e87e8","Unknown","altaf_baig25","Unassigned","New","normal","2026-07-06T18:55:54.266Z"
"undefined","6a4bfc720d1ac564fe8e87ee","Unknown","shariqueusman","Unassigned","New","normal","2026-07-06T19:05:22.987Z"
"undefined","6a4bfd190d1ac564fe8e87f3","Unknown","IG_User_1037172892196436","Unassigned","New","normal","2026-07-06T19:08:09.048Z"
"undefined","6a4bfdbf0d1ac564fe8e87f9","Unknown","rahimkhan_4","Unassigned","New","normal","2026-07-06T19:10:55.368Z"
"undefined","6a4bfe890d1ac564fe8e87fc","Unknown","IG_User_950119878047634","Unassigned","New","normal","2026-07-06T19:14:17.440Z"
"undefined","6a4bff420d1ac564fe8e8800","Unknown","iju0109","Unassigned","New","normal","2026-07-06T19:17:22.338Z"
"undefined","6a4c02ab0d1ac564fe8e8808","Unknown","naushad947357","Unassigned","New","normal","2026-07-06T19:31:55.414Z"
"undefined","6a4c03220d1ac564fe8e880b","Unknown","IG_User_1591552629066825","Unassigned","New","normal","2026-07-06T19:33:54.276Z"
"undefined","6a4c03720d1ac564fe8e880e","Unknown","IG_User_1294900862425605","Unassigned","New","normal","2026-07-06T19:35:14.548Z"
"undefined","6a4c05500d1ac564fe8e881b","Unknown","idris.ali.80","Unassigned","New","normal","2026-07-06T19:43:12.452Z"
"undefined","6a4c093d0d1ac564fe8e88d5","Unknown","mohd.imran.391","Unassigned","New","normal","2026-07-06T19:59:57.418Z"
"undefined","6a4c102f0d1ac564fe8fa258","Unknown","IG_User_1342488437340433","Unassigned","New","normal","2026-07-06T20:29:35.566Z"
"undefined","6a4c14330d1ac564fe90d2a1","Unknown","IG_User_3481046172050864","Unassigned","New","normal","2026-07-06T20:46:43.419Z"
"undefined","6a4c180f0d1ac564fe911cf3","Unknown","moeeen.ali.m","Unassigned","New","normal","2026-07-06T21:03:11.780Z"
"undefined","6a4c196f0d1ac564fe911d01","Unknown","IG_User_1329885079258470","Unassigned","New","normal","2026-07-06T21:09:03.169Z"
"undefined","6a4c1b530d1ac564fe915b4f","Unknown","md_nizamuddinofficial","Unassigned","New","normal","2026-07-06T21:17:07.255Z"
"undefined","6a4c1ba80d1ac564fe915b52","Unknown","IG_User_1704337417279847","Unassigned","New","normal","2026-07-06T21:18:32.503Z"
"undefined","6a4c1ff30d1ac564fe918ddb","Unknown","IG_User_1530129431924568","Unassigned","New","normal","2026-07-06T21:36:51.486Z"
"undefined","6a4c23f00d1ac564fe918de4","Unknown","ariff_1981","Unassigned","New","normal","2026-07-06T21:53:52.729Z"
"undefined","6a4c27100d1ac564fe918de7","Unknown","mir_azors","Unassigned","New","normal","2026-07-06T22:07:12.195Z"
"undefined","6a4c27c80d1ac564fe918dea","Unknown","_sn_iqra","Unassigned","New","normal","2026-07-06T22:10:16.667Z"
"undefined","6a4c2cae0d1ac564fe918dee","Unknown","aslampathan0311","Unassigned","New","normal","2026-07-06T22:31:10.813Z"
"undefined","6a4c37740d1ac564fe918df1","Unknown","IG_User_1342098341393565","Unassigned","New","normal","2026-07-06T23:17:08.621Z"
"undefined","6a4c407d0d1ac564fe918dfd","Unknown","sa.rauhaan","Unassigned","New","normal","2026-07-06T23:55:41.926Z"
"undefined","6a4c4aea0d1ac564fe918e10","Unknown","IG_User_902642545502775","Unassigned","New","normal","2026-07-07T00:40:10.300Z"
"undefined","6a4c51900d1ac564fe918e1a","Unknown","IG_User_1048556877783211","Unassigned","New","normal","2026-07-07T01:08:32.801Z"
"undefined","6a4c548a0d1ac564fe918e1f","Unknown","liciouscakeo","Unassigned","New","normal","2026-07-07T01:21:14.766Z"
"undefined","6a4c54c50d1ac564fe918e22","Unknown","IG_User_1329142969425447","Unassigned","New","normal","2026-07-07T01:22:13.781Z"
"undefined","6a4c5beb0d1ac564fe918e2d","Unknown","syeddiaries","Unassigned","New","normal","2026-07-07T01:52:43.669Z"
"undefined","6a4c63380d1ac564fe918e36","Unknown","mr_majid0088","Unassigned","New","normal","2026-07-07T02:23:52.806Z"
"undefined","6a4c68a50d1ac564fe918e3a","Unknown","IG_User_887496917165224","Unassigned","New","normal","2026-07-07T02:47:01.102Z"
"undefined","6a4c71030d1ac564fe918e40","Unknown","saod_be","Unassigned","New","normal","2026-07-07T03:22:43.081Z"
"undefined","6a4c72f00d1ac564fe918e43","Unknown","ca_sazid_zid","Unassigned","New","normal","2026-07-07T03:30:56.191Z"
"undefined","6a4c7e5d0d1ac564fe918e83","Unknown","khadeer39","Unassigned","New","normal","2026-07-07T04:19:41.610Z"
"undefined","6a4c7e8e0d1ac564fe918e8a","Unknown","sziz852","Unassigned","New","normal","2026-07-07T04:20:30.614Z"
"undefined","6a4c7eab0d1ac564fe918e8d","Unknown","hashimsk437","Unassigned","New","normal","2026-07-07T04:20:59.675Z"
"undefined","6a4c80070d1ac564fe91a758","Unknown","vibgyorevservices","Unassigned","New","normal","2026-07-07T04:26:47.557Z"
"undefined","6a4c84010d1ac564fe91a774","Unknown","mohammeds19901","Unassigned","New","normal","2026-07-07T04:43:45.869Z"
"undefined","6a4c840d0d1ac564fe91a777","Unknown","traveller_wanderings","Unassigned","New","normal","2026-07-07T04:43:57.632Z"
"undefined","6a4c85390d1ac564fe91a77a","Unknown","umar1030r","Unassigned","New","normal","2026-07-07T04:48:57.756Z"
"undefined","6a4c85960d1ac564fe91a77f","Unknown","er_ahmad","Unassigned","New","normal","2026-07-07T04:50:30.529Z"
"undefined","6a4c85e30d1ac564fe91a785","Unknown","usman.harunii","Unassigned","New","normal","2026-07-07T04:51:47.472Z"
"undefined","6a4c87300d1ac564fe91a789","Unknown","_hamshad_01","Unassigned","New","normal","2026-07-07T04:57:20.057Z"
"undefined","6a4c88ba0d1ac564fe91a79b","Unknown","IG_User_1008320658644933","Unassigned","New","normal","2026-07-07T05:03:54.468Z"
"undefined","6a4c8a9c0d1ac564fe91a7b2","Unknown","IG_User_926450347136940","Unassigned","New","normal","2026-07-07T05:11:56.229Z"
"undefined","6a4c8b580d1ac564fe91a7b9","Unknown","ndmhdr","Unassigned","New","normal","2026-07-07T05:15:04.410Z"
"undefined","6a4c8d5d0d1ac564fe91a7cc","Unknown","siddiquiaslam","Unassigned","New","normal","2026-07-07T05:23:41.177Z"
"undefined","6a4c8f420d1ac564fe91a7e1","Unknown","mirza.ayazbaig","Unassigned","New","normal","2026-07-07T05:31:46.764Z"
"undefined","6a4c925a0d1ac564fe91a7f8","Unknown","azeem_ia","Unassigned","New","normal","2026-07-07T05:44:58.272Z"
"undefined","6a4c92d70d1ac564fe91a7fd","Unknown","onlyme_pvt0","Unassigned","New","normal","2026-07-07T05:47:03.985Z"
"undefined","6a4c97bb0d1ac564fe91aa22","Unknown","alpha.shaikh","Unassigned","New","normal","2026-07-07T06:07:55.210Z"
"undefined","6a4c9abb0d1ac564fe91aebf","Unknown","IG_User_1579083253563093","Unassigned","New","normal","2026-07-07T06:20:43.996Z"
"undefined","6a4c9b5c0d1ac564fe91b08e","Unknown","beardypreneur","Unassigned","New","normal","2026-07-07T06:23:24.271Z"
"undefined","6a4c9c770d1ac564fe91b1f5","Unknown","ybhassociati","Unassigned","New","normal","2026-07-07T06:28:07.205Z"
"undefined","6a4c9da70d1ac564fe91b280","Unknown","jantatailors","Unassigned","New","normal","2026-07-07T06:33:11.738Z"
"undefined","6a4c9f460d1ac564fe91b821","Unknown","mujahid.sultan.75","Unassigned","New","normal","2026-07-07T06:40:06.478Z"
"undefined","6a4c9fb60d1ac564fe91bd5e","Unknown","i_am_s_rehan","Unassigned","New","normal","2026-07-07T06:41:58.122Z"
"undefined","6a4ca1000d1ac564fe91c634","Unknown","madjohhny87","Unassigned","New","normal","2026-07-07T06:47:28.647Z"
"undefined","6a4ca2a40d1ac564fe91d4c1","Unknown","sajjadalam10","Unassigned","New","normal","2026-07-07T06:54:28.220Z"
"undefined","6a4ca9860d1ac564fe91e0fa","Unknown","__zee_33__","Unassigned","New","normal","2026-07-07T07:23:50.675Z"
"undefined","6a4caa350d1ac564fe91e2cf","Unknown","_mdsaifsalik_","Unassigned","New","normal","2026-07-07T07:26:45.073Z"
"undefined","6a4caaf30d1ac564fe91e48c","Unknown","biryaniwidgwanja","Unassigned","New","normal","2026-07-07T07:29:55.382Z"
"undefined","6a4cb2870d1ac564fe925357","Unknown","IG_User_1574681877401202","Unassigned","New","normal","2026-07-07T08:02:15.468Z"
"undefined","6a4cb3430d1ac564fe925365","Unknown","IG_User_1363860388943717","Unassigned","New","normal","2026-07-07T08:05:23.249Z"
"undefined","6a4cb47f0d1ac564fe925594","Unknown","_abubakr79","Unassigned","New","normal","2026-07-07T08:10:39.817Z"
"undefined","6a4cb5290d1ac564fe9256b5","Unknown","iam_arshad","Unassigned","New","normal","2026-07-07T08:13:29.096Z"
"undefined","6a4cb58f0d1ac564fe9256b8","Unknown","javeedshaik006","Unassigned","New","normal","2026-07-07T08:15:11.229Z"
"undefined","6a4cb8b40d1ac564fe9256e8","Unknown","abuzafarkhan123","Unassigned","New","normal","2026-07-07T08:28:36.862Z"
"undefined","6a4cb8d20d1ac564fe9256f0","Unknown","shamshul1111","Unassigned","New","normal","2026-07-07T08:29:06.501Z"
"undefined","6a4cb9b70d1ac564fe925a8f","Unknown","syedamjadali56","Unassigned","New","normal","2026-07-07T08:32:55.640Z"
"undefined","6a4cbae40d1ac564fe925edf","Unknown","asadrahim81","Unassigned","New","normal","2026-07-07T08:37:56.296Z"
"undefined","6a4cbbfa0d1ac564fe9261f4","Unknown","IG_User_1887972108566823","Unassigned","New","normal","2026-07-07T08:42:34.391Z"
"undefined","6a4cbcb60d1ac564fe9261fd","Unknown","mazhar_khansss","Unassigned","New","normal","2026-07-07T08:45:42.563Z"
"undefined","6a4cbe4d0d1ac564fe9263a9","Unknown","zamaulla.khan","Unassigned","New","normal","2026-07-07T08:52:29.767Z"
"undefined","6a4cc1e30d1ac564fe92ce9b","Unknown","zakaria.shaikh30","Unassigned","New","normal","2026-07-07T09:07:47.548Z"
"undefined","6a4cc3270d1ac564fe92d0e9","Unknown","IG_User_1235758155248608","Unassigned","New","normal","2026-07-07T09:13:11.548Z"
"undefined","6a4cc7a90d1ac564fe933802","Unknown","farash_7","Unassigned","New","normal","2026-07-07T09:32:25.358Z"
"undefined","6a4cc9974ff7f57dec3461b8","Unknown","IG_User_4014954772142766","Unassigned","New","normal","2026-07-07T09:40:39.442Z"
"undefined","6a4ccd414ff7f57dec34daa4","Unknown","IG_User_1808268406802128","Unassigned","New","normal","2026-07-07T09:56:17.632Z"
"undefined","6a4cd3464ff7f57dec376112","Unknown","sha.na255","Unassigned","New","normal","2026-07-07T10:21:58.980Z"
"undefined","6a4cd38a4ff7f57dec37611b","Unknown","faridulhaqrealtor","Unassigned","New","normal","2026-07-07T10:23:06.861Z"
"undefined","6a4cd4de4ff7f57dec376508","Unknown","IG_User_1737665360579451","Unassigned","New","normal","2026-07-07T10:28:46.567Z"
"undefined","6a4cd50f4ff7f57dec37650c","Unknown","IG_User_27726944980279787","Unassigned","New","normal","2026-07-07T10:29:35.970Z"
"undefined","6a4cd5ba4ff7f57dec37662d","Unknown","zam_zam_corporation","Unassigned","New","normal","2026-07-07T10:32:26.822Z"
"undefined","6a4cd7524ff7f57dec37a94e","Unknown","ameenarmar","Unassigned","New","normal","2026-07-07T10:39:14.944Z"
"undefined","6a4cd8084ff7f57dec37aa73","Unknown","aashhiqqqq","Unassigned","New","normal","2026-07-07T10:42:16.287Z"
"undefined","6a4cd8c54ff7f57dec37aaaf","Unknown","IG_User_3056801124514770","Unassigned","New","normal","2026-07-07T10:45:25.120Z"
"undefined","6a4cdae84ff7f57dec37ae48","Unknown","altaf_husain1.2","Unassigned","New","normal","2026-07-07T10:54:32.842Z"
"undefined","6a4cdc484ff7f57dec37ea15","Unknown","heenaaaa.khan","Unassigned","New","normal","2026-07-07T11:00:24.184Z"
"undefined","6a4cdc584ff7f57dec37ea20","Unknown","mohammadpanchmahal","Unassigned","New","normal","2026-07-07T11:00:40.920Z"
"undefined","6a4cdd994ff7f57dec383917","Unknown","IG_User_1019810413999262","Unassigned","New","normal","2026-07-07T11:06:01.767Z"
"undefined","6a4cdee74ff7f57dec38a0c0","Unknown","afsarkhannawaz","Unassigned","New","normal","2026-07-07T11:11:35.076Z"
"undefined","6a4cdf264ff7f57dec38a2bd","Unknown","ferozzzz_03","Unassigned","New","normal","2026-07-07T11:12:38.849Z"
"undefined","6a4cdfbb4ff7f57dec38bf36","Unknown","IG_User_2103532947267289","Unassigned","New","normal","2026-07-07T11:15:07.836Z"
"undefined","6a4ce0404ff7f57dec38d9f4","Unknown","gulam_sorathia","Unassigned","New","normal","2026-07-07T11:17:20.308Z"
"undefined","6a4ce5d44ff7f57dec399623","Unknown","whofarooque","Unassigned","New","normal","2026-07-07T11:41:08.562Z"
"undefined","6a4ce78b4ff7f57dec39b659","Unknown","mr.tabishxgiftkro","Unassigned","New","normal","2026-07-07T11:48:27.080Z"
"undefined","6a4ce86c4ff7f57dec39b65c","Unknown","_the_romance_king_","Unassigned","New","normal","2026-07-07T11:52:12.451Z"
"undefined","6a4ce8f74ff7f57dec39b65f","Unknown","_.__adnan__._","Unassigned","New","normal","2026-07-07T11:54:31.507Z"
"undefined","6a4ce9dc4ff7f57dec39b662","Unknown","sheza_romania_1992","Unassigned","New","normal","2026-07-07T11:58:20.836Z"
"undefined","6a4cea0e4ff7f57dec39b665","Unknown","its_armanx_br37","Unassigned","New","normal","2026-07-07T11:59:10.107Z"
"undefined","6a4ceb274ff7f57dec39b8a1","Unknown","imshahbaz_lucky","Unassigned","New","normal","2026-07-07T12:03:51.010Z"
"undefined","6a4ced0f4ff7f57dec3a06d7","Unknown","sanjarypathani","Unassigned","New","normal","2026-07-07T12:11:59.562Z"
"undefined","6a4ced124ff7f57dec3a06d9","Unknown","nadeem_bang","Unassigned","New","normal","2026-07-07T12:12:02.313Z"
"undefined","6a4cee7c4ff7f57dec3a06e7","Unknown","afjal_shk","Unassigned","New","normal","2026-07-07T12:18:04.226Z"
"undefined","6a4cf0f64ff7f57dec3a0a5a","Unknown","abrarmpl","Unassigned","New","normal","2026-07-07T12:28:38.029Z"
"undefined","6a4cf1654ff7f57dec3a0a5d","Unknown","peakhighcreation","Unassigned","New","normal","2026-07-07T12:30:29.752Z"
"undefined","6a4cf1e44ff7f57dec3a0a60","Unknown","inehalkhann","Unassigned","New","normal","2026-07-07T12:32:36.366Z"
"undefined","6a4cf1ff4ff7f57dec3a0a63","Unknown","mrs30674","Unassigned","New","normal","2026-07-07T12:33:03.480Z"
"undefined","6a4cf5cb4ff7f57dec3a28c5","Unknown","sajid840415","Unassigned","New","normal","2026-07-07T12:49:15.215Z"
"undefined","6a4cf7901b5621aa525dcd57","Unknown","harisuzzaman","Unassigned","New","normal","2026-07-07T12:56:48.232Z"
"undefined","6a4cf9351b5621aa525dd227","Unknown","chandmohdtaqui","Unassigned","New","normal","2026-07-07T13:03:49.899Z"
"undefined","6a4cf9b01b5621aa525e1ff2","Unknown","md_zeeshanazmi","Unassigned","New","normal","2026-07-07T13:05:52.471Z"
"undefined","6a4cfa461b5621aa525e22bf","Unknown","yaseen_mohammed._._","Unassigned","New","normal","2026-07-07T13:08:22.316Z"
"undefined","6a4cfaec1b5621aa525e3d3a","Unknown","IG_User_1650139746088697","Unassigned","New","normal","2026-07-07T13:11:08.684Z"
"undefined","6a4cfc061b5621aa525e3e8d","Unknown","tahirsan123","Unassigned","New","normal","2026-07-07T13:15:50.754Z"
"undefined","6a4cfc911b5621aa525e4500","Unknown","azeem_vibes","Unassigned","New","normal","2026-07-07T13:18:09.850Z"
"undefined","6a4cfdaf1b5621aa525e51a6","Unknown","md.ala_fasi","Unassigned","New","normal","2026-07-07T13:22:55.376Z"
"undefined","6a4cfffe1b5621aa525f0f84","Unknown","shaikhhammad_","Unassigned","New","normal","2026-07-07T13:32:46.281Z"
"undefined","6a4d00641b5621aa525f0f87","Unknown","zibran_khan_insta","Unassigned","New","normal","2026-07-07T13:34:28.245Z"
"undefined","6a4d00fc1b5621aa525f0f8a","Unknown","nadzkhans","Unassigned","New","normal","2026-07-07T13:37:00.589Z"
"undefined","6a4d048c1b5621aa525f2968","Unknown","smarthunk_2007","Unassigned","New","normal","2026-07-07T13:52:12.800Z"
"undefined","6a4d04d41b5621aa525f29c4","Unknown","saifi_adil","Unassigned","New","normal","2026-07-07T13:53:24.833Z"
"undefined","6a4d08e51b5621aa525f602e","Unknown","nasirxhaikh","Unassigned","New","normal","2026-07-07T14:10:45.383Z"
"undefined","6a4d08f41b5621aa525f6031","Unknown","IG_User_1436066208551326","Unassigned","New","normal","2026-07-07T14:11:00.724Z"
"undefined","6a4d094f1b5621aa525f603a","Unknown","tashika_12","Unassigned","New","normal","2026-07-07T14:12:31.887Z"
"undefined","6a4d0a781b5621aa525f6270","Unknown","hidayatkasafaar","Unassigned","New","normal","2026-07-07T14:17:28.330Z"
"undefined","6a4d0ca91b5621aa525f627c","Unknown","skmdibrahim","Unassigned","New","normal","2026-07-07T14:26:49.214Z"
"undefined","6a4d0d401b5621aa525f627f","Unknown","aashiq.mohd","Unassigned","New","normal","2026-07-07T14:29:20.065Z"
"undefined","6a4d0dfb1b5621aa525f6285","Unknown","mussadiq_basha","Unassigned","New","normal","2026-07-07T14:32:27.367Z"
"undefined","6a4d0ee31b5621aa525f62d7","Unknown","islamn553","Unassigned","New","normal","2026-07-07T14:36:19.450Z"
"undefined","6a4d0fcb1b5621aa525f62e8","Unknown","syed_aadil_1985","Unassigned","New","normal","2026-07-07T14:40:11.486Z"
"undefined","6a4d11e51b5621aa525f663a","Unknown","thufail.19","Unassigned","New","normal","2026-07-07T14:49:09.269Z"
"undefined","6a4d12161b5621aa525f6640","Unknown","mohamed_nagoor_hanif","Unassigned","New","normal","2026-07-07T14:49:58.541Z"
"undefined","6a4d12861b5621aa525f6646","Unknown","IG_User_2261697641295244","Unassigned","New","normal","2026-07-07T14:51:50.070Z"
"undefined","6a4d12cb1b5621aa525f6649","Unknown","_akib01","Unassigned","New","normal","2026-07-07T14:52:59.266Z"
"undefined","6a4d12ce1b5621aa525f664b","Unknown","IG_User_1284500580372455","Unassigned","New","normal","2026-07-07T14:53:02.491Z"
"undefined","6a4d13d91b5621aa525f6650","Unknown","princesajid172","Unassigned","New","normal","2026-07-07T14:57:29.815Z"
"undefined","6a4d14f81b5621aa525f666c","Unknown","habeebuddinmdkhaja","Unassigned","New","normal","2026-07-07T15:02:16.420Z"
"undefined","6a4d15351b5621aa525f6672","Unknown","umair_jpeg","Unassigned","New","normal","2026-07-07T15:03:17.727Z"
"undefined","6a4d15d41b5621aa525f807c","Unknown","ghoriastana","Unassigned","New","normal","2026-07-07T15:05:56.750Z"
"undefined","6a4d163e1b5621aa525f8080","Unknown","IG_User_980457018159982","Unassigned","New","normal","2026-07-07T15:07:42.505Z"
"undefined","6a4d16b81b5621aa525f8089","Unknown","cma_sayed_jafar","Unassigned","New","normal","2026-07-07T15:09:44.270Z"
"undefined","6a4d17911b5621aa525f8095","Unknown","acif_07","Unassigned","New","normal","2026-07-07T15:13:21.295Z"
"undefined","6a4d17ee1b5621aa525f809d","Unknown","IG_User_870308599487501","Unassigned","New","normal","2026-07-07T15:14:54.540Z"
"undefined","6a4d19151b5621aa525f80a2","Unknown","irshadmavin","Unassigned","New","normal","2026-07-07T15:19:49.938Z"
"undefined","6a4d1b741b5621aa525f9c01","Unknown","noor_zuha_21","Unassigned","New","normal","2026-07-07T15:29:56.602Z"
"undefined","6a4d1ec11b5621aa525f9c18","Unknown","_____zoheb____","Unassigned","New","normal","2026-07-07T15:44:01.495Z"
"undefined","6a4d1f8d1b5621aa525f9c22","Unknown","IG_User_1736446897494732","Unassigned","New","normal","2026-07-07T15:47:25.923Z"
"undefined","6a4d21161b5621aa525f9c29","Unknown","md.abid.56679015","Unassigned","New","normal","2026-07-07T15:53:58.194Z"
"undefined","6a4d212a1b5621aa525f9c2d","Unknown","fazl.rehman","Unassigned","New","normal","2026-07-07T15:54:18.940Z"
"undefined","6a4d22921b5621aa525f9c36","Unknown","samdani69","Unassigned","New","normal","2026-07-07T16:00:18.714Z"
"undefined","6a4d22b11b5621aa525f9c47","Unknown","abdulkalam07777","Unassigned","New","normal","2026-07-07T16:00:49.058Z"
"undefined","6a4d244c1b5621aa525f9c6f","Unknown","iamasadq","Unassigned","New","normal","2026-07-07T16:07:40.561Z"
"undefined","6a4d24761b5621aa525f9c72","Unknown","shaheemansari","Unassigned","New","normal","2026-07-07T16:08:22.715Z"
"undefined","6a4d25871b5621aa525f9c7d","Unknown","shaikhimtiaz_official","Unassigned","New","normal","2026-07-07T16:12:55.244Z"
"undefined","6a4d26901b5621aa525fb678","Unknown","its_devshaaaaan","Unassigned","New","normal","2026-07-07T16:17:20.436Z"
"undefined","6a4d277a1b5621aa525fb67b","Unknown","aayankhan191096","Unassigned","New","normal","2026-07-07T16:21:14.565Z"
"undefined","6a4d28ae1b5621aa525fb67e","Unknown","suhealahamed","Unassigned","New","normal","2026-07-07T16:26:22.632Z"
"undefined","6a4d28c11b5621aa525fb684","Unknown","furqanhashmi46","Unassigned","New","normal","2026-07-07T16:26:41.105Z"
"undefined","6a4d299c1b5621aa525fb68c","Unknown","naushad.alam.568632","Unassigned","New","normal","2026-07-07T16:30:20.834Z"
"undefined","6a4d29cb1b5621aa525fb68f","Unknown","dpworld304","Unassigned","New","normal","2026-07-07T16:31:07.763Z"
"undefined","6a4d29cd1b5621aa525fb691","Unknown","ask_me_before_you_lose_me","Unassigned","New","normal","2026-07-07T16:31:09.561Z"
"undefined","6a4d2a081b5621aa525fb695","Unknown","IG_User_1252888710140096","Unassigned","New","normal","2026-07-07T16:32:08.701Z"
"undefined","6a4d2b240a884eabddbba029","Unknown","jamesbond.2000","Unassigned","New","normal","2026-07-07T16:36:52.903Z"
"undefined","6a4d2b5a0a884eabddbba02c","Unknown","saifi.rehan","Unassigned","New","normal","2026-07-07T16:37:46.347Z"
"undefined","6a4d2b8b0a884eabddbba02f","Unknown","techgeek903","Unassigned","New","normal","2026-07-07T16:38:35.297Z"
"undefined","6a4d2c020a884eabddbba032","Unknown","shabaskouser","Unassigned","New","normal","2026-07-07T16:40:34.090Z"
"undefined","6a4d2c4a0a884eabddbba035","Unknown","musabb.__","Unassigned","New","normal","2026-07-07T16:41:46.199Z"
"undefined","6a4d2d4d0a884eabddbbba2e","Unknown","_sanzae_2812_","Unassigned","New","normal","2026-07-07T16:46:05.900Z"
"undefined","6a4d2da70a884eabddbc2227","Unknown","IG_User_1446168117270960","Unassigned","New","normal","2026-07-07T16:47:35.740Z"
"undefined","6a4d2e200a884eabddbc222e","Unknown","syedalladdin54","Unassigned","New","normal","2026-07-07T16:49:36.994Z"
"undefined","6a4d2e4f0a884eabddbc2237","Unknown","iamrazza9","Unassigned","New","normal","2026-07-07T16:50:23.841Z"
"undefined","6a4d2ebc0a884eabddbc223d","Unknown","rahim_rk96","Unassigned","New","normal","2026-07-07T16:52:12.117Z"
"undefined","6a4d2eef0a884eabddbc2242","Unknown","IG_User_987859920980367","Unassigned","New","normal","2026-07-07T16:53:03.085Z"
"undefined","6a4d2f3b0a884eabddbc2250","Unknown","mafuz_s93","Unassigned","New","normal","2026-07-07T16:54:19.809Z"
"undefined","6a4d2ffa0a884eabddbc2258","Unknown","nskhan1032","Unassigned","New","normal","2026-07-07T16:57:30.099Z"
"undefined","6a4d30340a884eabddbc225b","Unknown","shah_faaisal","Unassigned","New","normal","2026-07-07T16:58:28.658Z"
"undefined","6a4d30690a884eabddbc2266","Unknown","jakati_riyaz","Unassigned","New","normal","2026-07-07T16:59:21.277Z"
"undefined","6a4d309b0a884eabddbc2269","Unknown","asif25011981","Unassigned","New","normal","2026-07-07T17:00:11.918Z"
"undefined","6a4d30cb0a884eabddbc226e","Unknown","khan29umer","Unassigned","New","normal","2026-07-07T17:00:59.389Z"
"undefined","6a4d32030a884eabddbc2274","Unknown","babyafhamali","Unassigned","New","normal","2026-07-07T17:06:11.999Z"
"undefined","6a4d32870a884eabddbc2281","Unknown","IG_User_1602892207921426","Unassigned","New","normal","2026-07-07T17:08:23.305Z"
"undefined","6a4d32dd0a884eabddbc2289","Unknown","betabbadar","Unassigned","New","normal","2026-07-07T17:09:49.058Z"
"undefined","6a4d343c0a884eabddbc229a","Unknown","kangaroo.190571","Unassigned","New","normal","2026-07-07T17:15:40.197Z"
"undefined","6a4d34610a884eabddbc229d","Unknown","abutalha9897","Unassigned","New","normal","2026-07-07T17:16:17.681Z"
"undefined","6a4d34d10a884eabddbc22a0","Unknown","IG_User_1734645601182749","Unassigned","New","normal","2026-07-07T17:18:09.309Z"
"undefined","6a4d35000a884eabddbc22a7","Unknown","memdnawaz","Unassigned","New","normal","2026-07-07T17:18:56.910Z"
"undefined","6a4d35990a884eabddbc22b0","Unknown","faizan_athari","Unassigned","New","normal","2026-07-07T17:21:29.931Z"
"undefined","6a4d36090a884eabddbc22b3","Unknown","btwits.huz","Unassigned","New","normal","2026-07-07T17:23:21.951Z"
"undefined","6a4d366a0a884eabddbc22ba","Unknown","hazzzi3326","Unassigned","New","normal","2026-07-07T17:24:58.213Z"
"undefined","6a4d36720a884eabddbc22bd","Unknown","m.zahid05","Unassigned","New","normal","2026-07-07T17:25:06.249Z"
"undefined","6a4d36a20a884eabddbc22c2","Unknown","zahid_fz","Unassigned","New","normal","2026-07-07T17:25:54.067Z"
"undefined","6a4d374f0a884eabddbc22c5","Unknown","awan__mansuri","Unassigned","New","normal","2026-07-07T17:28:47.444Z"
"undefined","6a4d37720a884eabddbc22cc","Unknown","the_jekyll_hyde","Unassigned","New","normal","2026-07-07T17:29:22.480Z"
"undefined","6a4d39090a884eabddbc3ce6","Unknown","issakmohd","Unassigned","New","normal","2026-07-07T17:36:09.851Z"
"undefined","6a4d3b1a0a884eabddbc3cf0","Unknown","shoaib.sana21","Unassigned","New","normal","2026-07-07T17:44:58.581Z"
"undefined","6a4d3b470a884eabddbc3d01","Unknown","uknownme7","Unassigned","New","normal","2026-07-07T17:45:43.836Z"
"undefined","6a4d3b770a884eabddbc3d04","Unknown","IG_User_1441426241125936","Unassigned","New","normal","2026-07-07T17:46:31.103Z"
"undefined","6a4d3c6d0a884eabddbc3d08","Unknown","hajiabdulla7979","Unassigned","New","normal","2026-07-07T17:50:37.088Z"
"undefined","6a4d3ce90a884eabddbc5707","Unknown","ii_shb_07","Unassigned","New","normal","2026-07-07T17:52:41.891Z"
"undefined","6a4d3d1b0a884eabddbc570a","Unknown","_rayya.n","Unassigned","New","normal","2026-07-07T17:53:31.688Z"
"undefined","6a4d3d2e0a884eabddbc570d","Unknown","syed10250","Unassigned","New","normal","2026-07-07T17:53:50.914Z"
"undefined","6a4d3f190a884eabddbc571f","Unknown","nadeemsulemanaibani","Unassigned","New","normal","2026-07-07T18:02:01.505Z"
"undefined","6a4d3f220a884eabddbc5722","Unknown","rizwanmehditai","Unassigned","New","normal","2026-07-07T18:02:10.037Z"
"undefined","6a4d3fb60a884eabddbc5728","Unknown","anversameer","Unassigned","New","normal","2026-07-07T18:04:38.775Z"
"undefined","6a4d403b0a884eabddbc572b","Unknown","mohsin__qureshi_","Unassigned","New","normal","2026-07-07T18:06:51.331Z"
"undefined","6a4d40800a884eabddbc572e","Unknown","jaris2k23","Unassigned","New","normal","2026-07-07T18:08:00.785Z"
"undefined","6a4d40ab0a884eabddbc5734","Unknown","rizwanahamedf","Unassigned","New","normal","2026-07-07T18:08:43.019Z"
"undefined","6a4d41ca0a884eabddbc5749","Unknown","artworks_tabish.khan","Unassigned","New","normal","2026-07-07T18:13:30.512Z"
"undefined","6a4d41f50a884eabddbc574c","Unknown","mrkhan_officical_","Unassigned","New","normal","2026-07-07T18:14:13.052Z"
"undefined","6a4d42170a884eabddbc574f","Unknown","IG_User_2071090240446631","Unassigned","New","normal","2026-07-07T18:14:47.686Z"
"undefined","6a4d421a0a884eabddbc5753","Unknown","zaindreams7","Unassigned","New","normal","2026-07-07T18:14:50.945Z"
"undefined","6a4d42a30a884eabddbc5756","Unknown","nimaanalikhan","Unassigned","New","normal","2026-07-07T18:17:07.472Z"
"undefined","6a4d42e20a884eabddbc575f","Unknown","aamirlifts98","Unassigned","New","normal","2026-07-07T18:18:10.429Z"
"undefined","6a4d43490a884eabddbc5766","Unknown","IG_User_2425564874594404","Unassigned","New","normal","2026-07-07T18:19:53.549Z"
"undefined","6a4d43ef0a884eabddbc576e","Unknown","IG_User_1321946482953249","Unassigned","New","normal","2026-07-07T18:22:39.018Z"
"undefined","6a4d482a0a884eabddbcdd84","Unknown","quaie.n","Unassigned","New","normal","2026-07-07T18:40:42.061Z"
"undefined","6a4d48310a884eabddbcdd87","Unknown","ruby111770","Unassigned","New","normal","2026-07-07T18:40:49.861Z"
"undefined","6a4d48430a884eabddbcdd8a","Unknown","knockout_me","Unassigned","New","normal","2026-07-07T18:41:07.441Z"
"undefined","6a4d487d0a884eabddbcdd8d","Unknown","owi_benzema_official","Unassigned","New","normal","2026-07-07T18:42:05.289Z"
"undefined","6a4d496e0a884eabddbcdd93","Unknown","mohammedsaif558","Unassigned","New","normal","2026-07-07T18:46:06.368Z"
"undefined","6a4d4af90a884eabddbcdda0","Unknown","gen_support","Unassigned","New","normal","2026-07-07T18:52:41.148Z"
"undefined","6a4d4d690a884eabddbdbb42","Unknown","shariq_the_software_lad","Unassigned","New","normal","2026-07-07T19:03:05.804Z"
"undefined","6a4d4e480a884eabddbdbb45","Unknown","aamir_ah_08","Unassigned","New","normal","2026-07-07T19:06:48.606Z"
"undefined","6a4d4e560a884eabddbdbb48","Unknown","IG_User_2091004255102918","Unassigned","New","normal","2026-07-07T19:07:02.114Z"
"undefined","6a4d51460a884eabddbdbb56","Unknown","learningrealms","Unassigned","New","normal","2026-07-07T19:19:34.905Z"
"undefined","6a4d517a0a884eabddbdbb5d","Unknown","hussainahmed1704","Unassigned","New","normal","2026-07-07T19:20:26.243Z"
"undefined","6a4d52020a884eabddbdbb64","Unknown","rocking_skullshotmailcom","Unassigned","New","normal","2026-07-07T19:22:42.150Z"
"undefined","6a4d525b0a884eabddbdbb6b","Unknown","rjk7643","Unassigned","New","normal","2026-07-07T19:24:11.976Z"
"undefined","6a4d53ad0a884eabddbdbb70","Unknown","sayed.m.rashid.7","Unassigned","New","normal","2026-07-07T19:29:49.513Z"
"undefined","6a4d54990a884eabddbdd582","Unknown","atif.rab","Unassigned","New","normal","2026-07-07T19:33:45.489Z"
"undefined","6a4d554e0a884eabddbdd585","Unknown","fixmypain.pt","Unassigned","New","normal","2026-07-07T19:36:46.053Z"
"undefined","6a4d56030a884eabddbdd589","Unknown","thebeast.asif","Unassigned","New","normal","2026-07-07T19:39:47.249Z"
"undefined","6a4d56600a884eabddbdd58c","Unknown","mohsin_maverick","Unassigned","New","normal","2026-07-07T19:41:20.583Z"
"undefined","6a4d57440a884eabddbdd590","Unknown","IG_User_27496940263293489","Unassigned","New","normal","2026-07-07T19:45:08.312Z"
"undefined","6a4d598d0a884eabddbdefa3","Unknown","qaiser2530","Unassigned","New","normal","2026-07-07T19:54:53.050Z"
"undefined","6a4d59d80a884eabddbdefa6","Unknown","IG_User_1024237940297134","Unassigned","New","normal","2026-07-07T19:56:08.398Z"
"undefined","6a4d5d950a884eabddbe0abc","Unknown","IG_User_2074313549840014","Unassigned","New","normal","2026-07-07T20:12:05.512Z"
"undefined","6a4d5f510a884eabddbed7ab","Unknown","md.taheer427","Unassigned","New","normal","2026-07-07T20:19:29.629Z"
"undefined","6a4d601a0a884eabddbf6f6d","Unknown","kodali.666","Unassigned","New","normal","2026-07-07T20:22:50.148Z"
"undefined","6a4d61270a884eabddbfe734","Unknown","waseemnawabb","Unassigned","New","normal","2026-07-07T20:27:19.929Z"
"undefined","6a4d626d0a884eabddc12073","Unknown","shadan_khiljii","Unassigned","New","normal","2026-07-07T20:32:45.860Z"
"undefined","6a4d63090a884eabddc1999e","Unknown","IG_User_1553582692991937","Unassigned","New","normal","2026-07-07T20:35:21.001Z"
"undefined","6a4d630e0a884eabddc199a2","Unknown","drshehzadalam","Unassigned","New","normal","2026-07-07T20:35:26.768Z"
"undefined","6a4d65120a884eabddc2cc10","Unknown","shopper2406","Unassigned","New","normal","2026-07-07T20:44:02.244Z"
"undefined","6a4d653f0a884eabddc2cc13","Unknown","syed.aamerofficial","Unassigned","New","normal","2026-07-07T20:44:47.911Z"
"undefined","6a4d659e0a884eabddc2cc16","Unknown","atikh1","Unassigned","New","normal","2026-07-07T20:46:22.525Z"
"undefined","6a4d65bc0a884eabddc2cc19","Unknown","moizz_17","Unassigned","New","normal","2026-07-07T20:46:52.916Z"
"undefined","6a4d66c80a884eabddc300e9","Unknown","yaseenkhan3295","Unassigned","New","normal","2026-07-07T20:51:20.094Z"
"undefined","6a4d67fd0a884eabddc300ec","Unknown","sabaul4u","Unassigned","New","normal","2026-07-07T20:56:29.993Z"
"undefined","6a4d68a50a884eabddc30178","Unknown","hakeem24440","Unassigned","New","normal","2026-07-07T20:59:17.267Z"
"undefined","6a4d71b00a884eabddc3ef9a","Unknown","IG_User_1370231061672920","Unassigned","New","normal","2026-07-07T21:37:52.381Z"
"undefined","6a4d741f0a884eabddc3ef9d","Unknown","xmaazkhanx","Unassigned","New","normal","2026-07-07T21:48:15.045Z"
"undefined","6a4d74bd0a884eabddc3efa0","Unknown","khanasim_37","Unassigned","New","normal","2026-07-07T21:50:53.088Z"
"undefined","6a4d75080a884eabddc3efa3","Unknown","shaik.basha.31","Unassigned","New","normal","2026-07-07T21:52:08.283Z"
"undefined","6a4d77180a884eabddc3efa6","Unknown","rizo_sha","Unassigned","New","normal","2026-07-07T22:00:56.463Z"
"undefined","6a4d77870a884eabddc3efa9","Unknown","msadiqsalman","Unassigned","New","normal","2026-07-07T22:02:47.857Z"
"undefined","6a4d79030a884eabddc3efb2","Unknown","IG_User_1585551639681732","Unassigned","New","normal","2026-07-07T22:09:07.611Z"
"undefined","6a4d7a470a884eabddc3efb5","Unknown","haalidh","Unassigned","New","normal","2026-07-07T22:14:31.374Z"
"undefined","6a4d7ada0a884eabddc3efb8","Unknown","jilanidressmaker","Unassigned","New","normal","2026-07-07T22:16:58.208Z"
"undefined","6a4d82fd0a884eabddc3efbf","Unknown","fs_86qr","Unassigned","New","normal","2026-07-07T22:51:41.180Z"
"undefined","6a4d88c50a884eabddc3efc2","Unknown","sultanxgangster","Unassigned","New","normal","2026-07-07T23:16:21.318Z"
"undefined","6a4d90850a884eabddc3efc5","Unknown","IG_User_1024146350265841","Unassigned","New","normal","2026-07-07T23:49:25.370Z"
"undefined","6a4d92690a884eabddc3efc9","Unknown","mrbasavakalyan","Unassigned","New","normal","2026-07-07T23:57:29.150Z"
"undefined","6a4d938b0a884eabddc3efcc","Unknown","irfan.mchefin","Unassigned","New","normal","2026-07-08T00:02:19.365Z"
"undefined","6a4d98890a884eabddc3efd9","Unknown","arvi.tasnim","Unassigned","New","normal","2026-07-08T00:23:37.583Z"
"undefined","6a4d9dc00a884eabddc3efdf","Unknown","asad.sayed.527","Unassigned","New","normal","2026-07-08T00:45:52.436Z"
"undefined","6a4d9f030a884eabddc3efe2","Unknown","ajgarhyd","Unassigned","New","normal","2026-07-08T00:51:15.776Z"
"undefined","6a4d9f8a0a884eabddc3efe5","Unknown","sheikh_abd_al_muyeed","Unassigned","New","normal","2026-07-08T00:53:30.073Z"
"undefined","6a4da14e0a884eabddc3efe8","Unknown","its_zulfiqar__","Unassigned","New","normal","2026-07-08T01:01:02.462Z"
"undefined","6a4da1800a884eabddc3efeb","Unknown","daniiiishhh","Unassigned","New","normal","2026-07-08T01:01:52.470Z"
"undefined","6a4da4a40a884eabddc3eff4","Unknown","IG_User_1321772153003094","Unassigned","New","normal","2026-07-08T01:15:16.930Z"
"undefined","6a4da52a0a884eabddc3eff7","Unknown","raashid_ahmed","Unassigned","New","normal","2026-07-08T01:17:30.178Z"
"undefined","6a4da7ff0a884eabddc3efff","Unknown","rahatalishaik","Unassigned","New","normal","2026-07-08T01:29:35.226Z"
"undefined","6a4da8790a884eabddc3f002","Unknown","rameezsheikh56","Unassigned","New","normal","2026-07-08T01:31:37.412Z"
"undefined","6a4da8cf0a884eabddc3f008","Unknown","anwarsg10","Unassigned","New","normal","2026-07-08T01:33:03.349Z"
"undefined","6a4daaf00a884eabddc3f00e","Unknown","pearlofparadise7","Unassigned","New","normal","2026-07-08T01:42:08.317Z"
"undefined","6a4dacb50a884eabddc3f011","Unknown","being_abdulraheem","Unassigned","New","normal","2026-07-08T01:49:41.173Z"
"undefined","6a4dae210a884eabddc3f014","Unknown","nayeem_ashif","Unassigned","New","normal","2026-07-08T01:55:45.496Z"
"undefined","6a4dae740a884eabddc3f017","Unknown","s.r.gola2","Unassigned","New","normal","2026-07-08T01:57:08.888Z"
"undefined","6a4daede0a884eabddc40a81","Unknown","IG_User_1559246832229460","Unassigned","New","normal","2026-07-08T01:58:54.864Z"
"undefined","6a4dafe30a884eabddc40a84","Unknown","hasmaniibrahim","Unassigned","New","normal","2026-07-08T02:03:15.026Z"
"undefined","6a4db32b0a884eabddc40a8a","Unknown","IG_User_1026870509995644","Unassigned","New","normal","2026-07-08T02:17:15.931Z"
"undefined","6a4db7ba0a884eabddc40a94","Unknown","waseem.ansari.07","Unassigned","New","normal","2026-07-08T02:36:42.667Z"
"undefined","6a4db90a0a884eabddc40a9b","Unknown","mohammdakbarpasha","Unassigned","New","normal","2026-07-08T02:42:18.269Z"
"undefined","6a4db9cf0a884eabddc40aa1","Unknown","zeeshan8804","Unassigned","New","normal","2026-07-08T02:45:35.283Z"
"undefined","6a4dbb060a884eabddc40aa4","Unknown","dar.bari1","Unassigned","New","normal","2026-07-08T02:50:46.247Z"
"undefined","6a4dbb460a884eabddc40aa7","Unknown","irshad429","Unassigned","New","normal","2026-07-08T02:51:50.457Z"
"undefined","6a4dbb990a884eabddc40aaa","Unknown","abdulrasheed.gani","Unassigned","New","normal","2026-07-08T02:53:13.785Z"
"undefined","6a4dbc500a884eabddc40aad","Unknown","sayyedkasim.ali8","Unassigned","New","normal","2026-07-08T02:56:16.658Z"
"undefined","6a4dbe9d0a884eabddc40ab3","Unknown","vionstyle","Unassigned","New","normal","2026-07-08T03:06:05.492Z"
"undefined","6a4dbf590a884eabddc40ab6","Unknown","i.am.muneerahmed","Unassigned","New","normal","2026-07-08T03:09:13.129Z"
"undefined","6a4dbfa40a884eabddc40ab9","Unknown","azhar.shaikh92","Unassigned","New","normal","2026-07-08T03:10:28.256Z"
"undefined","6a4dc03c0a884eabddc40abf","Unknown","IG_User_907858355694905","Unassigned","New","normal","2026-07-08T03:13:00.223Z"
"undefined","6a4dc0b60a884eabddc40ac6","Unknown","arena.pools","Unassigned","New","normal","2026-07-08T03:15:02.235Z"
"undefined","6a4dc1180a884eabddc40aca","Unknown","theashrafi2","Unassigned","New","normal","2026-07-08T03:16:40.207Z"
"undefined","6a4dc1c50a884eabddc40acd","Unknown","uzrmahi55","Unassigned","New","normal","2026-07-08T03:19:33.855Z"
"undefined","6a4dc3d50a884eabddc40ad0","Unknown","arshad.saifi","Unassigned","New","normal","2026-07-08T03:28:21.572Z"
"undefined","6a4dc4b30a884eabddc40ad3","Unknown","musafir_hun_yar0n","Unassigned","New","normal","2026-07-08T03:32:03.627Z"
"undefined","6a4dc4c40a884eabddc40ad6","Unknown","riyaz_shaikh_rio","Unassigned","New","normal","2026-07-08T03:32:20.412Z"
"undefined","6a4dc59f0a884eabddc40ad9","Unknown","a_plus_b_2","Unassigned","New","normal","2026-07-08T03:35:59.847Z"
"undefined","6a4dc5eb0a884eabddc40adc","Unknown","uecmrs","Unassigned","New","normal","2026-07-08T03:37:15.046Z"
"undefined","6a4dc8a40a884eabddc42548","Unknown","sayyedsahab0963","Unassigned","New","normal","2026-07-08T03:48:52.676Z"
"undefined","6a4dc95f0a884eabddc441a3","Unknown","shoeb_myusuf","Unassigned","New","normal","2026-07-08T03:51:59.017Z"
"undefined","6a4dccfc397f03c94373e87a","Unknown","adv_salmansayyad","Unassigned","New","normal","2026-07-08T04:07:24.887Z"
"undefined","6a4dcdd5397f03c94373e880","Unknown","imohdkhan","Unassigned","New","normal","2026-07-08T04:11:01.379Z"
"undefined","6a4dce82397f03c94373e883","Unknown","khushnoor048","Unassigned","New","normal","2026-07-08T04:13:54.525Z"
"undefined","6a4dd095397f03c94373e892","Unknown","mohmmedshoeb_","Unassigned","New","normal","2026-07-08T04:22:45.780Z"
"undefined","6a4dd21b397f03c94373e89b","Unknown","IG_User_2045633532996058","Unassigned","New","normal","2026-07-08T04:29:15.554Z"
"undefined","6a4dd439397f03c94373e8a3","Unknown","maz_har.5","Unassigned","New","normal","2026-07-08T04:38:17.363Z"
"undefined","6a4dd567397f03c94373e8a6","Unknown","qureshimohdrizwanafzal","Unassigned","New","normal","2026-07-08T04:43:19.389Z"
"undefined","6a4dd6b2397f03c94373e8a9","Unknown","er.jabir","Unassigned","New","normal","2026-07-08T04:48:50.372Z"
"undefined","6a4dd6bc397f03c94373e8ac","Unknown","shakeelshaikh_76","Unassigned","New","normal","2026-07-08T04:49:00.817Z"
"undefined","6a4dd7f1397f03c94373e8af","Unknown","IG_User_1356322053139383","Unassigned","New","normal","2026-07-08T04:54:09.114Z"
"undefined","6a4dd7f5397f03c94373e8b3","Unknown","suhailind","Unassigned","New","normal","2026-07-08T04:54:13.275Z"
"undefined","6a4dd978397f03c94373e8b6","Unknown","abdulamjadshaik","Unassigned","New","normal","2026-07-08T05:00:40.050Z"
"undefined","6a4ddd06397f03c94373e8c5","Unknown","sarfaraz_inamdar","Unassigned","New","normal","2026-07-08T05:15:50.312Z"
"undefined","6a4de0c7397f03c94373e9ec","Unknown","parveenshaikhkhan","Unassigned","New","normal","2026-07-08T05:31:51.490Z"
"undefined","6a4de0e7397f03c94373e9ef","Unknown","IG_User_2453816841781903","Unassigned","New","normal","2026-07-08T05:32:23.384Z"
"undefined","6a4de206397f03c94373e9f5","Unknown","IG_User_1673600794574666","Unassigned","New","normal","2026-07-08T05:37:10.863Z"
"undefined","6a4de44e397f03c94373ea86","Unknown","_mak_4782","Unassigned","New","normal","2026-07-08T05:46:54.664Z"
"undefined","6a4dead3397f03c94373ea9b","Unknown","aniwears__","Unassigned","New","normal","2026-07-08T06:14:43.209Z"
"undefined","6a4dec2c397f03c94373eaa2","Unknown","IG_User_998223983083924","Unassigned","New","normal","2026-07-08T06:20:28.063Z"
"undefined","6a4def24397f03c94373eaaa","Unknown","natureloverbyheart_","Unassigned","New","normal","2026-07-08T06:33:08.955Z"
"undefined","6a4df03d397f03c94373eaaf","Unknown","sufiyansoudagar1","Unassigned","New","normal","2026-07-08T06:37:49.286Z"
"undefined","6a4df068397f03c94373eab2","Unknown","IG_User_1711603993359328","Unassigned","New","normal","2026-07-08T06:38:32.552Z"
"undefined","6a4df137397f03c94373eabb","Unknown","IG_User_1031415002862553","Unassigned","New","normal","2026-07-08T06:41:59.002Z"
"undefined","6a4df150397f03c94373eabe","Unknown","anis____911","Unassigned","New","normal","2026-07-08T06:42:24.061Z"
"undefined","6a4df17e397f03c94373eac7","Unknown","ahmed_vaseem","Unassigned","New","normal","2026-07-08T06:43:10.348Z"
"undefined","6a4df354397f03c94373ead1","Unknown","q.shakil712025","Unassigned","New","normal","2026-07-08T06:51:00.901Z"
"undefined","6a4df3c5397f03c94373ead4","Unknown","IG_User_788908067581489","Unassigned","New","normal","2026-07-08T06:52:53.133Z"
"undefined","6a4df541397f03c94373eada","Unknown","hisabexpert","Unassigned","New","normal","2026-07-08T06:59:13.172Z"
"undefined","6a4df713397f03c94373eadd","Unknown","mr_ahamed_g_4019","Unassigned","New","normal","2026-07-08T07:06:59.799Z"
"undefined","6a4df777397f03c94373eb5c","Unknown","hannan.vizag","Unassigned","New","normal","2026-07-08T07:08:39.532Z"
"undefined","6a4df7ef397f03c94373ebec","Unknown","_dastagir_shaikh__","Unassigned","New","normal","2026-07-08T07:10:39.247Z"
"undefined","6a4df887397f03c94373ec7f","Unknown","IG_User_943760615336430","Unassigned","New","normal","2026-07-08T07:13:11.990Z"
"undefined","6a4df985397f03c94373eefd","Unknown","IG_User_1987805201853628","Unassigned","New","normal","2026-07-08T07:17:25.303Z"
"undefined","6a4df9a1397f03c94373ef01","Unknown","aarbaz","Unassigned","New","normal","2026-07-08T07:17:53.938Z"
"undefined","6a4dfdcd397f03c94373f16b","Unknown","solidarslan","Unassigned","New","normal","2026-07-08T07:35:41.046Z"
"undefined","6a4dfdfe397f03c94373f16e","Unknown","IG_User_1878520563328604","Unassigned","New","normal","2026-07-08T07:36:30.223Z"
"undefined","6a4dfed8397f03c94373f21f","Unknown","ayazajju","Unassigned","New","normal","2026-07-08T07:40:08.956Z"
"undefined","6a4e02e4397f03c94373fa89","Unknown","IG_User_2043110046598778","Unassigned","New","normal","2026-07-08T07:57:24.810Z"
"undefined","6a4e02f8397f03c94373fa94","Unknown","princeabbs7","Unassigned","New","normal","2026-07-08T07:57:44.981Z"
"undefined","6a4e054f397f03c94374010e","Unknown","designmetai","Unassigned","New","normal","2026-07-08T08:07:43.236Z"
"undefined","6a4e0a42397f03c94374e73f","Unknown","IG_User_2851947951837497","Unassigned","New","normal","2026-07-08T08:28:50.095Z"
"undefined","6a4e0ab5397f03c94374e7d6","Unknown","zabirkhan7890","Unassigned","New","normal","2026-07-08T08:30:45.829Z"
"undefined","6a4e0ce8397f03c94374ef7c","Unknown","IG_User_1649643739433318","Unassigned","New","normal","2026-07-08T08:40:08.409Z"
"undefined","6a4e0cfd397f03c94374ef80","Unknown","jasseem_akhter","Unassigned","New","normal","2026-07-08T08:40:29.235Z"
"undefined","6a4e0dea397f03c94374f0b1","Unknown","fa_sidd68","Unassigned","New","normal","2026-07-08T08:44:26.208Z"
"undefined","6a4e0e71397f03c94374f0b8","Unknown","syed_ibshar_uddin_arif","Unassigned","New","normal","2026-07-08T08:46:41.477Z"
"undefined","6a4e1152397f03c94375e352","Unknown","IG_User_1693411035224264","Unassigned","New","normal","2026-07-08T08:58:58.590Z"
"undefined","6a4e119c397f03c94375e356","Unknown","sabira._arif","Unassigned","New","normal","2026-07-08T09:00:12.912Z"
"undefined","6a4e154b397f03c94375e96b","Unknown","aamir_sohail_6585","Unassigned","New","normal","2026-07-08T09:15:55.541Z"
"undefined","6a4e17ff397f03c94375f0b3","Unknown","ahmedrabbani7","Unassigned","New","normal","2026-07-08T09:27:27.002Z"
"undefined","6a4e1b74397f03c94375f354","Unknown","optimistic_fb","Unassigned","New","normal","2026-07-08T09:42:12.861Z"
"undefined","6a4e1d35397f03c943760fe3","Unknown","k_sikku","Unassigned","New","normal","2026-07-08T09:49:41.238Z"
"undefined","6a4e1dcf397f03c943762c96","Unknown","salman26khan_","Unassigned","New","normal","2026-07-08T09:52:15.493Z"
"undefined","6a4e1edc397f03c943764a84","Unknown","varis_kt7","Unassigned","New","normal","2026-07-08T09:56:44.283Z"
"undefined","6a4e1f1c397f03c943764d21","Unknown","rehan.ar003","Unassigned","New","normal","2026-07-08T09:57:48.593Z"
"undefined","6a4e22cf397f03c943765238","Unknown","sheeba886_art_photography","Unassigned","New","normal","2026-07-08T10:13:35.099Z"
"undefined","6a4e231c397f03c94376523b","Unknown","shaikh_safur","Unassigned","New","normal","2026-07-08T10:14:52.064Z"
"undefined","6a4e2506397f03c94376537f","Unknown","IG_User_2979954685695528","Unassigned","New","normal","2026-07-08T10:23:02.388Z"
"undefined","6a4e256c397f03c9437654ca","Unknown","farzusk9","Unassigned","New","normal","2026-07-08T10:24:44.024Z"
"undefined","6a4e2664397f03c9437654cd","Unknown","shoebmomin5544","Unassigned","New","normal","2026-07-08T10:28:52.126Z"
"undefined","6a4e2873397f03c94376561f","Unknown","basha.mahabu","Unassigned","New","normal","2026-07-08T10:37:39.727Z"
"undefined","6a4e28a6397f03c943765623","Unknown","zubair_md_khan","Unassigned","New","normal","2026-07-08T10:38:30.140Z"
"undefined","6a4e29a2397f03c94376562b","Unknown","charlie.af_","Unassigned","New","normal","2026-07-08T10:42:42.415Z"
"undefined","6a4e3162397f03c9437677ab","Unknown","umar.official9511","Unassigned","New","normal","2026-07-08T11:15:46.737Z"
"undefined","6a4e31f6397f03c94376bb1d","Unknown","idulhusain","Unassigned","New","normal","2026-07-08T11:18:14.718Z"
"undefined","6a4e3370397f03c94377fd6f","Unknown","shanu_ul_haq","Unassigned","New","normal","2026-07-08T11:24:32.850Z"
"undefined","6a4e33f0397f03c9437833e9","Unknown","m.nomaan.a","Unassigned","New","normal","2026-07-08T11:26:40.346Z"
"undefined","6a4e367e397f03c943783408","Unknown","fahmeeda_fam","Unassigned","New","normal","2026-07-08T11:37:34.186Z"
"undefined","6a4e38cc397f03c943783419","Unknown","shoaib14t","Unassigned","New","normal","2026-07-08T11:47:24.652Z"
"undefined","6a4e39f5397f03c9437839d1","Unknown","zaidd4000","Unassigned","New","normal","2026-07-08T11:52:21.503Z"
"undefined","6a4e3bfe397f03c943783b3d","Unknown","iammushqsufi","Unassigned","New","normal","2026-07-08T12:01:02.609Z"
"undefined","6a4e3ea8397f03c9437842d8","Unknown","rahmath.khan.7","Unassigned","New","normal","2026-07-08T12:12:24.639Z"
"undefined","6a4e44f1397f03c943784f17","Unknown","omfarsy","Unassigned","New","normal","2026-07-08T12:39:13.139Z"
"undefined","6a4e4a7f397f03c943785584","Unknown","aslamagwan_1","Unassigned","New","normal","2026-07-08T13:02:55.855Z"
"undefined","6a4e4b80397f03c943785587","Unknown","moizshkh","Unassigned","New","normal","2026-07-08T13:07:12.925Z"
"undefined","6a4e4fff397f03c943785765","Unknown","nationaljuicessnacks","Unassigned","New","normal","2026-07-08T13:26:23.028Z"
"undefined","6a4e52df397f03c94378576d","Unknown","IG_User_27407563758935510","Unassigned","New","normal","2026-07-08T13:38:39.196Z"
"undefined","6a4e54a5397f03c943785771","Unknown","IG_User_985053627700969","Unassigned","New","normal","2026-07-08T13:46:13.693Z"
"undefined","6a4e5866397f03c94378581d","Unknown","tausif1989","Unassigned","New","normal","2026-07-08T14:02:14.935Z"
"undefined","6a4e5ad8397f03c943785820","Unknown","iam_sarfaraz_mohd","Unassigned","New","normal","2026-07-08T14:12:40.254Z"
"undefined","6a4e5c0c397f03c943785824","Unknown","drxfrombheem","Unassigned","New","normal","2026-07-08T14:17:48.692Z"
"undefined","6a4e5dce397f03c9437859aa","Unknown","khaja_adna","Unassigned","New","normal","2026-07-08T14:25:18.024Z"
"undefined","6a4e5ddc397f03c9437859ad","Unknown","IG_User_1114858145054107","Unassigned","New","normal","2026-07-08T14:25:32.655Z"
"undefined","6a4e5e0b397f03c943785e22","Unknown","IG_User_1625901468903787","Unassigned","New","normal","2026-07-08T14:26:19.375Z"
"undefined","6a4e614f397f03c943786542","Unknown","tsf_coool","Unassigned","New","normal","2026-07-08T14:40:15.554Z"
"undefined","6a4e62ae397f03c943786556","Unknown","md.javed83gmail","Unassigned","New","normal","2026-07-08T14:46:06.179Z"
"undefined","6a4e6318397f03c943786559","Unknown","mansoo.r","Unassigned","New","normal","2026-07-08T14:47:52.496Z"
"undefined","6a4e63de397f03c94378655c","Unknown","IG_User_27838775585753226","Unassigned","New","normal","2026-07-08T14:51:10.674Z"
"undefined","6a4e6b8f397f03c943786915","Unknown","haroon_103","Unassigned","New","normal","2026-07-08T15:23:59.356Z"
"undefined","6a4e6e13397f03c943786a1e","Unknown","anas.sid999","Unassigned","New","normal","2026-07-08T15:34:43.555Z"
"undefined","6a4e6f90397f03c943788565","Unknown","tamboli.saeed","Unassigned","New","normal","2026-07-08T15:41:04.307Z"
"undefined","6a4e700a397f03c943788568","Unknown","IG_User_1026639946527255","Unassigned","New","normal","2026-07-08T15:43:06.595Z"
"undefined","6a4e7297397f03c94378856e","Unknown","arsh.ain","Unassigned","New","normal","2026-07-08T15:53:59.457Z"
"undefined","6a4e751e397f03c94378bc01","Unknown","farrhxxn.x0","Unassigned","New","normal","2026-07-08T16:04:46.216Z"
"undefined","6a4e7a59397f03c94378bc0e","Unknown","IG_User_1649693859462968","Unassigned","New","normal","2026-07-08T16:27:05.085Z"
"undefined","6a4e7c28397f03c94378bcd9","Unknown","IG_User_1543345280913872","Unassigned","New","normal","2026-07-08T16:34:48.013Z"
"undefined","6a4e7d7c397f03c94378bcdf","Unknown","mohdmuradpanjura","Unassigned","New","normal","2026-07-08T16:40:28.208Z"
"undefined","6a4e7eaa397f03c94378bcea","Unknown","i.siddiqui01","Unassigned","New","normal","2026-07-08T16:45:30.530Z"
"undefined","6a4e7ef9397f03c94378bced","Unknown","IG_User_1385679783485609","Unassigned","New","normal","2026-07-08T16:46:49.560Z"
"undefined","6a4e8010397f03c94378d839","Unknown","saifkm289","Unassigned","New","normal","2026-07-08T16:51:28.028Z"
"undefined","6a4e822c397f03c94379455c","Unknown","sam_k6900","Unassigned","New","normal","2026-07-08T17:00:28.633Z"
"undefined","6a4e8974397f03c9437960b0","Unknown","asminteriors","Unassigned","New","normal","2026-07-08T17:31:32.797Z"
"undefined","6a4e8bc9397f03c9437960b3","Unknown","IG_User_957141637385049","Unassigned","New","normal","2026-07-08T17:41:29.971Z"
"undefined","6a4e8e42397f03c9437960b7","Unknown","booster_resturant__india","Unassigned","New","normal","2026-07-08T17:52:02.279Z"
"undefined","6a4e8ec2397f03c9437960ba","Unknown","riyaz66021","Unassigned","New","normal","2026-07-08T17:54:10.954Z"
"undefined","6a4e9117397f03c9437960cd","Unknown","bxx.rizx1_","Unassigned","New","normal","2026-07-08T18:04:07.795Z"
"undefined","6a4e9203397f03c9437960d4","Unknown","aquibay02","Unassigned","New","normal","2026-07-08T18:08:03.938Z"
"undefined","6a4e9209397f03c9437960d6","Unknown","mohd.talha7","Unassigned","New","normal","2026-07-08T18:08:09.447Z"
"undefined","6a4e9934397f03c9437960e4","Unknown","ajaleel1971","Unassigned","New","normal","2026-07-08T18:38:44.694Z"
"undefined","6a4e99c4397f03c9437960e7","Unknown","syed_sabeelm","Unassigned","New","normal","2026-07-08T18:41:08.390Z"
"undefined","6a4e9ab9397f03c943797c32","Unknown","IG_User_1559089669254820","Unassigned","New","normal","2026-07-08T18:45:13.887Z"
"undefined","6a4e9c2d397f03c943797c4c","Unknown","khalid_miya_313","Unassigned","New","normal","2026-07-08T18:51:25.862Z"
"undefined","6a4e9f0b397f03c943797c4f","Unknown","IG_User_894819199724394","Unassigned","New","normal","2026-07-08T19:03:39.350Z"
"undefined","6a4ea518397f03c94379979c","Unknown","itzzz_akhtar_01","Unassigned","New","normal","2026-07-08T19:29:28.388Z"
"undefined","6a4ea51c397f03c94379979e","Unknown","arrshad_shaikh","Unassigned","New","normal","2026-07-08T19:29:32.319Z"
"undefined","6a4ea64d397f03c9437998d0","Unknown","ash.vk183","Unassigned","New","normal","2026-07-08T19:34:37.886Z"
"undefined","6a4ea71c397f03c9437998d6","Unknown","dr_irfanshaikh","Unassigned","New","normal","2026-07-08T19:38:04.309Z"
"undefined","6a4eac11397f03c94379b555","Unknown","IG_User_1383008294040406","Unassigned","New","normal","2026-07-08T19:59:13.102Z"
"undefined","6a4ebc1d397f03c94379d0a6","Unknown","xploreworld.in","Unassigned","New","normal","2026-07-08T21:07:41.606Z"
"undefined","6a4ec7c3397f03c94379d1d7","Unknown","raoareeb___.____","Unassigned","New","normal","2026-07-08T21:57:23.534Z"
"undefined","6a4ec853397f03c94379d1dd","Unknown","IG_User_2446469525844506","Unassigned","New","normal","2026-07-08T21:59:47.712Z"
"undefined","6a4ecca3397f03c94379d309","Unknown","masadental","Unassigned","New","normal","2026-07-08T22:18:11.921Z"
"undefined","6a4eda9c397f03c9437a2801","Unknown","IG_User_1336665768031610","Unassigned","New","normal","2026-07-08T23:17:48.814Z"
"undefined","6a4ee979397f03c9437c2055","Unknown","feelgoodhanif","Unassigned","New","normal","2026-07-09T00:21:13.103Z"
"undefined","6a4eea4f397f03c9437c2058","Unknown","IG_User_1735796887873315","Unassigned","New","normal","2026-07-09T00:24:47.672Z"
"undefined","6a4efa0e397f03c9437c2092","Unknown","the.halal.living.bangalore","Unassigned","New","normal","2026-07-09T01:31:58.830Z"
"undefined","6a4efeca397f03c9437c2095","Unknown","IG_User_2306881296800365","Unassigned","New","normal","2026-07-09T01:52:10.137Z"
"undefined","6a4f0981397f03c9437c20b3","Unknown","xpresssalon1","Unassigned","New","normal","2026-07-09T02:37:53.762Z"
"undefined","6a4f0df8397f03c9437c20b9","Unknown","IG_User_1550131616608489","Unassigned","New","normal","2026-07-09T02:56:56.512Z"
"undefined","6a4f0e61397f03c9437c20bc","Unknown","i.am.anwarullah","Unassigned","New","normal","2026-07-09T02:58:41.229Z"
"undefined","6a4f1044397f03c9437c20bf","Unknown","ma_.aamir","Unassigned","New","normal","2026-07-09T03:06:44.534Z"
"undefined","6a4f1395397f03c9437c20c2","Unknown","i_muqtadir","Unassigned","New","normal","2026-07-09T03:20:53.865Z"
"undefined","6a4f142c397f03c9437c20c5","Unknown","khalikuzzama7","Unassigned","New","normal","2026-07-09T03:23:24.808Z"
"undefined","6a4f1610397f03c9437c20ca","Unknown","xshoaiiib","Unassigned","New","normal","2026-07-09T03:31:28.832Z"
"undefined","6a4f18e2397f03c9437c20cd","Unknown","ishrekd","Unassigned","New","normal","2026-07-09T03:43:30.328Z"
"undefined","6a4f1bc50f27778061d82e68","Unknown","mr.___shaikh.____","Unassigned","New","normal","2026-07-09T03:55:49.823Z"
"undefined","6a4f1cc20f27778061d82e6e","Unknown","amath_ullah","Unassigned","New","normal","2026-07-09T04:00:02.519Z"
"undefined","6a4f20310f27778061d82e72","Unknown","khanaamir7571","Unassigned","New","normal","2026-07-09T04:14:41.741Z"
"undefined","6a4f22260f27778061d82e7b","Unknown","crafton_spaces","Unassigned","New","normal","2026-07-09T04:23:02.873Z"
"undefined","6a4f22450f27778061d82e7f","Unknown","withsam_7093","Unassigned","New","normal","2026-07-09T04:23:33.613Z"
"undefined","6a4f29410f27778061d82e85","Unknown","IG_User_1767334804257173","Unassigned","New","normal","2026-07-09T04:53:21.226Z"
"undefined","6a4f2c860f27778061d82e88","Unknown","afrose07","Unassigned","New","normal","2026-07-09T05:07:18.075Z"
"undefined","6a4f2f420f27778061d82e8c","Unknown","khan7_867711","Unassigned","New","normal","2026-07-09T05:18:58.306Z"
"undefined","6a4f2f530f27778061d82e8f","Unknown","itszayanahamed","Unassigned","New","normal","2026-07-09T05:19:15.206Z"
"undefined","6a4f313b0f27778061d82e9a","Unknown","IG_User_27573416518964861","Unassigned","New","normal","2026-07-09T05:27:23.428Z"
"undefined","6a4f31e40f27778061d82e9d","Unknown","thesliceofliving","Unassigned","New","normal","2026-07-09T05:30:12.251Z"
"undefined","6a4f350c0f27778061d82ea8","Unknown","__siddiquitalha16__","Unassigned","New","normal","2026-07-09T05:43:40.287Z"
"undefined","6a4f379d7f2521fe858cfe6b","Unknown","talhachouhannn","Unassigned","New","normal","2026-07-09T05:54:37.604Z"
"undefined","6a4f3b4f7f2521fe858cff13","Unknown","abdul_maajidz","Unassigned","New","normal","2026-07-09T06:10:23.099Z"
"undefined","6a4f3bba7f2521fe858cff1f","Unknown","rameezraza2244","Unassigned","New","normal","2026-07-09T06:12:10.445Z"
"undefined","6a4f494c7f2521fe858d3e26","Unknown","shamiullahsami","Unassigned","New","normal","2026-07-09T07:10:04.137Z"
"undefined","6a4f4dec7f2521fe858d3e87","Unknown","imtiyaz_for_u","Unassigned","New","normal","2026-07-09T07:29:48.185Z"
"undefined","6a4f58257f2521fe858dd414","Unknown","mohdaadilofficiall","Unassigned","New","normal","2026-07-09T08:13:25.600Z"
"undefined","6a4f5c007f2521fe858df03f","Unknown","niza_masho","Unassigned","New","normal","2026-07-09T08:29:52.563Z"
"undefined","6a4f5cd47f2521fe858df042","Unknown","IG_User_1347128897387450","Unassigned","New","normal","2026-07-09T08:33:24.555Z"
"undefined","6a4f5d077f2521fe858df046","Unknown","waterpurifiernaigaon","Unassigned","New","normal","2026-07-09T08:34:15.377Z"
"undefined","6a4f60107f2521fe858e0d2d","Unknown","rejaul8256","Unassigned","New","normal","2026-07-09T08:47:12.526Z"
"undefined","6a4f65bd7f2521fe858e0d40","Unknown","IG_User_1437517581473381","Unassigned","New","normal","2026-07-09T09:11:25.445Z"
"undefined","6a4f68f37f2521fe858e0ea5","Unknown","smusaddiqh","Unassigned","New","normal","2026-07-09T09:25:07.950Z"
"undefined","6a4f69b27f2521fe858e125d","Unknown","naser.ali.5872","Unassigned","New","normal","2026-07-09T09:28:18.054Z"
"undefined","6a4f6c447f2521fe858e1549","Unknown","ik007863","Unassigned","New","normal","2026-07-09T09:39:16.029Z"
"undefined","6a4f701b7f2521fe858e293d","Unknown","a_doctorwholifts","Unassigned","New","normal","2026-07-09T09:55:39.176Z"
"undefined","6a4f72117f2521fe858f9a2f","Unknown","capitalcars39","Unassigned","New","normal","2026-07-09T10:04:01.283Z"
"undefined","6a4f741c7f2521fe858fca02","Unknown","salamsayeed_binhameed","Unassigned","New","normal","2026-07-09T10:12:44.611Z"
"undefined","6a4f74907f2521fe858fe5ad","Unknown","IG_User_1892870981388738","Unassigned","New","normal","2026-07-09T10:14:40.487Z"
"undefined","6a4f75257f2521fe85900165","Unknown","beingsharjil","Unassigned","New","normal","2026-07-09T10:17:09.039Z"
"undefined","6a4f7aa87f2521fe85904910","Unknown","ayaankhaalid","Unassigned","New","normal","2026-07-09T10:40:40.586Z"
"undefined","6a4f7aa87f2521fe85904912","Unknown","aquibnaim","Unassigned","New","normal","2026-07-09T10:40:40.774Z"
"undefined","6a4f7b857f2521fe85904916","Unknown","imran.shaikh77","Unassigned","New","normal","2026-07-09T10:44:21.153Z"
"undefined","6a4f87ab7f2521fe85908dbf","Unknown","barah_july_teranwe","Unassigned","New","normal","2026-07-09T11:36:11.912Z"
"undefined","6a4f883e7f2521fe85908f33","Unknown","zulfuqarali972","Unassigned","New","normal","2026-07-09T11:38:38.836Z"
"undefined","6a4f8bc07f2521fe85908ff6","Unknown","akhi_hassan___","Unassigned","New","normal","2026-07-09T11:53:36.270Z"
"undefined","6a4f8c4b7f2521fe85908ff9","Unknown","shaan_barca","Unassigned","New","normal","2026-07-09T11:55:55.128Z"
"undefined","6a4f8fca7f2521fe85908ffe","Unknown","IG_User_1412453390720256","Unassigned","New","normal","2026-07-09T12:10:50.988Z"
"undefined","6a4f90e77f2521fe8590901a","Unknown","zeeshan.zikky","Unassigned","New","normal","2026-07-09T12:15:35.698Z"
"undefined","6a4f93247f2521fe8590941b","Unknown","IG_User_2078657783534911","Unassigned","New","normal","2026-07-09T12:25:08.287Z"
"undefined","6a4f948b7f2521fe8590a021","Unknown","IG_User_2045132222768939","Unassigned","New","normal","2026-07-09T12:31:07.113Z"
"undefined","6a4f97f97f2521fe8590a41b","Unknown","aadilhusain78","Unassigned","New","normal","2026-07-09T12:45:45.262Z"
"undefined","6a4f9afe7f2521fe8590a439","Unknown","moeenahmed_shaikh","Unassigned","New","normal","2026-07-09T12:58:38.081Z"
"undefined","6a4f9bfd7f2521fe8590a761","Unknown","IG_User_2048018596102335","Unassigned","New","normal","2026-07-09T13:02:53.003Z"
"undefined","6a4f9d257f2521fe8590a7fa","Unknown","_farooq_sk_","Unassigned","New","normal","2026-07-09T13:07:49.399Z"
"undefined","6a4f9f677f2521fe8590a7fe","Unknown","IG_User_4135769693233998","Unassigned","New","normal","2026-07-09T13:17:27.990Z"
"undefined","6a4fa1717f2521fe8590a801","Unknown","skilltrainingkssinfotech","Unassigned","New","normal","2026-07-09T13:26:09.246Z"
"undefined","6a4fa72d7f2521fe8590abae","Unknown","nawazlateef","Unassigned","New","normal","2026-07-09T13:50:37.451Z"
"undefined","6a4fa7c47f2521fe8590aea1","Unknown","interiors_in_chennai","Unassigned","New","normal","2026-07-09T13:53:08.802Z"
"undefined","6a4fb1c57f2521fe8590fe1e","Unknown","mudassir.khan.7777","Unassigned","New","normal","2026-07-09T14:35:49.161Z"
"undefined","6a4fb3c77f2521fe8590fe25","Unknown","nisar644","Unassigned","New","normal","2026-07-09T14:44:23.760Z"
"undefined","6a4fb3e67f2521fe8590fe28","Unknown","m.r_demon_","Unassigned","New","normal","2026-07-09T14:44:54.333Z"
"undefined","6a4fb4a97f2521fe8590fe49","Unknown","salman.blackbeard","Unassigned","New","normal","2026-07-09T14:48:09.614Z"
"undefined","6a4fb8c47f2521fe85911cfc","Unknown","hamzaraishosama","Unassigned","New","normal","2026-07-09T15:05:40.764Z"
"undefined","6a4fbcf57f2521fe85915511","Unknown","azam22oct","Unassigned","New","normal","2026-07-09T15:23:33.834Z"
"undefined","6a4fbe117f2521fe85915514","Unknown","mohil_vadia","Unassigned","New","normal","2026-07-09T15:28:17.451Z"
"undefined","6a4fc35e7f2521fe85915518","Unknown","rnmi_03","Unassigned","New","normal","2026-07-09T15:50:54.142Z"
"undefined","6a4fc3de7f2521fe8591551b","Unknown","ibdrocks","Unassigned","New","normal","2026-07-09T15:53:02.230Z"
"undefined","6a4fc6ee7f2521fe8591551e","Unknown","shoaib.ahmed.31521301","Unassigned","New","normal","2026-07-09T16:06:06.232Z"
"undefined","6a4fc8387f2521fe85918d42","Unknown","malik.israr786","Unassigned","New","normal","2026-07-09T16:11:36.175Z"
"undefined","6a4fc93c7f2521fe85918d45","Unknown","picagraphicsolution","Unassigned","New","normal","2026-07-09T16:15:56.773Z"
"undefined","6a4fca6c7f2521fe85918d48","Unknown","ws20068","Unassigned","New","normal","2026-07-09T16:21:00.239Z"
"undefined","6a4fcb8b7f2521fe85918d52","Unknown","farid_s_shaikh","Unassigned","New","normal","2026-07-09T16:25:47.551Z"
"undefined","6a4fccf67f2521fe85918d62","Unknown","___.sy.___","Unassigned","New","normal","2026-07-09T16:31:50.216Z"
"undefined","6a4fcd197f2521fe85918d65","Unknown","dr.zubairkhan94","Unassigned","New","normal","2026-07-09T16:32:25.124Z"
"undefined","6a4fcd5c7f2521fe85918d69","Unknown","cutie_n_sandy","Unassigned","New","normal","2026-07-09T16:33:32.816Z"
"undefined","6a4fd1037f2521fe85919330","Unknown","IG_User_1563116955330013","Unassigned","New","normal","2026-07-09T16:49:07.394Z"
"undefined","6a4fd1fa7f2521fe8591946a","Unknown","aryan.aaro","Unassigned","New","normal","2026-07-09T16:53:14.137Z"
"undefined","6a4fd4807f2521fe8591967b","Unknown","ahmedmohammed.pasha","Unassigned","New","normal","2026-07-09T17:04:00.146Z"
"undefined","6a4fdc687f2521fe8591bfee","Unknown","mohamed_shahin_gani","Unassigned","New","normal","2026-07-09T17:37:44.012Z"
"undefined","6a4fdcd07f2521fe8591bff1","Unknown","nr.khan.9","Unassigned","New","normal","2026-07-09T17:39:28.203Z"
"undefined","6a4fe0c57f2521fe8591bff4","Unknown","_syedismail_","Unassigned","New","normal","2026-07-09T17:56:21.381Z"
"undefined","6a4fe1a97f2521fe8591bff7","Unknown","hayatkhan1385","Unassigned","New","normal","2026-07-09T18:00:09.657Z"
"undefined","6a4fe1f47f2521fe8591bffa","Unknown","IG_User_1735489714240211","Unassigned","New","normal","2026-07-09T18:01:24.403Z"
"undefined","6a4fe2a37f2521fe8591bfff","Unknown","sarfrazalam","Unassigned","New","normal","2026-07-09T18:04:19.389Z"
"undefined","6a4fe4dd7f2521fe8591c002","Unknown","mustufa.s","Unassigned","New","normal","2026-07-09T18:13:49.057Z"
"undefined","6a4fe7db7f2521fe8591c008","Unknown","ar_shadab_ahmad","Unassigned","New","normal","2026-07-09T18:26:35.337Z"
"undefined","6a4fe8477f2521fe8591c00b","Unknown","thanseeh.jameel","Unassigned","New","normal","2026-07-09T18:28:23.910Z"
"undefined","6a4fe9f67f2521fe8591c0a7","Unknown","g0_rav","Unassigned","New","normal","2026-07-09T18:35:34.321Z"
"undefined","6a4feb747f2521fe8591c0b0","Unknown","moinkazad","Unassigned","New","normal","2026-07-09T18:41:56.649Z"
"undefined","6a4feb887f2521fe8591c0b3","Unknown","nishantt_kr","Unassigned","New","normal","2026-07-09T18:42:16.506Z"
"undefined","6a4feb9d7f2521fe8591c0b6","Unknown","basiriqbal6","Unassigned","New","normal","2026-07-09T18:42:37.383Z"
"undefined","6a4fed647f2521fe8591c0bc","Unknown","sijju.19","Unassigned","New","normal","2026-07-09T18:50:12.132Z"
"undefined","6a4fee7f7f2521fe8591c0bf","Unknown","IG_User_1935852760420909","Unassigned","New","normal","2026-07-09T18:54:55.911Z"
"undefined","6a4ff2257f2521fe8591c15c","Unknown","misthigold","Unassigned","New","normal","2026-07-09T19:10:29.880Z"
"undefined","6a4ff37c7f2521fe8591c168","Unknown","_ahmad__fx","Unassigned","New","normal","2026-07-09T19:16:12.638Z"
"undefined","6a4ff79f7f2521fe8591c16c","Unknown","irfan62123","Unassigned","New","normal","2026-07-09T19:33:51.380Z"
"undefined","6a4ffb397f2521fe85921a60","Unknown","yusufgkk4u","Unassigned","New","normal","2026-07-09T19:49:13.967Z"
"undefined","6a4ffff67f2521fe859236dc","Unknown","aadilnesar","Unassigned","New","normal","2026-07-09T20:09:26.500Z"
"undefined","6a5013d67f2521fe859236e9","Unknown","abshar_98","Unassigned","New","normal","2026-07-09T21:34:14.476Z"
"undefined","6a5016677f2521fe859236ec","Unknown","shahnawaz.siddique.90","Unassigned","New","normal","2026-07-09T21:45:11.532Z"
"undefined","6a501aa87f2521fe859236ef","Unknown","IG_User_27420826250914360","Unassigned","New","normal","2026-07-09T22:03:20.983Z"
"undefined","6a5045547f2521fe859236fb","Unknown","IG_User_1627635858308323","Unassigned","New","normal","2026-07-10T01:05:24.362Z"
"undefined","6a5047e37f2521fe85923704","Unknown","mohd__azan","Unassigned","New","normal","2026-07-10T01:16:19.641Z"
"undefined","6a504ec67f2521fe85923707","Unknown","IG_User_2114295762483200","Unassigned","New","normal","2026-07-10T01:45:42.517Z"
"undefined","6a504f717f2521fe8592370a","Unknown","IG_User_27415942531394138","Unassigned","New","normal","2026-07-10T01:48:33.321Z"
"undefined","6a5059727f2521fe85923717","Unknown","adnan72444","Unassigned","New","normal","2026-07-10T02:31:14.698Z"
"undefined","6a5067b67f2521fe8592372b","Unknown","shaik_arif_24","Unassigned","New","normal","2026-07-10T03:32:06.290Z"
"undefined","6a5068c37f2521fe85923731","Unknown","boss889900__","Unassigned","New","normal","2026-07-10T03:36:35.771Z"
"undefined","6a506dc67f2521fe85923734","Unknown","sandysamnetwork","Unassigned","New","normal","2026-07-10T03:57:58.504Z"
"undefined","6a506ed97f2521fe85923737","Unknown","IG_User_1674893887109353","Unassigned","New","normal","2026-07-10T04:02:33.148Z"
"undefined","6a5075b37f2521fe8592373a","Unknown","sami_khan_lohani","Unassigned","New","normal","2026-07-10T04:31:47.144Z"
"undefined","6a50760d7f2521fe8592373d","Unknown","ansari00485","Unassigned","New","normal","2026-07-10T04:33:17.392Z"
"undefined","6a5076ce7f2521fe85923740","Unknown","makdum.shaikh.374","Unassigned","New","normal","2026-07-10T04:36:30.625Z"
"undefined","6a50787e7f2521fe85923743","Unknown","chaat_wadi","Unassigned","New","normal","2026-07-10T04:43:42.514Z"
"undefined","6a5078c07f2521fe85923746","Unknown","IG_User_1766583831178346","Unassigned","New","normal","2026-07-10T04:44:48.507Z"
"undefined","6a507b8f7f2521fe85923757","Unknown","IG_User_1606853784326325","Unassigned","New","normal","2026-07-10T04:56:47.595Z"
"undefined","6a507c357f2521fe8592375b","Unknown","md_faiz.uddin","Unassigned","New","normal","2026-07-10T04:59:33.988Z"
"undefined","6a507cd77f2521fe85923772","Unknown","IG_User_1561609125328563","Unassigned","New","normal","2026-07-10T05:02:15.854Z"
"undefined","6a507e817f2521fe85923775","Unknown","iammuqeet007","Unassigned","New","normal","2026-07-10T05:09:21.026Z"
"undefined","6a507eba7f2521fe85923778","Unknown","khan_shahibkhan","Unassigned","New","normal","2026-07-10T05:10:18.272Z"
"undefined","6a50804f7f2521fe85923781","Unknown","aasif.khan.md","Unassigned","New","normal","2026-07-10T05:17:03.875Z"
"undefined","6a5089147f2521fe85923a23","Unknown","brainiacintlacademy","Unassigned","New","normal","2026-07-10T05:54:28.045Z"
"undefined","6a508c4c7f2521fe85923a33","Unknown","iam_khan_thebeast","Unassigned","New","normal","2026-07-10T06:08:12.691Z"
"undefined","6a50927f7f2521fe85923ad5","Unknown","imrozbukhari","Unassigned","New","normal","2026-07-10T06:34:39.586Z"
"undefined","6a50938e7f2521fe85923ae0","Unknown","IG_User_1072721431764763","Unassigned","New","normal","2026-07-10T06:39:10.862Z"
"undefined","6a509baf7f2521fe85928f81","Unknown","mohd_muzammilhussain","Unassigned","New","normal","2026-07-10T07:13:51.020Z"
"undefined","6a509bf57f2521fe85928f86","Unknown","IG_User_984487757721301","Unassigned","New","normal","2026-07-10T07:15:01.037Z"
"undefined","6a509c607f2521fe85928f8d","Unknown","ceo_sahil_ansari","Unassigned","New","normal","2026-07-10T07:16:48.862Z"
"undefined","6a50a1637f2521fe859491e5","Unknown","IG_User_2046906306226387","Unassigned","New","normal","2026-07-10T07:38:11.798Z"
"undefined","6a50a9037f2521fe859495d7","Unknown","mr_shaikhh80","Unassigned","New","normal","2026-07-10T08:10:43.234Z"
"undefined","6a50abba7f2521fe8594ceff","Unknown","the.halal.living.hyderabad","Unassigned","New","normal","2026-07-10T08:22:18.438Z"
"undefined","6a50abf77f2521fe8594cf02","Unknown","anas__raza124","Unassigned","New","normal","2026-07-10T08:23:19.293Z"
"undefined","6a50ac987f2521fe8594cf9b","Unknown","waris_ali_advocate","Unassigned","New","normal","2026-07-10T08:26:00.492Z"
"undefined","6a50ae2e7f2521fe8594cf9e","Unknown","_muneer_kazi","Unassigned","New","normal","2026-07-10T08:32:46.428Z"
"undefined","6a50aeed7f2521fe8594cfa1","Unknown","IG_User_1568855891396075","Unassigned","New","normal","2026-07-10T08:35:57.186Z"
"undefined","6a50af6f7f2521fe8594cfa5","Unknown","lord_shaz","Unassigned","New","normal","2026-07-10T08:38:07.825Z"
"undefined","6a50b3687f2521fe8594d06c","Unknown","moh.sin3692","Unassigned","New","normal","2026-07-10T08:55:04.066Z"
"undefined","6a50b4977f2521fe8594d07a","Unknown","shaikarifbaba","Unassigned","New","normal","2026-07-10T09:00:07.627Z"
"undefined","6a50bc977f2521fe85954eed","Unknown","king__of_queen786","Unassigned","New","normal","2026-07-10T09:34:15.207Z"
"undefined","6a50c04d7f2521fe859571e7","Unknown","IG_User_1023453303908917","Unassigned","New","normal","2026-07-10T09:50:05.134Z"
"undefined","6a50c08e7f2521fe85957326","Unknown","IG_User_2081810779069648","Unassigned","New","normal","2026-07-10T09:51:10.886Z"
"undefined","6a50c1a37f2521fe859595cd","Unknown","fahim.2k","Unassigned","New","normal","2026-07-10T09:55:47.065Z"
"undefined","6a50c25e7f2521fe859595d6","Unknown","itzamaankhan","Unassigned","New","normal","2026-07-10T09:58:54.522Z"
"undefined","6a50c26f7f2521fe859595d9","Unknown","say_me_innocent","Unassigned","New","normal","2026-07-10T09:59:11.972Z"
"undefined","6a50c4df7f2521fe85959b52","Unknown","riyaz.uddin.7169","Unassigned","New","normal","2026-07-10T10:09:35.038Z"
"undefined","6a50c5347f2521fe85959b55","Unknown","kay_fashions_and_tailoring","Unassigned","New","normal","2026-07-10T10:11:00.152Z"
"undefined","6a50cb277f2521fe8595c897","Unknown","2alkingfilms","Unassigned","New","normal","2026-07-10T10:36:23.560Z"
"undefined","6a50cbe87f2521fe8595ca26","Unknown","shahnawaz_siddique_007","Unassigned","New","normal","2026-07-10T10:39:36.378Z"
"undefined","6a50cc167f2521fe8595ca32","Unknown","shaaaaannn2.0","Unassigned","New","normal","2026-07-10T10:40:22.004Z"
"undefined","6a50cda97f2521fe8595cd4a","Unknown","IG_User_1448993190583546","Unassigned","New","normal","2026-07-10T10:47:05.279Z"
"undefined","6a50d30d7f2521fe8595e095","Unknown","arzoorafique1983","Unassigned","New","normal","2026-07-10T11:10:05.940Z"
"undefined","6a50d5237f2521fe8595f0c5","Unknown","khan._.5094","Unassigned","New","normal","2026-07-10T11:18:59.401Z"
"undefined","6a50d9757f2521fe85965c2c","Unknown","b_saifulla","Unassigned","New","normal","2026-07-10T11:37:25.256Z"
"undefined","6a50dc3f7f2521fe85965c39","Unknown","yaseen_og_","Unassigned","New","normal","2026-07-10T11:49:19.490Z"
"undefined","6a50e02b7f2521fe8596e0e9","Unknown","mohammadazmatullah123","Unassigned","New","normal","2026-07-10T12:06:03.541Z"
"undefined","6a50e28a7f2521fe85975fc9","Unknown","IG_User_1342721610761787","Unassigned","New","normal","2026-07-10T12:16:10.094Z"
"undefined","6a50edc57f2521fe8597e5cf","Unknown","ashraf.arcot","Unassigned","New","normal","2026-07-10T13:04:05.528Z"
"undefined","6a50eec47f2521fe8597e681","Unknown","IG_User_1717280939410860","Unassigned","New","normal","2026-07-10T13:08:20.418Z"
"undefined","6a50eed37f2521fe8597e684","Unknown","hasnain.anas","Unassigned","New","normal","2026-07-10T13:08:35.215Z"
"undefined","6a50eeee7f2521fe8597e687","Unknown","5316.hussain","Unassigned","New","normal","2026-07-10T13:09:02.871Z"
"undefined","6a50fc657f2521fe85981c63","Unknown","mdjahangir.pasha","Unassigned","New","normal","2026-07-10T14:06:29.621Z"
"undefined","6a50fe1d7f2521fe85981e90","Unknown","irfan_k_muiz","Unassigned","New","normal","2026-07-10T14:13:49.118Z"
"undefined","6a5103f27f2521fe85981fa8","Unknown","adv.naveed_ahamed","Unassigned","New","normal","2026-07-10T14:38:42.100Z"
"undefined","6a5108b77f2521fe859820f0","Unknown","jouher.shaik","Unassigned","New","normal","2026-07-10T14:59:03.501Z"
"undefined","6a5109e67f2521fe859820f3","Unknown","daniyaalmanna","Unassigned","New","normal","2026-07-10T15:04:06.355Z"
"undefined","6a5109f77f2521fe859820f6","Unknown","IG_User_1010223668384946","Unassigned","New","normal","2026-07-10T15:04:23.862Z"
"undefined","6a510de17f2521fe85982138","Unknown","mohdharis3152","Unassigned","New","normal","2026-07-10T15:21:05.053Z"
"undefined","6a510e227f2521fe8598213b","Unknown","IG_User_1501931281184254","Unassigned","New","normal","2026-07-10T15:22:10.275Z"
"undefined","6a5112b37f2521fe8598213e","Unknown","nayeem_kna","Unassigned","New","normal","2026-07-10T15:41:39.790Z"
"undefined","6a51170c7f2521fe85983892","Unknown","soulwhisperor","Unassigned","New","normal","2026-07-10T16:00:12.728Z"
"undefined","6a5119597f2521fe8598406f","Unknown","ig_avaan","Unassigned","New","normal","2026-07-10T16:10:01.068Z"
"undefined","6a511c027f2521fe85984e56","Unknown","IG_User_2014305255856564","Unassigned","New","normal","2026-07-10T16:21:22.355Z"
"undefined","6a511eda7f2521fe85987080","Unknown","IG_User_2157577388434009","Unassigned","New","normal","2026-07-10T16:33:30.721Z"
"undefined","6a5126f77f2521fe8598783d","Unknown","IG_User_1321731490077861","Unassigned","New","normal","2026-07-10T17:08:07.030Z"
"undefined","6a5128437f2521fe85987841","Unknown","ahmad_adnan01","Unassigned","New","normal","2026-07-10T17:13:39.005Z"
"undefined","6a51288a7f2521fe85987844","Unknown","syed_hafeez_hussain","Unassigned","New","normal","2026-07-10T17:14:50.652Z"
"undefined","6a512b2a7f2521fe85987847","Unknown","mukram_shaikh_msk","Unassigned","New","normal","2026-07-10T17:26:02.813Z"
"undefined","6a512eae7f2521fe85989589","Unknown","assan_bilal_","Unassigned","New","normal","2026-07-10T17:41:02.465Z"
"undefined","6a51303f7f2521fe8598958c","Unknown","syed_fayazbasha","Unassigned","New","normal","2026-07-10T17:47:43.962Z"
"undefined","6a5131087f2521fe8598958f","Unknown","ali_journeys","Unassigned","New","normal","2026-07-10T17:51:04.246Z"
"undefined","6a5132d67f2521fe85989592","Unknown","theadnanjaved","Unassigned","New","normal","2026-07-10T17:58:46.240Z"
"undefined","6a5133f37f2521fe8598b36d","Unknown","rehaanyadav7271","Unassigned","New","normal","2026-07-10T18:03:31.619Z"
"undefined","6a5134d97f2521fe8598b370","Unknown","sahil_ayaan","Unassigned","New","normal","2026-07-10T18:07:21.607Z"
"undefined","6a5138e77f2521fe8598d0a9","Unknown","danbrostore_","Unassigned","New","normal","2026-07-10T18:24:39.015Z"
"undefined","6a5139d07f2521fe8598d0ac","Unknown","syedkhwajamoinuddinnizami","Unassigned","New","normal","2026-07-10T18:28:32.043Z"
"undefined","6a513b9e7f2521fe8598d0b3","Unknown","ishteyaque_azhar","Unassigned","New","normal","2026-07-10T18:36:14.639Z"
"undefined","6a51414a7f2521fe85990b22","Unknown","mohdshafiq9280","Unassigned","New","normal","2026-07-10T19:00:26.571Z"
"undefined","6a5144057f2521fe85990b25","Unknown","mr.sajid_official","Unassigned","New","normal","2026-07-10T19:12:05.035Z"
"undefined","6a5146797f2521fe8599b465","Unknown","tanweer_rk","Unassigned","New","normal","2026-07-10T19:22:33.173Z"
"undefined","6a5146997f2521fe8599b468","Unknown","oyephotowala","Unassigned","New","normal","2026-07-10T19:23:05.559Z"
"undefined","6a51485b7f2521fe8599b46b","Unknown","dearali999","Unassigned","New","normal","2026-07-10T19:30:35.043Z"
"undefined","6a514a087f2521fe8599b474","Unknown","flaneurseye","Unassigned","New","normal","2026-07-10T19:37:44.400Z"
"undefined","6a514ae77f2521fe8599b477","Unknown","_zaid.2610_","Unassigned","New","normal","2026-07-10T19:41:27.971Z"
"undefined","6a514eff7f2521fe8599b47a","Unknown","dr.sarfrazalisiddiqui","Unassigned","New","normal","2026-07-10T19:58:55.076Z"
"undefined","6a514f907f2521fe8599b47d","Unknown","sajid_fitnessmodel","Unassigned","New","normal","2026-07-10T20:01:20.065Z"
"undefined","6a51526f7f2521fe8599b522","Unknown","bharatscrap_and_toolstraders","Unassigned","New","normal","2026-07-10T20:13:35.342Z"
"undefined","6a5154077f2521fe8599b525","Unknown","sakib.ajrekar.74","Unassigned","New","normal","2026-07-10T20:20:23.422Z"
"undefined","6a5159467f2521fe8599b542","Unknown","abdulrasheedkhan03","Unassigned","New","normal","2026-07-10T20:42:46.365Z"
"undefined","6a515f6f7f2521fe8599b545","Unknown","_sheikh.usama_","Unassigned","New","normal","2026-07-10T21:09:03.680Z"
"undefined","6a5160307f2521fe8599b548","Unknown","IG_User_1001039279481132","Unassigned","New","normal","2026-07-10T21:12:16.376Z"
"undefined","6a516ae87f2521fe8599b550","Unknown","sky_zeeshan_077","Unassigned","New","normal","2026-07-10T21:58:00.621Z"
"undefined","6a516ed77f2521fe8599b559","Unknown","shariqali0786.sa","Unassigned","New","normal","2026-07-10T22:14:47.161Z"
"undefined","6a5178e57f2521fe8599b55c","Unknown","IG_User_28688278237428212","Unassigned","New","normal","2026-07-10T22:57:41.325Z"
"undefined","6a518cc87f2521fe8599b560","Unknown","roadsniper0510","Unassigned","New","normal","2026-07-11T00:22:32.624Z"
"undefined","6a518d9e7f2521fe8599b563","Unknown","beingsalmnkhaan","Unassigned","New","normal","2026-07-11T00:26:06.515Z"
"undefined","6a5190437f2521fe8599b569","Unknown","shopping_queen1595","Unassigned","New","normal","2026-07-11T00:37:23.249Z"
"undefined","6a5190c47f2521fe8599b56c","Unknown","momo_0079","Unassigned","New","normal","2026-07-11T00:39:32.480Z"
"undefined","6a5190fe7f2521fe8599b56f","Unknown","IG_User_4295703760693457","Unassigned","New","normal","2026-07-11T00:40:30.721Z"
"undefined","6a519c997f2521fe8599b592","Unknown","god14674","Unassigned","New","normal","2026-07-11T01:30:01.768Z"
"undefined","6a51ab787f2521fe8599b59d","Unknown","aman.yusuff","Unassigned","New","normal","2026-07-11T02:33:28.086Z"
"undefined","6a51af647f2521fe8599b5a4","Unknown","shawkath","Unassigned","New","normal","2026-07-11T02:50:12.330Z"
"undefined","6a51b4f77f2521fe8599b5aa","Unknown","hasib.qureshi619","Unassigned","New","normal","2026-07-11T03:13:59.036Z"
"undefined","6a51b7267f2521fe859a8b97","Unknown","aru.imao","Unassigned","New","normal","2026-07-11T03:23:18.546Z"
"undefined","6a51b9c27f2521fe859a8b9a","Unknown","dubai_hussain_insta","Unassigned","New","normal","2026-07-11T03:34:26.419Z"
"undefined","6a51bc177f2521fe859a8ba2","Unknown","maqbool7867","Unassigned","New","normal","2026-07-11T03:44:23.174Z"
"undefined","6a51c2177f2521fe859a8bb7","Unknown","talha_syed07","Unassigned","New","normal","2026-07-11T04:09:59.054Z"
"undefined","6a51c4aa7f2521fe859a8bba","Unknown","abulfaiz5","Unassigned","New","normal","2026-07-11T04:20:58.594Z"
"undefined","6a51c6c77f2521fe859a8bbd","Unknown","nawaz_sharifff","Unassigned","New","normal","2026-07-11T04:29:59.691Z"
"undefined","6a51c8267f2521fe859a8bc0","Unknown","aap_afroz","Unassigned","New","normal","2026-07-11T04:35:50.531Z"
"undefined","6a51cc007f2521fe859a8bc3","Unknown","_syed.ghouse_","Unassigned","New","normal","2026-07-11T04:52:16.880Z"
"undefined","6a51d1087f2521fe859a8bc6","Unknown","IG_User_1011197194960223","Unassigned","New","normal","2026-07-11T05:13:44.814Z"
"undefined","6a51db317f2521fe859ac645","Unknown","_maddie_73_","Unassigned","New","normal","2026-07-11T05:57:05.123Z"
"undefined","6a51df957f2521fe859b00ca","Unknown","ziya.__.1903","Unassigned","New","normal","2026-07-11T06:15:49.762Z"
"undefined","6a51e09d7f2521fe859b00d3","Unknown","ahmedagpatel","Unassigned","New","normal","2026-07-11T06:20:13.373Z"
"undefined","6a51e9067f2521fe859b1edd","Unknown","mohamed_sadique","Unassigned","New","normal","2026-07-11T06:56:06.976Z"
"undefined","6a51eab97f2521fe859b5098","Unknown","IG_User_1193818733813737","Unassigned","New","normal","2026-07-11T07:03:21.083Z"
"undefined","6a51eb017f2521fe859b53b8","Unknown","its_aarish97","Unassigned","New","normal","2026-07-11T07:04:33.376Z"
"undefined","6a51ee8c7f2521fe859b65ea","Unknown","khafser7","Unassigned","New","normal","2026-07-11T07:19:40.839Z"
"undefined","6a51ef9b7f2521fe859b6c02","Unknown","irfxnpasha","Unassigned","New","normal","2026-07-11T07:24:11.811Z"
"undefined","6a51fde37f2521fe859d1c66","Unknown","IG_User_963016560108672","Unassigned","New","normal","2026-07-11T08:25:07.596Z"
"undefined","6a51ff277f2521fe859d20ea","Unknown","IG_User_3418098268367668","Unassigned","New","normal","2026-07-11T08:30:31.376Z"
"undefined","6a5207047f2521fe859e4396","Unknown","mujeeb987654321","Unassigned","New","normal","2026-07-11T09:04:04.102Z"
"undefined","6a52097d7f2521fe859e51a3","Unknown","ruhulkhuddus","Unassigned","New","normal","2026-07-11T09:14:37.513Z"
"undefined","6a520b7c7f2521fe859e66ca","Unknown","syedhaseeb18","Unassigned","New","normal","2026-07-11T09:23:08.326Z"
"undefined","6a5211067f2521fe859f0113","Unknown","eirumshaikh","Unassigned","New","normal","2026-07-11T09:46:46.880Z"
"undefined","6a5211307f2521fe859f0116","Unknown","god.__ussop","Unassigned","New","normal","2026-07-11T09:47:28.615Z"
"undefined","6a5211a67f2521fe859f0125","Unknown","its_me__taheer","Unassigned","New","normal","2026-07-11T09:49:26.623Z"
"undefined","6a521a787f2521fe859f2691","Unknown","dr_kraft_","Unassigned","New","normal","2026-07-11T10:27:04.668Z"
"undefined","6a522a0e7f2521fe859f5cb9","Unknown","t_a_h_i_r_1023","Unassigned","New","normal","2026-07-11T11:33:34.073Z"
"undefined","6a522bd47f2521fe859f5feb","Unknown","uzairshaikh27","Unassigned","New","normal","2026-07-11T11:41:08.634Z"
"undefined","6a523f137f2521fe859f6728","Unknown","hunayn_qureshi","Unassigned","New","normal","2026-07-11T13:03:15.761Z"
"undefined","6a5244947f2521fe859fa31d","Unknown","IG_User_1337834965221983","Unassigned","New","normal","2026-07-11T13:26:44.470Z"
"undefined","6a5255637f2521fe85a12460","Unknown","rananazish","Unassigned","New","normal","2026-07-11T14:38:27.845Z"
"undefined","6a525e7f7f2521fe85a1d883","Unknown","faheemmducom","Unassigned","New","normal","2026-07-11T15:17:19.789Z"
"undefined","6a5261117f2521fe85a254be","Unknown","alvo1416","Unassigned","New","normal","2026-07-11T15:28:17.341Z"
"undefined","6a5262327f2521fe85a254c1","Unknown","IG_User_1538327488025936","Unassigned","New","normal","2026-07-11T15:33:06.436Z"
"undefined","6a5266077f2521fe85a254c4","Unknown","IG_User_1764921714937443","Unassigned","New","normal","2026-07-11T15:49:27.608Z"
"undefined","6a52673e7f2521fe85a254c8","Unknown","fotooframes","Unassigned","New","normal","2026-07-11T15:54:38.674Z"
"undefined","6a526a4b7f2521fe85a254cf","Unknown","shabanakhathun3","Unassigned","New","normal","2026-07-11T16:07:39.013Z"
"undefined","6a526de17f2521fe85a2557e","Unknown","fuaad_sadaq","Unassigned","New","normal","2026-07-11T16:22:57.921Z"
"undefined","6a526e1f7f2521fe85a25581","Unknown","peacefulindia81","Unassigned","New","normal","2026-07-11T16:23:59.124Z"
"undefined","6a52710b7f2521fe85a25584","Unknown","basithbos","Unassigned","New","normal","2026-07-11T16:36:27.235Z"
"undefined","6a5271227f2521fe85a25587","Unknown","naseema8865","Unassigned","New","normal","2026-07-11T16:36:50.008Z"
"undefined","6a5272d07f2521fe85a2558a","Unknown","mohd.ammu","Unassigned","New","normal","2026-07-11T16:44:00.283Z"
"undefined","6a5275937f2521fe85a2558d","Unknown","abd.allaah_","Unassigned","New","normal","2026-07-11T16:55:47.216Z"
"undefined","6a52765f7f2521fe85a25591","Unknown","anas_sikander","Unassigned","New","normal","2026-07-11T16:59:11.839Z"
"undefined","6a5278477f2521fe85a2739d","Unknown","kafil_khan","Unassigned","New","normal","2026-07-11T17:07:19.049Z"
"undefined","6a527a3b7f2521fe85a273a3","Unknown","ramijmansuri","Unassigned","New","normal","2026-07-11T17:15:39.950Z"
"undefined","6a527b167f2521fe85a273a6","Unknown","mhd.khan.71","Unassigned","New","normal","2026-07-11T17:19:18.326Z"
"undefined","6a5280457f2521fe85a273b1","Unknown","mohamed.mushab.98","Unassigned","New","normal","2026-07-11T17:41:25.872Z"
"undefined","6a5281027f2521fe85a273b4","Unknown","mohammadfaizan644","Unassigned","New","normal","2026-07-11T17:44:34.888Z"
"undefined","6a5282b67f2521fe85a273b7","Unknown","sibteynaqvi","Unassigned","New","normal","2026-07-11T17:51:50.252Z"
"undefined","6a5288117f2521fe85a273ba","Unknown","aalialodhia","Unassigned","New","normal","2026-07-11T18:14:41.352Z"
"undefined","6a528a477f2521fe85a273be","Unknown","IG_User_1675306866862017","Unassigned","New","normal","2026-07-11T18:24:07.660Z"
"undefined","6a5291637f2521fe85a273cd","Unknown","md_farhan_qureshi_24","Unassigned","New","normal","2026-07-11T18:54:27.968Z"
"undefined","6a52961b7f2521fe85a273d4","Unknown","syedmubashirquadri","Unassigned","New","normal","2026-07-11T19:14:35.862Z"
"undefined","6a52999a7f2521fe85a2fad2","Unknown","akkir_aj2","Unassigned","New","normal","2026-07-11T19:29:30.509Z"
"undefined","6a52a3c77f2521fe85a2fad5","Unknown","shaqcoola007","Unassigned","New","normal","2026-07-11T20:12:55.855Z"
"undefined","6a52a7047f2521fe85a2fae1","Unknown","nadafatima20","Unassigned","New","normal","2026-07-11T20:26:44.016Z"
"undefined","6a52aba57f2521fe85a2fae4","Unknown","shaikhvibess","Unassigned","New","normal","2026-07-11T20:46:29.818Z"
"undefined","6a52aff97f2521fe85a2fae7","Unknown","IG_User_1049218707792743","Unassigned","New","normal","2026-07-11T21:04:57.260Z"
"undefined","6a52b02e7f2521fe85a2faeb","Unknown","mehmoods555","Unassigned","New","normal","2026-07-11T21:05:50.583Z"
"undefined","6a52bc407f2521fe85a2faf1","Unknown","sow.8664","Unassigned","New","normal","2026-07-11T21:57:20.112Z"
"undefined","6a52c09f7f2521fe85a2faf4","Unknown","salman_whb","Unassigned","New","normal","2026-07-11T22:15:59.131Z"
"undefined","6a52c7977f2521fe85a2faf7","Unknown","zainabarts._","Unassigned","New","normal","2026-07-11T22:45:43.610Z"
"undefined","6a52c9407f2521fe85a2fafa","Unknown","kasheesh136","Unassigned","New","normal","2026-07-11T22:52:48.719Z"
"undefined","6a52d42c7f2521fe85a2fafd","Unknown","koraes_ali","Unassigned","New","normal","2026-07-11T23:39:24.008Z"
"undefined","6a52dc7e7f2521fe85a2fb06","Unknown","aman_siddiqui23","Unassigned","New","normal","2026-07-12T00:14:54.020Z"
"undefined","6a53130e7f2521fe85a2fb19","Unknown","mdadnan.iftekhari","Unassigned","New","normal","2026-07-12T04:07:42.115Z"
"undefined","6a5313d27f2521fe85a2fb1c","Unknown","abu_said18","Unassigned","New","normal","2026-07-12T04:10:58.967Z"
"undefined","6a531ba77f2521fe85a2fb1f","Unknown","appreciablequotes7","Unassigned","New","normal","2026-07-12T04:44:23.968Z"
"undefined","6a5320437f2521fe85a2fb22","Unknown","nizamnsaifi","Unassigned","New","normal","2026-07-12T05:04:03.839Z"
"undefined","6a5320bc7f2521fe85a2fb25","Unknown","mh_20_properties","Unassigned","New","normal","2026-07-12T05:06:04.855Z"
"undefined","6a532b5b7f2521fe85a33819","Unknown","athiyashaik","Unassigned","New","normal","2026-07-12T05:51:23.336Z"
"undefined","6a53319b7f2521fe85a339e8","Unknown","_khansadaf2025","Unassigned","New","normal","2026-07-12T06:18:03.772Z"
"undefined","6a533f3a7f2521fe85a339f1","Unknown","ssiddique80","Unassigned","New","normal","2026-07-12T07:16:10.445Z"
"undefined","6a534bcc7f2521fe85a33ad0","Unknown","IG_User_1725464898586011","Unassigned","New","normal","2026-07-12T08:09:48.346Z"
"undefined","6a53503b7f2521fe85a33c1b","Unknown","dr_idhres_ahamed_","Unassigned","New","normal","2026-07-12T08:28:43.666Z"
"undefined","6a535dd97f2521fe85a33c2c","Unknown","overdclouds16","Unassigned","New","normal","2026-07-12T09:26:49.257Z"
"undefined","6a536d4f7f2521fe85a42ad1","Unknown","basheeraqent","Unassigned","New","normal","2026-07-12T10:32:47.913Z"
"undefined","6a536e2f7f2521fe85a42ad4","Unknown","sas51708","Unassigned","New","normal","2026-07-12T10:36:31.344Z"
"undefined","6a5370b07f2521fe85a42ad7","Unknown","united_trading7","Unassigned","New","normal","2026-07-12T10:47:12.794Z"
"undefined","6a53762e7f2521fe85a42ada","Unknown","saahilshaikh1976","Unassigned","New","normal","2026-07-12T11:10:38.564Z"
"undefined","6a5377de7f2521fe85a42add","Unknown","waseemaammara","Unassigned","New","normal","2026-07-12T11:17:50.986Z"
"undefined","6a5389087f2521fe85a4490c","Unknown","IG_User_2132863737666626","Unassigned","New","normal","2026-07-12T12:31:04.274Z"
"undefined","6a538a527f2521fe85a4490f","Unknown","mdasif79805","Unassigned","New","normal","2026-07-12T12:36:34.278Z"
"undefined","6a5396de7f2521fe85a44af4","Unknown","IG_User_2468637530309772","Unassigned","New","normal","2026-07-12T13:30:06.663Z"
"undefined","6a53978d7f2521fe85a44af7","Unknown","mghani8","Unassigned","New","normal","2026-07-12T13:33:01.118Z"
"undefined","6a5397d67f2521fe85a44afa","Unknown","IG_User_1702781224268774","Unassigned","New","normal","2026-07-12T13:34:14.523Z"
"undefined","6a539cd47f2521fe85a44da4","Unknown","raymondtaylor600","Unassigned","New","normal","2026-07-12T13:55:32.596Z"
"undefined","6a539d197f2521fe85a44da7","Unknown","junnusid","Unassigned","New","normal","2026-07-12T13:56:41.380Z"
"undefined","6a539db47f2521fe85a44daa","Unknown","noor.aliansari7788","Unassigned","New","normal","2026-07-12T13:59:16.627Z"
"undefined","6a539f737f2521fe85a44dae","Unknown","mohd.asif7656","Unassigned","New","normal","2026-07-12T14:06:43.829Z"
"undefined","6a53a4a17f2521fe85a44db1","Unknown","asimsayyad.313","Unassigned","New","normal","2026-07-12T14:28:49.516Z"
"undefined","6a53a8537f2521fe85a44db8","Unknown","riaz.mohd.391","Unassigned","New","normal","2026-07-12T14:44:35.073Z"
"undefined","6a53ab9e7f2521fe85a44dbb","Unknown","usmanmubeena","Unassigned","New","normal","2026-07-12T14:58:38.749Z"
"undefined","6a53abbf7f2521fe85a44dbe","Unknown","dr.ssahmed","Unassigned","New","normal","2026-07-12T14:59:11.542Z"
"undefined","6a53b1287f2521fe85a44dc8","Unknown","zeeshanahm5","Unassigned","New","normal","2026-07-12T15:22:16.021Z"
"undefined","6a53b2777f2521fe85a44e0b","Unknown","travel_unravell","Unassigned","New","normal","2026-07-12T15:27:51.641Z"
"undefined","6a53b5cd7f2521fe85a44e10","Unknown","nuambardar7","Unassigned","New","normal","2026-07-12T15:42:05.972Z"
"undefined","6a53b7247f2521fe85a44e13","Unknown","aquatechrofilter","Unassigned","New","normal","2026-07-12T15:47:48.711Z"
"undefined","6a53beff7f2521fe85a48a73","Unknown","mohammedfaizal_10","Unassigned","New","normal","2026-07-12T16:21:19.612Z"
"undefined","6a53bf1c7f2521fe85a48a76","Unknown","nida_e_shabab3344","Unassigned","New","normal","2026-07-12T16:21:48.784Z"
"undefined","6a53bfa77f2521fe85a48a79","Unknown","IG_User_1936059196987500","Unassigned","New","normal","2026-07-12T16:24:07.138Z"
"undefined","6a53c2107f2521fe85a48a7c","Unknown","haffisbasha","Unassigned","New","normal","2026-07-12T16:34:24.370Z"
"undefined","6a53c3c37f2521fe85a48a7f","Unknown","bharlas","Unassigned","New","normal","2026-07-12T16:41:39.647Z"
"undefined","6a53c6b27f2521fe85a48a8f","Unknown","bangalorescrap","Unassigned","New","normal","2026-07-12T16:54:10.782Z"
"undefined","6a53caed7f2521fe85a48a9b","Unknown","shaikhashraf893","Unassigned","New","normal","2026-07-12T17:12:13.831Z"
"undefined","6a53cc9e7f2521fe85a48a9e","Unknown","dataskillhub","Unassigned","New","normal","2026-07-12T17:19:26.746Z"
"undefined","6a53cfdd7f2521fe85a511a0","Unknown","adv_kashifjavedi","Unassigned","New","normal","2026-07-12T17:33:17.837Z"
"undefined","6a53d2187f2521fe85a511a4","Unknown","mohd.zameer.52459","Unassigned","New","normal","2026-07-12T17:42:48.605Z"
"undefined","6a53d4797f2521fe85a52fca","Unknown","jubeer9966","Unassigned","New","normal","2026-07-12T17:52:57.919Z"
"undefined","6a53d8647f2521fe85a52fcd","Unknown","bu_ttm","Unassigned","New","normal","2026-07-12T18:09:40.469Z"
"undefined","6a53da397f2521fe85a52fd3","Unknown","IG_User_1343345554004698","Unassigned","New","normal","2026-07-12T18:17:29.962Z"
"undefined","6a53dba57f2521fe85a52fd7","Unknown","IG_User_4036019530027896","Unassigned","New","normal","2026-07-12T18:23:33.210Z"
"undefined","6a53dc5c7f2521fe85a52fda","Unknown","IG_User_2878216842531302","Unassigned","New","normal","2026-07-12T18:26:36.857Z"
"undefined","6a53deca7f2521fe85a52fdd","Unknown","metro.homes.401107","Unassigned","New","normal","2026-07-12T18:36:58.698Z"
"undefined","6a53e1877f2521fe85a53fdf","Unknown","IG_User_1879485493019179","Unassigned","New","normal","2026-07-12T18:48:39.335Z"
"undefined","6a53e3d37f2521fe85a53fe6","Unknown","unitedsports_911","Unassigned","New","normal","2026-07-12T18:58:27.114Z"
"undefined","6a53e4af7f2521fe85a53fe9","Unknown","IG_User_1335874865372334","Unassigned","New","normal","2026-07-12T19:02:07.124Z"
"undefined","6a53e52b7f2521fe85a53fec","Unknown","tauhidvariant","Unassigned","New","normal","2026-07-12T19:04:11.761Z"
"undefined","6a53ec377f2521fe85a612bb","Unknown","IG_User_1367301805339288","Unassigned","New","normal","2026-07-12T19:34:15.787Z"
"undefined","6a53f8897f2521fe85a6556b","Unknown","sa_king_070","Unassigned","New","normal","2026-07-12T20:26:49.321Z"
"undefined","6a53fa667f2521fe85a6556e","Unknown","hashafhus","Unassigned","New","normal","2026-07-12T20:34:46.273Z"
"undefined","6a53faf77f2521fe85a65571","Unknown","rajinasrsulu","Unassigned","New","normal","2026-07-12T20:37:11.909Z"
"undefined","6a53ff827f2521fe85a6b17b","Unknown","IG_User_1073184988368097","Unassigned","New","normal","2026-07-12T20:56:34.119Z"
"undefined","6a5400827f2521fe85a6b7e7","Unknown","IG_User_1543391650559106","Unassigned","New","normal","2026-07-12T21:00:50.148Z"
"undefined","6a5400bc7f2521fe85a6b801","Unknown","j.k.print","Unassigned","New","normal","2026-07-12T21:01:48.510Z"
"undefined","6a5408e37f2521fe85a6b804","Unknown","_er_azhar","Unassigned","New","normal","2026-07-12T21:36:35.117Z"
"undefined","6a5413d87f2521fe85a6b94b","Unknown","IG_User_2169543736950661","Unassigned","New","normal","2026-07-12T22:23:20.518Z"
"undefined","6a5435277f2521fe85a6ba08","Unknown","kapray_india","Unassigned","New","normal","2026-07-13T00:45:27.677Z"
"undefined","6a5439c47f2521fe85a6ba0e","Unknown","md_najemoddin_quazi","Unassigned","New","normal","2026-07-13T01:05:08.839Z"
"undefined","6a5449877f2521fe85a6ba20","Unknown","saman.hasan08","Unassigned","New","normal","2026-07-13T02:12:23.347Z"
"undefined","6a544e5b7f2521fe85a6ba23","Unknown","m6oneworld","Unassigned","New","normal","2026-07-13T02:32:59.744Z"
"undefined","6a5450767f2521fe85a6ba26","Unknown","tauhid_bettu","Unassigned","New","normal","2026-07-13T02:41:58.610Z"
"undefined","6a5450867f2521fe85a6ba29","Unknown","IG_User_1041244224904289","Unassigned","New","normal","2026-07-13T02:42:14.959Z"
"undefined","6a5455907f2521fe85a6ba2c","Unknown","riyaz_tai","Unassigned","New","normal","2026-07-13T03:03:44.308Z"
"undefined","6a5456a67f2521fe85a6ba32","Unknown","landmarkleathers","Unassigned","New","normal","2026-07-13T03:08:22.989Z"
"undefined","6a545ae37f2521fe85a6ba35","Unknown","adilo0m","Unassigned","New","normal","2026-07-13T03:26:27.019Z"
"undefined","6a545e827f2521fe85a6ba38","Unknown","hameed_chowdary","Unassigned","New","normal","2026-07-13T03:41:54.750Z"
"undefined","6a5460de7f2521fe85a6ba3f","Unknown","IG_User_1041312741631213","Unassigned","New","normal","2026-07-13T03:51:58.937Z"
"undefined","6a5467247f2521fe85a6bd59","Unknown","mzm.mzm_","Unassigned","New","normal","2026-07-13T04:18:44.032Z"
"undefined","6a54689d7f2521fe85a6bd5f","Unknown","nawab_zada_05","Unassigned","New","normal","2026-07-13T04:25:01.933Z"
"undefined","6a546fb97f2521fe85a6bd6d","Unknown","hashammail436","Unassigned","New","normal","2026-07-13T04:55:21.179Z"
"undefined","6a5473987f2521fe85a6bd72","Unknown","sunny_khanbgp","Unassigned","New","normal","2026-07-13T05:11:52.306Z"
"undefined","6a5473f97f2521fe85a6bd75","Unknown","danielk0927","Unassigned","New","normal","2026-07-13T05:13:29.982Z"
"undefined","6a5474f87f2521fe85a6bd78","Unknown","IG_User_4513340505595279","Unassigned","New","normal","2026-07-13T05:17:44.852Z"
"undefined","6a5475b47f2521fe85a6bd7b","Unknown","ruman_a3030","Unassigned","New","normal","2026-07-13T05:20:52.026Z"
"undefined","6a5479257f2521fe85a6bd8c","Unknown","asif_dar7","Unassigned","New","normal","2026-07-13T05:35:33.118Z"
"undefined","6a547e9d7f2521fe85a6bd92","Unknown","golden.craft.delights","Unassigned","New","normal","2026-07-13T05:58:53.955Z"
"undefined","6a5483587f2521fe85a6bd9a","Unknown","_javeed__shaik_","Unassigned","New","normal","2026-07-13T06:19:04.107Z"
"undefined","6a548ddc7f2521fe85a6d383","Unknown","umairqidwai1","Unassigned","New","normal","2026-07-13T07:03:56.275Z"
"undefined","6a548e8a7f2521fe85a6d386","Unknown","vahidasaxena","Unassigned","New","normal","2026-07-13T07:06:50.586Z"
"undefined","6a5490ef7f2521fe85a6d389","Unknown","mysticsoul7777","Unassigned","New","normal","2026-07-13T07:17:03.034Z"
"undefined","6a5492687f2521fe85a6d38f","Unknown","saleutsav.bynihasa","Unassigned","New","normal","2026-07-13T07:23:20.847Z"
"undefined","6a54938e7f2521fe85a6d6d0","Unknown","kashmir_car_rentals","Unassigned","New","normal","2026-07-13T07:28:14.224Z"
"undefined","6a549bf67f2521fe85a6dd40","Unknown","thamee2099","Unassigned","New","normal","2026-07-13T08:04:06.883Z"
"undefined","6a549ca77f2521fe85a6dd43","Unknown","kkahmed.67","Unassigned","New","normal","2026-07-13T08:07:03.458Z"
"undefined","6a549fad7f2521fe85a800fd","Unknown","__azhar__111","Unassigned","New","normal","2026-07-13T08:19:57.611Z"
"undefined","6a54a0377f2521fe85a80444","Unknown","nausmfc","Unassigned","New","normal","2026-07-13T08:22:15.725Z"
"undefined","6a54a0837f2521fe85a80447","Unknown","nzama160482","Unassigned","New","normal","2026-07-13T08:23:31.111Z"
"undefined","6a54a71e7f2521fe85a8296b","Unknown","kash___if","Unassigned","New","normal","2026-07-13T08:51:42.022Z"
"undefined","6a54aad57f2521fe85a86c45","Unknown","shah._.sajid","Unassigned","New","normal","2026-07-13T09:07:33.031Z"
"undefined","6a54ab2d7f2521fe85a86c48","Unknown","irrfankh","Unassigned","New","normal","2026-07-13T09:09:01.862Z"
"undefined","6a54b0487f2521fe85a90aff","Unknown","drsyk123","Unassigned","New","normal","2026-07-13T09:30:48.547Z"
"undefined","6a54b8f27f2521fe85a92070","Unknown","rajwant.86","Unassigned","New","normal","2026-07-13T10:07:46.980Z"
"undefined","6a54bc8a7f2521fe85a92b3d","Unknown","nisarshaikhhh","Unassigned","New","normal","2026-07-13T10:23:06.619Z"
"undefined","6a54c6fb7f2521fe85a93bc8","Unknown","thepotter_mtb","Unassigned","New","normal","2026-07-13T11:07:39.266Z"
"undefined","6a54d0497f2521fe85a95d67","Unknown","samivulla3124","Unassigned","New","normal","2026-07-13T11:47:21.306Z"
"undefined","6a54d0997f2521fe85a95d6a","Unknown","IG_User_27337647569179048","Unassigned","New","normal","2026-07-13T11:48:41.244Z"
"undefined","6a54d3437f2521fe85a95da3","Unknown","sardarthahaseen","Unassigned","New","normal","2026-07-13T12:00:03.786Z"
"undefined","6a54d7eb7f2521fe85a9613d","Unknown","ayeshassayed","Unassigned","New","normal","2026-07-13T12:19:55.842Z"
"undefined","6a54dedd7f2521fe85aa41a5","Unknown","strange0532","Unassigned","New","normal","2026-07-13T12:49:33.861Z"
"undefined","6a54deed7f2521fe85aa41a8","Unknown","mhd__rinask","Unassigned","New","normal","2026-07-13T12:49:49.648Z"
"undefined","6a54e4ee7f2521fe85aa645b","Unknown","champ_adnan07","Unassigned","New","normal","2026-07-13T13:15:26.200Z"
"undefined","6a54e56c7f2521fe85aa645e","Unknown","sby1417","Unassigned","New","normal","2026-07-13T13:17:32.994Z"
"undefined","6a54e87f7f2521fe85aa82e1","Unknown","IG_User_1827789928191772","Unassigned","New","normal","2026-07-13T13:30:39.402Z"
"undefined","6a54ea567f2521fe85aa979f","Unknown","aniskazi586","Unassigned","New","normal","2026-07-13T13:38:30.439Z"
"undefined","6a54ea9a7f2521fe85aa97a2","Unknown","hasnain7830","Unassigned","New","normal","2026-07-13T13:39:38.380Z"
"undefined","6a54ecaa7f2521fe85aa97b4","Unknown","razaqaissar","Unassigned","New","normal","2026-07-13T13:48:26.795Z"
"undefined","6a54efb37f2521fe85ab2e57","Unknown","fakhan3065","Unassigned","New","normal","2026-07-13T14:01:23.133Z"
"undefined","6a54f3957f2521fe85ab4e63","Unknown","IG_User_1370267765171674","Unassigned","New","normal","2026-07-13T14:17:57.714Z"
"undefined","6a54f5917f2521fe85ab4f3a","Unknown","iamwkr98","Unassigned","New","normal","2026-07-13T14:26:25.025Z"
"undefined","6a54f7fe7f2521fe85ab501c","Unknown","IG_User_1781087469919622","Unassigned","New","normal","2026-07-13T14:36:46.323Z"
"undefined","6a55026c7f2521fe85ab5487","Unknown","schrodinger.and.her.cat","Unassigned","New","normal","2026-07-13T15:21:16.473Z"
"undefined","6a5503e77f2521fe85ab548a","Unknown","taj_m8","Unassigned","New","normal","2026-07-13T15:27:35.211Z"
"undefined","6a550a4c7f2521fe85ab549c","Unknown","shabanashaikh808","Unassigned","New","normal","2026-07-13T15:54:52.996Z"
"undefined","6a550de87f2521fe85ab5660","Unknown","IG_User_2319208728821001","Unassigned","New","normal","2026-07-13T16:10:16.326Z"
"undefined","6a550e157f2521fe85ab5664","Unknown","faraz_saquib","Unassigned","New","normal","2026-07-13T16:11:01.314Z"
"undefined","6a550f727f2521fe85ab75ba","Unknown","hindi.hindustani","Unassigned","New","normal","2026-07-13T16:16:50.229Z"
"undefined","6a5511fb7f2521fe85ab75c8","Unknown","IG_User_2198278400968388","Unassigned","New","normal","2026-07-13T16:27:39.984Z"
"undefined","6a5519617f2521fe85ab94d6","Unknown","shabbeer_simikeri","Unassigned","New","normal","2026-07-13T16:59:13.291Z"
"undefined","6a5519e27f2521fe85ab94d9","Unknown","harun_ghalib","Unassigned","New","normal","2026-07-13T17:01:22.174Z"
"undefined","6a551a857f2521fe85ab94dd","Unknown","anassayyed","Unassigned","New","normal","2026-07-13T17:04:05.723Z"
"undefined","6a551b0e7f2521fe85abb367","Unknown","chef_shumail_official","Unassigned","New","normal","2026-07-13T17:06:22.862Z"
"undefined","6a551b4f7f2521fe85abb36a","Unknown","shariq.khan.397948","Unassigned","New","normal","2026-07-13T17:07:27.403Z"
"undefined","6a551cba7f2521fe85abb36f","Unknown","za_12131","Unassigned","New","normal","2026-07-13T17:13:30.991Z"
"undefined","6a551dab7f2521fe85abb378","Unknown","IG_User_986830951022236","Unassigned","New","normal","2026-07-13T17:17:31.095Z"
"undefined","6a5520747f2521fe85abbd86","Unknown","jeelanbaig08","Unassigned","New","normal","2026-07-13T17:29:24.426Z"
"undefined","6a55243c7f2521fe85abdc0e","Unknown","msabdulkhan","Unassigned","New","normal","2026-07-13T17:45:32.064Z"
"undefined","6a5528307f2521fe85ac37a6","Unknown","mudassirsarve","Unassigned","New","normal","2026-07-13T18:02:24.978Z"
"undefined","6a552cab7f2521fe85ac37a9","Unknown","ovais62324","Unassigned","New","normal","2026-07-13T18:21:31.511Z"
"undefined","6a5536367f2521fe85ac6f64","Unknown","rab_instaa","Unassigned","New","normal","2026-07-13T19:02:14.274Z"
"undefined","6a5538647f2521fe85ac6f67","Unknown","israsayied","Unassigned","New","normal","2026-07-13T19:11:32.010Z"
"undefined","6a55388f7f2521fe85ac6f6a","Unknown","junaid.sk_","Unassigned","New","normal","2026-07-13T19:12:15.298Z"
"undefined","6a55397d7f2521fe85ac6f6d","Unknown","habibjiofficial","Unassigned","New","normal","2026-07-13T19:16:13.115Z"
"undefined","6a553cb07f2521fe85ac6f70","Unknown","mohammedaliiquath","Unassigned","New","normal","2026-07-13T19:29:52.656Z"
"undefined","6a553e097f2521fe85ac6f73","Unknown","thekolkataenterprise","Unassigned","New","normal","2026-07-13T19:35:37.984Z"
"undefined","6a55427b7f2521fe85ac6f95","Unknown","khansama_biryanii","Unassigned","New","normal","2026-07-13T19:54:35.510Z"
"undefined","6a554b2c7f2521fe85ac6f9e","Unknown","nikhitarethinam2023","Unassigned","New","normal","2026-07-13T20:31:40.862Z"
"undefined","6a556d9b7f2521fe85ac6fb4","Unknown","IG_User_2267019657469242","Unassigned","New","normal","2026-07-13T22:58:35.554Z"
"undefined","6a557a9d7f2521fe85ae9911","Unknown","sarsharsayyed","Unassigned","New","normal","2026-07-13T23:54:05.624Z"
"undefined","6a5580e67f2521fe85ae9916","Unknown","shivi992924","Unassigned","New","normal","2026-07-14T00:20:54.676Z"
"undefined","6a558b677f2521fe85ae991b","Unknown","sj_not_1","Unassigned","New","normal","2026-07-14T01:05:43.929Z"
"undefined","6a5593e27f2521fe85ae991e","Unknown","abdullah_umama0428","Unassigned","New","normal","2026-07-14T01:41:54.506Z"
"undefined","6a5595cf7f2521fe85ae9921","Unknown","faqhre_aalam","Unassigned","New","normal","2026-07-14T01:50:07.484Z"
"undefined","6a55a2677f2521fe85ae9925","Unknown","akbr_387","Unassigned","New","normal","2026-07-14T02:43:51.999Z"
"undefined","6a55a7487f2521fe85ae9928","Unknown","arshadhasan9","Unassigned","New","normal","2026-07-14T03:04:40.510Z"
"undefined","6a55a98c7f2521fe85ae992b","Unknown","_mohamed_asik","Unassigned","New","normal","2026-07-14T03:14:20.708Z"
"undefined","6a55a9be7f2521fe85ae992e","Unknown","IG_User_4297860163799527","Unassigned","New","normal","2026-07-14T03:15:10.186Z"
"undefined","6a55b4357f2521fe85ae9940","Unknown","fahimsayed92","Unassigned","New","normal","2026-07-14T03:59:49.094Z"
"undefined","6a55b47b7f2521fe85ae9943","Unknown","IG_User_1464446732370809","Unassigned","New","normal","2026-07-14T04:00:59.705Z"
"undefined","6a55ba707f2521fe85ae9960","Unknown","IG_User_2101990324079479","Unassigned","New","normal","2026-07-14T04:26:24.911Z"
"undefined","6a55bc207f2521fe85ae9969","Unknown","asif_khan_0578","Unassigned","New","normal","2026-07-14T04:33:36.463Z"
"undefined","6a55c1d17f2521fe85ae996c","Unknown","khann1318","Unassigned","New","normal","2026-07-14T04:57:53.088Z"
"undefined","6a55d5fd7f2521fe85aea322","Unknown","realmaxweld","Unassigned","New","normal","2026-07-14T06:23:57.631Z"
"undefined","6a55e2ae7f2521fe85b02db8","Unknown","tour_guideindia","Unassigned","New","normal","2026-07-14T07:18:06.192Z"
"undefined","6a55e68e7f2521fe85b0ca90","Unknown","mohammed.idrise.56","Unassigned","New","normal","2026-07-14T07:34:38.702Z"
"undefined","6a55e9a67f2521fe85b0d3bb","Unknown","amen.a7346","Unassigned","New","normal","2026-07-14T07:47:50.626Z"
"undefined","6a55ebdf7f2521fe85b0d608","Unknown","ziyaalam2048","Unassigned","New","normal","2026-07-14T07:57:19.302Z"
"undefined","6a55f0ac7f2521fe85b0d60b","Unknown","IG_User_1009906175362125","Unassigned","New","normal","2026-07-14T08:17:48.745Z"
"undefined","6a55f5a17f2521fe85b136e2","Unknown","remo_feel","Unassigned","New","normal","2026-07-14T08:38:57.292Z"
"undefined","6a55ffb57f2521fe85b155ae","Unknown","hafezmuhammadmazhar","Unassigned","New","normal","2026-07-14T09:21:57.147Z"
"undefined","6a5601207f2521fe85b155b1","Unknown","saadbinsalam","Unassigned","New","normal","2026-07-14T09:28:00.526Z"
"undefined","6a56068c7f2521fe85b15fd5","Unknown","thesadiqahmed","Unassigned","New","normal","2026-07-14T09:51:08.466Z"
"undefined","6a5608ab7f2521fe85b15fdb","Unknown","looser_explorer","Unassigned","New","normal","2026-07-14T10:00:11.867Z"
"undefined","6a560cf17f2521fe85b17f48","Unknown","IG_User_1559046479205424","Unassigned","New","normal","2026-07-14T10:18:25.444Z"
"undefined","6a560e337f2521fe85b18b8e","Unknown","kamkazi21","Unassigned","New","normal","2026-07-14T10:23:47.036Z"
"undefined","6a5619f37f2521fe85b1aa5e","Unknown","sfb8418","Unassigned","New","normal","2026-07-14T11:13:55.647Z"
"undefined","6a561a1f7f2521fe85b1aa61","Unknown","tashikanihu","Unassigned","New","normal","2026-07-14T11:14:39.905Z"
"undefined","6a561d237f2521fe85b1aa65","Unknown","chandni4karofer","Unassigned","New","normal","2026-07-14T11:27:31.926Z"
"undefined","6a5620067f2521fe85b1aa68","Unknown","IG_User_1037671668781401","Unassigned","New","normal","2026-07-14T11:39:50.626Z"
"undefined","6a562de27f2521fe85b2c3a9","Unknown","IG_User_1361367826091590","Unassigned","New","normal","2026-07-14T12:38:58.685Z"
"undefined","6a562ec67f2521fe85b2c3ad","Unknown","v_mohammed_zulqarnain","Unassigned","New","normal","2026-07-14T12:42:46.909Z"
"undefined","6a56301e7f2521fe85b2c3b0","Unknown","IG_User_1054211443783659","Unassigned","New","normal","2026-07-14T12:48:30.035Z"
"undefined","6a5631767f2521fe85b2c3b4","Unknown","IG_User_1697470754704567","Unassigned","New","normal","2026-07-14T12:54:14.174Z"
"undefined","6a5635dc7f2521fe85b2c3b7","Unknown","sakinakhan4060","Unassigned","New","normal","2026-07-14T13:13:00.914Z"
"undefined","6a5638322e2b0d7be9dc6bc9","Unknown","tabishibrahim313","Unassigned","New","normal","2026-07-14T13:22:58.503Z"
"undefined","6a5645f62e2b0d7be9dcbcb1","Unknown","ammad.a.ansari","Unassigned","New","normal","2026-07-14T14:21:42.785Z"
"undefined","6a5651bb2e2b0d7be9dcc28c","Unknown","muzammil_hussain8800","Unassigned","New","normal","2026-07-14T15:11:55.942Z"
"undefined","6a5652b42e2b0d7be9dcc290","Unknown","IG_User_1003927439025320","Unassigned","New","normal","2026-07-14T15:16:04.836Z"
"undefined","6a5655632e2b0d7be9dcc2a1","Unknown","swaleh_o_o","Unassigned","New","normal","2026-07-14T15:27:31.153Z"
"undefined","6a5656012e2b0d7be9dcc2a4","Unknown","munnu82086","Unassigned","New","normal","2026-07-14T15:30:09.556Z"
"undefined","6a5656f22e2b0d7be9dcc2a9","Unknown","_race_angel_07_","Unassigned","New","normal","2026-07-14T15:34:10.702Z"
"undefined","6a5659b42e2b0d7be9dcc2af","Unknown","mohammad_waheeduddin","Unassigned","New","normal","2026-07-14T15:45:56.408Z"
"undefined","6a565ad42e2b0d7be9dcc2ef","Unknown","fazilrkhan","Unassigned","New","normal","2026-07-14T15:50:44.370Z"
"undefined","6a565e982e2b0d7be9dcc2fc","Unknown","IG_User_1822615762478606","Unassigned","New","normal","2026-07-14T16:06:48.502Z"
"undefined","6a5660342e2b0d7be9dcc300","Unknown","abdulmannan6122","Unassigned","New","normal","2026-07-14T16:13:40.892Z"
"undefined","6a56613b2e2b0d7be9dcc311","Unknown","_aazad_sadia_","Unassigned","New","normal","2026-07-14T16:18:03.442Z"
"undefined","6a56650a2e2b0d7be9dcc34d","Unknown","ariffindia","Unassigned","New","normal","2026-07-14T16:34:18.560Z"
"undefined","6a56651e2e2b0d7be9dcc350","Unknown","bsnstimes","Unassigned","New","normal","2026-07-14T16:34:38.259Z"
"undefined","6a5666a52e2b0d7be9dcc354","Unknown","IG_User_1558372655937162","Unassigned","New","normal","2026-07-14T16:41:09.095Z"
"undefined","6a5667952e2b0d7be9dcc357","Unknown","IG_User_1011971261631184","Unassigned","New","normal","2026-07-14T16:45:09.152Z"
"undefined","6a566d6d2e2b0d7be9dcc384","Unknown","shammohtashim","Unassigned","New","normal","2026-07-14T17:10:05.556Z"
"undefined","6a566d782e2b0d7be9dcc387","Unknown","IG_User_2448666952266280","Unassigned","New","normal","2026-07-14T17:10:16.205Z"
"undefined","6a566dcd2e2b0d7be9dcc38b","Unknown","IG_User_1535640397929655","Unassigned","New","normal","2026-07-14T17:11:41.454Z"
"undefined","6a5670ec2e2b0d7be9dcc391","Unknown","muqeetmr.abdul","Unassigned","New","normal","2026-07-14T17:25:00.996Z"
"undefined","6a5673142e2b0d7be9dcc39b","Unknown","potato_poetries","Unassigned","New","normal","2026-07-14T17:34:12.531Z"
"undefined","6a5673fb2e2b0d7be9dcc39e","Unknown","afraz_gr","Unassigned","New","normal","2026-07-14T17:38:03.544Z"
"undefined","6a5675912e2b0d7be9dcc3a2","Unknown","aman_shaikh1986","Unassigned","New","normal","2026-07-14T17:44:49.168Z"
"undefined","6a56794e2e2b0d7be9dccf1f","Unknown","IG_User_4332749816990170","Unassigned","New","normal","2026-07-14T18:00:46.433Z"
"undefined","6a567a632e2b0d7be9dcd251","Unknown","mithaniirshad","Unassigned","New","normal","2026-07-14T18:05:23.102Z"
"undefined","6a567bfc2e2b0d7be9dcd64e","Unknown","mohammadbinanwar01","Unassigned","New","normal","2026-07-14T18:12:12.311Z"
"undefined","6a567f452e2b0d7be9dcd72d","Unknown","ahmed0257","Unassigned","New","normal","2026-07-14T18:26:13.703Z"
"undefined","6a5680c92e2b0d7be9dce216","Unknown","umar_hushye","Unassigned","New","normal","2026-07-14T18:32:41.522Z"
"undefined","6a5683732e2b0d7be9dce21f","Unknown","md.ishtiaque52","Unassigned","New","normal","2026-07-14T18:44:03.065Z"
"undefined","6a56840c2e2b0d7be9dce222","Unknown","mohammed_majeed_0017","Unassigned","New","normal","2026-07-14T18:46:36.932Z"
"undefined","6a5684532e2b0d7be9dce225","Unknown","nooruddin1927","Unassigned","New","normal","2026-07-14T18:47:47.880Z"
"undefined","6a5687512e2b0d7be9de5569","Unknown","sheikalsafa04","Unassigned","New","normal","2026-07-14T19:00:33.877Z"
"undefined","6a56877e2e2b0d7be9de556c","Unknown","asif_asif_.927","Unassigned","New","normal","2026-07-14T19:01:18.152Z"
"undefined","6a5690d92e2b0d7be9df8b20","Unknown","rozeat_official","Unassigned","New","normal","2026-07-14T19:41:13.256Z"
"undefined","6a56910b2e2b0d7be9df8b23","Unknown","IG_User_1594815488644794","Unassigned","New","normal","2026-07-14T19:42:03.723Z"
"undefined","6a5691722e2b0d7be9df8b26","Unknown","umair8234","Unassigned","New","normal","2026-07-14T19:43:46.285Z"
"undefined","6a5691822e2b0d7be9df8b29","Unknown","hashmi86761","Unassigned","New","normal","2026-07-14T19:44:02.452Z"
"undefined","6a56945d2e2b0d7be9df8b2c","Unknown","shoeb.ghori","Unassigned","New","normal","2026-07-14T19:56:13.635Z"
"undefined","6a56997f2e2b0d7be9dfc9d4","Unknown","aziz_inamdar","Unassigned","New","normal","2026-07-14T20:18:07.336Z"
"undefined","6a56a0bc2e2b0d7be9dfdbab","Unknown","ausaf_ummati","Unassigned","New","normal","2026-07-14T20:49:00.473Z"
"undefined","6a56a2c42e2b0d7be9dfdbae","Unknown","f.ardeennn","Unassigned","New","normal","2026-07-14T20:57:40.143Z"
"undefined","6a56a59e2e2b0d7be9dfdbb3","Unknown","shazia_shazz_","Unassigned","New","normal","2026-07-14T21:09:50.390Z"
"undefined","6a56a7152e2b0d7be9dfdbb6","Unknown","IG_User_1001411376211568","Unassigned","New","normal","2026-07-14T21:16:05.815Z"
"undefined","6a56aac42e2b0d7be9dfdbba","Unknown","IG_User_999946612665115","Unassigned","New","normal","2026-07-14T21:31:48.117Z"
"undefined","6a56af422e2b0d7be9dfdbbd","Unknown","riha__0007","Unassigned","New","normal","2026-07-14T21:50:58.052Z"
"undefined","6a56b6942e2b0d7be9dfdbc2","Unknown","shaik_akber2000","Unassigned","New","normal","2026-07-14T22:22:12.989Z"
"undefined","6a56bb962e2b0d7be9dfdbc5","Unknown","ai_web_solutions","Unassigned","New","normal","2026-07-14T22:43:34.934Z"
"undefined","6a56bee02e2b0d7be9dfdbc8","Unknown","zia.shahzad","Unassigned","New","normal","2026-07-14T22:57:36.878Z"
"undefined","6a56c7a02e2b0d7be9dfdbd1","Unknown","irfanshaikh.4286","Unassigned","New","normal","2026-07-14T23:34:56.080Z"
"undefined","6a56c8ae2e2b0d7be9dfdbd4","Unknown","raheel189","Unassigned","New","normal","2026-07-14T23:39:26.527Z"
"undefined","6a56cd262e2b0d7be9dfdbd7","Unknown","lost.romeo9","Unassigned","New","normal","2026-07-14T23:58:30.966Z"
"undefined","6a56e3332e2b0d7be9dfdc28","Unknown","nabeel.mohiuddin","Unassigned","New","normal","2026-07-15T01:32:35.525Z"
"undefined","6a56e3fb2e2b0d7be9dfdc2f","Unknown","abuabdullah8603","Unassigned","New","normal","2026-07-15T01:35:55.559Z"
"undefined","6a56e41d2e2b0d7be9dfdc32","Unknown","islamzeeshan8","Unassigned","New","normal","2026-07-15T01:36:29.420Z"
"undefined","6a56e54b2e2b0d7be9dfdc39","Unknown","rabthajikjan","Unassigned","New","normal","2026-07-15T01:41:31.558Z"
"undefined","6a56e81f2e2b0d7be9dfdc42","Unknown","IG_User_994425963419717","Unassigned","New","normal","2026-07-15T01:53:35.995Z"
"undefined","6a56e98d2e2b0d7be9dfdc45","Unknown","IG_User_1697667551467913","Unassigned","New","normal","2026-07-15T01:59:41.050Z"
"undefined","6a56f0ab2e2b0d7be9dfdc50","Unknown","aliarnie69","Unassigned","New","normal","2026-07-15T02:30:03.512Z"
"undefined","6a56f0da2e2b0d7be9dfdc53","Unknown","noormd1985","Unassigned","New","normal","2026-07-15T02:30:50.998Z"
"undefined","6a56f34e2e2b0d7be9dfdc5a","Unknown","irfu_bin_rafeeq","Unassigned","New","normal","2026-07-15T02:41:18.206Z"
"undefined","6a56f3d32e2b0d7be9dfdc5d","Unknown","aamer_saudagar","Unassigned","New","normal","2026-07-15T02:43:31.763Z"
"undefined","6a56f8702e2b0d7be9e19590","Unknown","IG_User_1059777543053555","Unassigned","New","normal","2026-07-15T03:03:12.953Z"
"undefined","6a56fe892e2b0d7be9e1959f","Unknown","ishaque_mohammed92","Unassigned","New","normal","2026-07-15T03:29:13.743Z"
"undefined","6a57015d2e2b0d7be9e195b3","Unknown","amjadkhanhyderabad","Unassigned","New","normal","2026-07-15T03:41:17.435Z"
"undefined","6a57019d2e2b0d7be9e195b6","Unknown","IG_User_2503701113465032","Unassigned","New","normal","2026-07-15T03:42:21.431Z"
"undefined","6a5704a82e2b0d7be9e195b9","Unknown","aejazali1987","Unassigned","New","normal","2026-07-15T03:55:20.372Z"
"undefined","6a5707ac2e2b0d7be9e195d0","Unknown","code_guardian7","Unassigned","New","normal","2026-07-15T04:08:12.038Z"
"undefined","6a570ce62e2b0d7be9e1cfc4","Unknown","ayeshafatmah","Unassigned","New","normal","2026-07-15T04:30:30.986Z"
"undefined","6a5711aa2e2b0d7be9e1cfd4","Unknown","genzhyderabadi","Unassigned","New","normal","2026-07-15T04:50:50.108Z"
"undefined","6a5715422e2b0d7be9e1d1bc","Unknown","mohammadallarakha","Unassigned","New","normal","2026-07-15T05:06:10.304Z"
"undefined","6a5716d02e2b0d7be9e1daba","Unknown","umar_.khan.07","Unassigned","New","normal","2026-07-15T05:12:48.717Z"
"undefined","6a57173d2e2b0d7be9e1dabd","Unknown","IG_User_27579284041692125","Unassigned","New","normal","2026-07-15T05:14:37.614Z"
"undefined","6a5718592e2b0d7be9e1eca3","Unknown","its_me_asrar.ahmed.m","Unassigned","New","normal","2026-07-15T05:19:21.808Z"
"undefined","6a571cde2e2b0d7be9e21d84","Unknown","imamsubhani_shaik","Unassigned","New","normal","2026-07-15T05:38:38.345Z"
"undefined","6a571d012e2b0d7be9e21d8b","Unknown","irsha_dahmed1974","Unassigned","New","normal","2026-07-15T05:39:13.770Z"
"undefined","6a57231a2e2b0d7be9e24cef","Unknown","moeserkall","Unassigned","New","normal","2026-07-15T06:05:14.552Z"
"undefined","6a572ac52e2b0d7be9e25173","Unknown","bodhbuddha","Unassigned","New","normal","2026-07-15T06:37:57.790Z"
"undefined","6a572b352e2b0d7be9e25182","Unknown","shamim_iqubal","Unassigned","New","normal","2026-07-15T06:39:49.057Z"
"undefined","6a5732532e2b0d7be9e2a706","Unknown","zohra.013","Unassigned","New","normal","2026-07-15T07:10:11.383Z"
"undefined","6a57369e2e2b0d7be9e2b158","Unknown","IG_User_2056511751906886","Unassigned","New","normal","2026-07-15T07:28:30.326Z"
"undefined","6a573f572e2b0d7be9e42d99","Unknown","shakersyed","Unassigned","New","normal","2026-07-15T08:05:43.483Z"
"undefined","6a5741fd2e2b0d7be9e437fb","Unknown","ahamed.2323","Unassigned","New","normal","2026-07-15T08:17:01.052Z"
"undefined","6a5744c02e2b0d7be9e43adb","Unknown","farhanaaz417","Unassigned","New","normal","2026-07-15T08:28:48.842Z"
"undefined","6a5745b22e2b0d7be9e43bfa","Unknown","afham_rahman789","Unassigned","New","normal","2026-07-15T08:32:50.423Z"
"undefined","6a5749262e2b0d7be9e45cd1","Unknown","afsana.sayyed2311","Unassigned","New","normal","2026-07-15T08:47:34.199Z"
"undefined","6a574b402e2b0d7be9e46002","Unknown","salahuddin____sk","Unassigned","New","normal","2026-07-15T08:56:32.777Z"
"undefined","6a574d4a2e2b0d7be9e46022","Unknown","IG_User_1036942565480796","Unassigned","New","normal","2026-07-15T09:05:14.579Z"
"undefined","6a574e232e2b0d7be9e4602c","Unknown","neelamdollyk87","Unassigned","New","normal","2026-07-15T09:08:51.158Z"
"undefined","6a574f002e2b0d7be9e46144","Unknown","nizambbc","Unassigned","New","normal","2026-07-15T09:12:32.996Z"
"undefined","6a5752d12e2b0d7be9e4666f","Unknown","ishrath4558","Unassigned","New","normal","2026-07-15T09:28:49.742Z"
"undefined","6a575f742e2b0d7be9e475ea","Unknown","mohdbasheer6616","Unassigned","New","normal","2026-07-15T10:22:44.276Z"
"undefined","6a575ff12e2b0d7be9e4887a","Unknown","rizwan.ashraf786","Unassigned","New","normal","2026-07-15T10:24:49.844Z"
"undefined","6a5761102e2b0d7be9e48df9","Unknown","IG_User_1684862579405978","Unassigned","New","normal","2026-07-15T10:29:36.559Z"
"undefined","6a5766462e2b0d7be9e54e79","Unknown","sohaill_lz","Unassigned","New","normal","2026-07-15T10:51:50.261Z"
"undefined","6a5767ba2e2b0d7be9e56ab1","Unknown","maruf8810","Unassigned","New","normal","2026-07-15T10:58:02.370Z"
"undefined","6a5769162e2b0d7be9e56d30","Unknown","mshajahaninsta","Unassigned","New","normal","2026-07-15T11:03:50.400Z"
"undefined","6a576fac2e2b0d7be9e6094d","Unknown","sakina_chem","Unassigned","New","normal","2026-07-15T11:31:56.016Z"
"undefined","6a5770a92e2b0d7be9e612e0","Unknown","as_rameez","Unassigned","New","normal","2026-07-15T11:36:09.074Z"
"undefined","6a5771dc2e2b0d7be9e612e3","Unknown","siraj.ahmad14","Unassigned","New","normal","2026-07-15T11:41:16.281Z"
"undefined","6a5772532e2b0d7be9e62037","Unknown","IG_User_1689765132279350","Unassigned","New","normal","2026-07-15T11:43:15.660Z"
"undefined","6a5773bd2e2b0d7be9e622b2","Unknown","IG_User_1402453978460697","Unassigned","New","normal","2026-07-15T11:49:17.574Z"
"undefined","6a5773ec2e2b0d7be9e622b6","Unknown","imartist.05","Unassigned","New","normal","2026-07-15T11:50:04.020Z"
"undefined","6a5775412e2b0d7be9e624e8","Unknown","kawasakiz_z900","Unassigned","New","normal","2026-07-15T11:55:45.146Z"
"undefined","6a57818c2e2b0d7be9e6486f","Unknown","n0um44n","Unassigned","New","normal","2026-07-15T12:48:12.739Z"
"undefined","6a578c0a2e2b0d7be9e650de","Unknown","fabcosfurniture","Unassigned","New","normal","2026-07-15T13:32:58.414Z"
"undefined","6a5790322e2b0d7be9e67c8a","Unknown","IG_User_1622399316159359","Unassigned","New","normal","2026-07-15T13:50:42.660Z"
"undefined","6a5791002e2b0d7be9e6812b","Unknown","uzair.x.7","Unassigned","New","normal","2026-07-15T13:54:08.599Z"
"undefined","6a5797b12e2b0d7be9e68d3d","Unknown","IG_User_1849191166056632","Unassigned","New","normal","2026-07-15T14:22:41.450Z"
"undefined","6a5799ac2e2b0d7be9e68d40","Unknown","mun33r2020","Unassigned","New","normal","2026-07-15T14:31:08.763Z"
"undefined","6a5799c32e2b0d7be9e68d43","Unknown","IG_User_2068533197061572","Unassigned","New","normal","2026-07-15T14:31:31.923Z"
"undefined","6a579a4d2e2b0d7be9e68d47","Unknown","abu_advocate","Unassigned","New","normal","2026-07-15T14:33:49.390Z"
"undefined","6a579f312e2b0d7be9e69f60","Unknown","rasheed0074u","Unassigned","New","normal","2026-07-15T14:54:41.030Z"
"undefined","6a57a06c2e2b0d7be9e69f65","Unknown","IG_User_1020144214055104","Unassigned","New","normal","2026-07-15T14:59:56.135Z"
"undefined","6a57a2c12e2b0d7be9e69f6f","Unknown","mujeebm.a7","Unassigned","New","normal","2026-07-15T15:09:53.460Z"
"undefined","6a57ac522e2b0d7be9e6c10d","Unknown","IG_User_1560533459102447","Unassigned","New","normal","2026-07-15T15:50:42.955Z"
"undefined","6a57b0252e2b0d7be9e6d826","Unknown","swaggerr2.0","Unassigned","New","normal","2026-07-15T16:07:01.118Z"
"undefined","6a57b6012e2b0d7be9e6df6e","Unknown","shoaibiw","Unassigned","New","normal","2026-07-15T16:32:01.041Z"
"undefined","6a57bd152e2b0d7be9e6e4b3","Unknown","mubasheer479","Unassigned","New","normal","2026-07-15T17:02:13.029Z"
"undefined","6a57bdf12e2b0d7be9e6e4b6","Unknown","mizaaninvoice","Unassigned","New","normal","2026-07-15T17:05:53.192Z"
"undefined","6a57beab2e2b0d7be9e6e4b9","Unknown","IG_User_1403807598365028","Unassigned","New","normal","2026-07-15T17:08:59.899Z"
"undefined","6a57c2f12e2b0d7be9e6ee55","Unknown","_mr_khan._.002","Unassigned","New","normal","2026-07-15T17:27:13.142Z"
"undefined","6a57c5c52e2b0d7be9e714ad","Unknown","IG_User_27613062518361691","Unassigned","New","normal","2026-07-15T17:39:17.629Z"
"undefined","6a57c5cb2e2b0d7be9e714b2","Unknown","IG_User_1781167396597619","Unassigned","New","normal","2026-07-15T17:39:23.868Z"
"undefined","6a57c7442e2b0d7be9e74d10","Unknown","m_a_majeed123","Unassigned","New","normal","2026-07-15T17:45:40.269Z"
"undefined","6a57c8f72e2b0d7be9e74d23","Unknown","true_health_daily","Unassigned","New","normal","2026-07-15T17:52:55.850Z"
"undefined","6a57cb5d2e2b0d7be9e752d7","Unknown","IG_User_954981690926257","Unassigned","New","normal","2026-07-15T18:03:09.564Z"
"undefined","6a57cd312e2b0d7be9e75739","Unknown","vaseeqh06","Unassigned","New","normal","2026-07-15T18:10:57.627Z"
"undefined","6a57d0912e2b0d7be9e75746","Unknown","sdaslam1","Unassigned","New","normal","2026-07-15T18:25:21.491Z"
"undefined","6a57d1192e2b0d7be9e75749","Unknown","aslamkbd123","Unassigned","New","normal","2026-07-15T18:27:37.368Z"
"undefined","6a57d3a62e2b0d7be9e7844c","Unknown","md._amirshaikh8560","Unassigned","New","normal","2026-07-15T18:38:30.676Z"
"undefined","6a57d5c12e2b0d7be9e78459","Unknown","IG_User_1491083366372962","Unassigned","New","normal","2026-07-15T18:47:29.015Z"
"undefined","6a57d8392e2b0d7be9e78469","Unknown","IG_User_1356016316485581","Unassigned","New","normal","2026-07-15T18:58:01.801Z"
"undefined","6a57d8b32e2b0d7be9e7846d","Unknown","shahjamalqasim","Unassigned","New","normal","2026-07-15T19:00:03.617Z"
"undefined","6a57dae42e2b0d7be9e7a14a","Unknown","IG_User_948158084934800","Unassigned","New","normal","2026-07-15T19:09:24.705Z"
"undefined","6a57dc432e2b0d7be9e7a15b","Unknown","sahil_shaik1","Unassigned","New","normal","2026-07-15T19:15:15.903Z"
"undefined","6a57e01d2e2b0d7be9e7aaf8","Unknown","467.mahasin","Unassigned","New","normal","2026-07-15T19:31:41.414Z"
"undefined","6a57e9192e2b0d7be9e8bdf0","Unknown","IG_User_1035298572238961","Unassigned","New","normal","2026-07-15T20:10:01.971Z"
"undefined","6a57fd7a2e2b0d7be9e8e618","Unknown","azhars1500","Unassigned","New","normal","2026-07-15T21:36:58.960Z"
"undefined","6a5808b62e2b0d7be9e8e626","Unknown","IG_User_1707326060476955","Unassigned","New","normal","2026-07-15T22:24:54.465Z"
"undefined","6a5827f42e2b0d7be9e8e64d","Unknown","abdul1312005","Unassigned","New","normal","2026-07-16T00:38:12.313Z"
"undefined","6a5836812e2b0d7be9e8e655","Unknown","zdhanse","Unassigned","New","normal","2026-07-16T01:40:17.898Z"
"undefined","6a5836fe2e2b0d7be9e8e658","Unknown","IG_User_2151164072095271","Unassigned","New","normal","2026-07-16T01:42:22.694Z"
"undefined","6a58381a2e2b0d7be9e8e65c","Unknown","IG_User_1728612291925861","Unassigned","New","normal","2026-07-16T01:47:06.135Z"
"undefined","6a583c3e2e2b0d7be9e8e665","Unknown","mohd2946076","Unassigned","New","normal","2026-07-16T02:04:46.533Z"
"undefined","6a583ddc2e2b0d7be9e8e66b","Unknown","azamm456","Unassigned","New","normal","2026-07-16T02:11:40.657Z"
"undefined","6a583fb92e2b0d7be9e8e671","Unknown","_mdsalman__","Unassigned","New","normal","2026-07-16T02:19:37.675Z"
"undefined","6a5841f72e2b0d7be9e8e674","Unknown","IG_User_1032080882758564","Unassigned","New","normal","2026-07-16T02:29:11.563Z"
"undefined","6a5849ef2e2b0d7be9e8e68e","Unknown","IG_User_1041787411601684","Unassigned","New","normal","2026-07-16T03:03:11.852Z"
"undefined","6a584d5b2e2b0d7be9e8e693","Unknown","rianavisainternational","Unassigned","New","normal","2026-07-16T03:17:47.077Z"
"undefined","6a5856712e2b0d7be9e8e6a8","Unknown","khan.arshuddin","Unassigned","New","normal","2026-07-16T03:56:33.628Z"
"undefined","6a585d9c2e2b0d7be9e8e6ab","Unknown","nizamrcl","Unassigned","New","normal","2026-07-16T04:27:08.482Z"
"undefined","6a585e782e2b0d7be9e91e4d","Unknown","haidadesalman","Unassigned","New","normal","2026-07-16T04:30:48.303Z"
"undefined","6a58672d2e2b0d7be9ea3b13","Unknown","abdullahbukshspeaks","Unassigned","New","normal","2026-07-16T05:07:57.935Z"
"undefined","6a5874342e2b0d7be9ea6060","Unknown","makeupby___zoya","Unassigned","New","normal","2026-07-16T06:03:32.460Z"
"undefined","6a5875c72e2b0d7be9ea6063","Unknown","IG_User_1385630926818619","Unassigned","New","normal","2026-07-16T06:10:15.663Z"
"undefined","6a5885a3683eb940286fb825","Unknown","ssoundsleep","Unassigned","New","normal","2026-07-16T07:17:55.095Z"
"undefined","6a58865b683eb940286fb829","Unknown","md.sajid6629","Unassigned","New","normal","2026-07-16T07:20:59.174Z"
"undefined","6a5894f3683eb94028700a0f","Unknown","IG_User_1874145740427058","Unassigned","New","normal","2026-07-16T08:23:15.471Z"
"undefined","6a589d2f683eb9402870c8da","Unknown","junaidansari0077","Unassigned","New","normal","2026-07-16T08:58:23.850Z"
"undefined","6a589f7e683eb9402870dd0b","Unknown","IG_User_1346599977443215","Unassigned","New","normal","2026-07-16T09:08:14.186Z"
"undefined","6a589f8d683eb9402870dd0e","Unknown","saher.khurram_","Unassigned","New","normal","2026-07-16T09:08:29.046Z"
"undefined","6a58a575683eb9402870f090","Unknown","IG_User_4338940793032697","Unassigned","New","normal","2026-07-16T09:33:41.938Z"
"undefined","6a58af7d683eb9402871062b","Unknown","mr.mubeen.officail","Unassigned","New","normal","2026-07-16T10:16:29.452Z"
"undefined","6a58afd9683eb9402871062e","Unknown","sam1996az","Unassigned","New","normal","2026-07-16T10:18:01.247Z"
"undefined","6a58b163683eb940287108b7","Unknown","ozildalal","Unassigned","New","normal","2026-07-16T10:24:35.377Z"
"undefined","6a58b9a7683eb9402871182e","Unknown","IG_User_1588453252876148","Unassigned","New","normal","2026-07-16T10:59:51.773Z"
"undefined","6a58ca4b683eb940287143ca","Unknown","IG_User_1017743240851731","Unassigned","New","normal","2026-07-16T12:10:51.136Z"
"undefined","6a58cc49683eb940287143cd","Unknown","sajid_khan_900","Unassigned","New","normal","2026-07-16T12:19:21.910Z"
"undefined","6a58d3ae683eb9402871b2f0","Unknown","IG_User_1571830087969520","Unassigned","New","normal","2026-07-16T12:50:54.991Z"
"undefined","6a58d7ad683eb9402871ba41","Unknown","IG_User_884705318026979","Unassigned","New","normal","2026-07-16T13:07:57.527Z"
"undefined","6a58de33683eb9402871c8b7","Unknown","IG_User_1975703106406002","Unassigned","New","normal","2026-07-16T13:35:47.910Z"
"undefined","6a58e497683eb9402871f5c0","Unknown","touhid._.m","Unassigned","New","normal","2026-07-16T14:03:03.089Z"
"undefined","6a58e83d683eb940287202de","Unknown","consultantroshan","Unassigned","New","normal","2026-07-16T14:18:37.583Z"
"undefined","6a58fef2683eb940287272ed","Unknown","reeta_raani23","Unassigned","New","normal","2026-07-16T15:55:30.852Z"
"undefined","6a590bc1683eb940287294ec","Unknown","IG_User_1752246949107411","Unassigned","New","normal","2026-07-16T16:50:09.093Z"
"undefined","6a590da0683eb94028729c4a","Unknown","i_mjinn","Unassigned","New","normal","2026-07-16T16:58:08.640Z"
"undefined","6a592003683eb9402872c168","Unknown","IG_User_4118480595123546","Unassigned","New","normal","2026-07-16T18:16:35.096Z"
"undefined","6a5922d0683eb9402872cc15","Unknown","syedabubakar20","Unassigned","New","normal","2026-07-16T18:28:32.269Z"
"undefined","6a5928e4683eb9402873f69d","Unknown","wolf_4700","Unassigned","New","normal","2026-07-16T18:54:28.572Z"
"undefined","6a592bff683eb9402873f6a0","Unknown","mdshah7856","Unassigned","New","normal","2026-07-16T19:07:43.515Z"
"undefined","6a5936f1683eb9402874adb7","Unknown","syed.ghani.50746","Unassigned","New","normal","2026-07-16T19:54:25.849Z"
"undefined","6a59395f683eb9402874adba","Unknown","cuttingedgefinders","Unassigned","New","normal","2026-07-16T20:04:47.635Z"
"undefined","6a593aaa683eb9402874adbd","Unknown","gazal__26","Unassigned","New","normal","2026-07-16T20:10:18.033Z"
"undefined","6a593b89683eb9402874adc0","Unknown","IG_User_2273953089807287","Unassigned","New","normal","2026-07-16T20:14:01.041Z"
"undefined","6a594921683eb9402874ee13","Unknown","IG_User_2479030419258509","Unassigned","New","normal","2026-07-16T21:12:01.534Z"
"undefined","6a594cd6683eb940287503ac","Unknown","IG_User_1384678396891682","Unassigned","New","normal","2026-07-16T21:27:50.764Z"
"undefined","6a5984ab683eb94028755147","Unknown","azad.0510","Unassigned","New","normal","2026-07-17T01:26:03.699Z"
"undefined","6a59a4ae683eb940287557b3","Unknown","hiba_fathima__","Unassigned","New","normal","2026-07-17T03:42:38.914Z"
"undefined","6a59add3683eb940287557b8","Unknown","IG_User_4501244576785650","Unassigned","New","normal","2026-07-17T04:21:39.598Z"
"undefined","6a59aee2683eb940287557bb","Unknown","IG_User_1689888428903829","Unassigned","New","normal","2026-07-17T04:26:10.340Z"
"undefined","6a59b398683eb940287557bf","Unknown","rise77664","Unassigned","New","normal","2026-07-17T04:46:16.163Z"
"undefined","6a59cc4e683eb9402875e788","Unknown","smile718330","Unassigned","New","normal","2026-07-17T06:31:42.724Z"
"undefined","6a59d057683eb94028763669","Unknown","azmath0926","Unassigned","New","normal","2026-07-17T06:48:55.424Z"
"undefined","6a59d29e683eb9402876553f","Unknown","shahnavaj_patel","Unassigned","New","normal","2026-07-17T06:58:38.447Z"
"undefined","6a59db2b683eb94028765a69","Unknown","daanyal_999","Unassigned","New","normal","2026-07-17T07:35:07.196Z"
"undefined","6a59dcad683eb94028765a6c","Unknown","ibbu_sayyed","Unassigned","New","normal","2026-07-17T07:41:33.676Z"
"undefined","6a59f795683eb94028767045","Unknown","real.sahilkhan_","Unassigned","New","normal","2026-07-17T09:36:21.648Z"
"undefined","6a5a0375683eb9402876a785","Unknown","ismail.global18","Unassigned","New","normal","2026-07-17T10:27:01.778Z"
"undefined","6a5a105a683eb9402877a80b","Unknown","ars_had_s","Unassigned","New","normal","2026-07-17T11:22:02.639Z"
"undefined","6a5a1434683eb9402877aa3a","Unknown","IG_User_1508375900535029","Unassigned","New","normal","2026-07-17T11:38:28.561Z"
"undefined","6a5a146e683eb9402877aa3e","Unknown","maricarmsm","Unassigned","New","normal","2026-07-17T11:39:26.681Z"
"undefined","6a5a2927683eb940287820c4","Unknown","armank2204","Unassigned","New","normal","2026-07-17T13:07:51.486Z"
"undefined","6a5a3cc4683eb9402878c84d","Unknown","IG_User_1667712801126947","Unassigned","New","normal","2026-07-17T14:31:32.231Z"
"undefined","6a5a4414683eb9402878d5ec","Unknown","faizatabassum8821","Unassigned","New","normal","2026-07-17T15:02:44.689Z"
"undefined","6a5a4e01683eb9402878d932","Unknown","x3n0b1","Unassigned","New","normal","2026-07-17T15:45:05.480Z"
"undefined","6a5a502e683eb9402878dbd2","Unknown","jeelani7520","Unassigned","New","normal","2026-07-17T15:54:22.283Z"
"undefined","6a5a5283683eb9402878dbe2","Unknown","shaikhsahab._","Unassigned","New","normal","2026-07-17T16:04:19.585Z"
"undefined","6a5a5589683eb9402878dbe7","Unknown","syed.azam.56829","Unassigned","New","normal","2026-07-17T16:17:13.335Z"
"undefined","6a5a5bc4683eb94028796a80","Unknown","ekbal6240","Unassigned","New","normal","2026-07-17T16:43:48.092Z"
"undefined","6a5a5c7d683eb94028796a8a","Unknown","coffee_with_mustaq","Unassigned","New","normal","2026-07-17T16:46:53.740Z"
"undefined","6a5a6654683eb94028798277","Unknown","healingwibes","Unassigned","New","normal","2026-07-17T17:28:52.134Z"
"undefined","6a5a6b2a683eb94028798281","Unknown","vickyhussain8","Unassigned","New","normal","2026-07-17T17:49:30.140Z"
"undefined","6a5a77f2683eb9402879828d","Unknown","IG_User_2041517186755125","Unassigned","New","normal","2026-07-17T18:44:02.144Z"
"undefined","6a5a7f64683eb94028798291","Unknown","IG_User_1666707564389007","Unassigned","New","normal","2026-07-17T19:15:48.216Z"
"undefined","6a5a8567683eb9402879829a","Unknown","s.rizwan98","Unassigned","New","normal","2026-07-17T19:41:27.988Z"
"undefined","6a5a876b683eb940287982a2","Unknown","siraj.ansari1","Unassigned","New","normal","2026-07-17T19:50:03.810Z"
"undefined","6a5a8c44683eb9402879830b","Unknown","professionaltech369","Unassigned","New","normal","2026-07-17T20:10:44.662Z"
"undefined","6a5a9c0d683eb94028798341","Unknown","adnan_0203","Unassigned","New","normal","2026-07-17T21:18:05.896Z"
"undefined","6a5aa3cf683eb94028799f45","Unknown","ayaankitchen","Unassigned","New","normal","2026-07-17T21:51:11.104Z"
"undefined","6a5aaa29683eb94028799f7e","Unknown","sahil4rmblr","Unassigned","New","normal","2026-07-17T22:18:17.008Z"
"undefined","6a5ad4dd683eb94028799f8e","Unknown","ashrafmo715","Unassigned","New","normal","2026-07-18T01:20:29.543Z"
"undefined","6a5afa7c683eb94028799f9c","Unknown","kaif_78_pvt","Unassigned","New","normal","2026-07-18T04:01:00.594Z"
"undefined","6a5affb6683eb94028799faa","Unknown","zafiri_1377","Unassigned","New","normal","2026-07-18T04:23:18.442Z"
"undefined","6a5b1ad9683eb9402879c17d","Unknown","IG_User_2263869704464416","Unassigned","New","normal","2026-07-18T06:19:05.253Z"
"undefined","6a5b1e06683eb9402879c423","Unknown","syeda_samreenf","Unassigned","New","normal","2026-07-18T06:32:38.391Z"
"undefined","6a5b2cbd683eb9402879e320","Unknown","IG_User_4334124383468619","Unassigned","New","normal","2026-07-18T07:35:25.200Z"
"undefined","6a5b318f683eb940287a8c74","Unknown","abbasfeb","Unassigned","New","normal","2026-07-18T07:55:59.143Z"
"undefined","6a5b3297683eb940287ae393","Unknown","joysweeti","Unassigned","New","normal","2026-07-18T08:00:23.617Z"
"undefined","6a5b3681683eb940287b0616","Unknown","IG_User_1375336481328709","Unassigned","New","normal","2026-07-18T08:17:05.718Z"
"undefined","6a5b4588683eb940287b5bc7","Unknown","IG_User_1002454405945006","Unassigned","New","normal","2026-07-18T09:21:12.221Z"
"undefined","6a5b5f69683eb940287b78fe","Unknown","sikandarazam101","Unassigned","New","normal","2026-07-18T11:11:37.516Z"
"undefined","6a5b69ac683eb940287b905d","Unknown","IG_User_1553927559522908","Unassigned","New","normal","2026-07-18T11:55:24.708Z"
"undefined","6a5b6e88683eb940287b9d26","Unknown","mushtaqahmedibrahim","Unassigned","New","normal","2026-07-18T12:16:08.622Z"
"undefined","6a5b7297683eb940287baac3","Unknown","ashadullahqureshi","Unassigned","New","normal","2026-07-18T12:33:27.322Z"
"undefined","6a5b7333683eb940287baac6","Unknown","IG_User_1034727842390160","Unassigned","New","normal","2026-07-18T12:36:03.814Z"
"undefined","6a5b7417683eb940287baac9","Unknown","saifal1966","Unassigned","New","normal","2026-07-18T12:39:51.518Z"
"undefined","6a5b75d6683eb940287bc6ac","Unknown","huma_ira2512","Unassigned","New","normal","2026-07-18T12:47:18.706Z"
"undefined","6a5b7a82683eb940287c12ae","Unknown","zakiyazoya2024","Unassigned","New","normal","2026-07-18T13:07:14.238Z"
"undefined","6a5b7a82683eb940287c12b0","Unknown","IG_User_1046637394392528","Unassigned","New","normal","2026-07-18T13:07:14.898Z"
"undefined","6a5b817a683eb940287c29ac","Unknown","the_motorcycle_rambler","Unassigned","New","normal","2026-07-18T13:36:58.472Z"
"undefined","6a5b81f7683eb940287c2a2a","Unknown","IG_User_1017127484568742","Unassigned","New","normal","2026-07-18T13:39:03.454Z"
"undefined","6a5b8301683eb940287c2e8f","Unknown","riyajpanari","Unassigned","New","normal","2026-07-18T13:43:29.048Z"
"undefined","6a5b855c683eb940287c3153","Unknown","amanabhiraj74","Unassigned","New","normal","2026-07-18T13:53:32.997Z"
"undefined","6a5b86cd683eb940287c45d8","Unknown","shamstabrez6609","Unassigned","New","normal","2026-07-18T13:59:41.882Z"
"undefined","6a5b8761683eb940287c615b","Unknown","aadil_ansk","Unassigned","New","normal","2026-07-18T14:02:09.297Z"
"undefined","6a5b8ab6683eb940287cacb8","Unknown","pathan_obaid1","Unassigned","New","normal","2026-07-18T14:16:22.620Z"
"undefined","6a5b8b27683eb940287cacc0","Unknown","IG_User_2276440013132453","Unassigned","New","normal","2026-07-18T14:18:15.271Z"
"undefined","6a5b8c91683eb940287cacf0","Unknown","hind_properties_hyderabad","Unassigned","New","normal","2026-07-18T14:24:17.255Z"
"undefined","6a5b8d01683eb940287cacf3","Unknown","IG_User_2576794469421435","Unassigned","New","normal","2026-07-18T14:26:09.778Z"
"undefined","6a5b8e3c683eb940287cb9b6","Unknown","asif7864940","Unassigned","New","normal","2026-07-18T14:31:24.237Z"
"undefined","6a5b9128683eb940287cbae8","Unknown","say202020","Unassigned","New","normal","2026-07-18T14:43:52.267Z"
"undefined","6a5b91c6683eb940287cbaf1","Unknown","IG_User_1376046227791776","Unassigned","New","normal","2026-07-18T14:46:30.407Z"
"undefined","6a5b91e3683eb940287cbaf4","Unknown","allah_rakha_foundation","Unassigned","New","normal","2026-07-18T14:46:59.072Z"
"undefined","6a5b9285683eb940287cd2b4","Unknown","dark_zalimvibes","Unassigned","New","normal","2026-07-18T14:49:41.095Z"
"undefined","6a5b93b0683eb940287cd305","Unknown","ameenkhan336699","Unassigned","New","normal","2026-07-18T14:54:40.660Z"
"undefined","6a5b9492683eb940287cd30f","Unknown","slaaanggggg","Unassigned","New","normal","2026-07-18T14:58:26.510Z"
"undefined","6a5b988c683eb940287cd3dd","Unknown","IG_User_1360010249567108","Unassigned","New","normal","2026-07-18T15:15:24.342Z"
"undefined","6a5b9895683eb940287cd3e0","Unknown","rkasifullakhan","Unassigned","New","normal","2026-07-18T15:15:33.030Z"
"undefined","6a5b9a39683eb940287cd3e3","Unknown","adi29spt","Unassigned","New","normal","2026-07-18T15:22:33.429Z"
"undefined","6a5b9bdd683eb940287cd3e9","Unknown","danishmomin_786","Unassigned","New","normal","2026-07-18T15:29:33.194Z"
"undefined","6a5b9f3a683eb940287cd617","Unknown","raufnagani","Unassigned","New","normal","2026-07-18T15:43:54.342Z"
"undefined","6a5b9fe0683eb940287cd61a","Unknown","IG_User_1715817486288343","Unassigned","New","normal","2026-07-18T15:46:40.959Z"
"undefined","6a5ba01c683eb940287cd61d","Unknown","anonymous22032023","Unassigned","New","normal","2026-07-18T15:47:40.763Z"
"undefined","6a5ba02e683eb940287cd620","Unknown","_.i_.b_.a","Unassigned","New","normal","2026-07-18T15:47:58.989Z"
"undefined","6a5ba282683eb940287cd636","Unknown","IG_User_1816274416462764","Unassigned","New","normal","2026-07-18T15:57:54.499Z"
"undefined","6a5ba39e683eb940287cd639","Unknown","hasan_ziaul_khan","Unassigned","New","normal","2026-07-18T16:02:38.586Z"
"undefined","6a5ba444683eb940287cd63f","Unknown","IG_User_1030186166474404","Unassigned","New","normal","2026-07-18T16:05:24.956Z"
"undefined","6a5baa00683eb940287cd672","Unknown","me_musharraf.ak","Unassigned","New","normal","2026-07-18T16:29:52.352Z"
"undefined","6a5baae7683eb940287cd679","Unknown","farooq_ansar_","Unassigned","New","normal","2026-07-18T16:33:43.584Z"
"undefined","6a5bab05683eb940287cd67c","Unknown","nadirwasim","Unassigned","New","normal","2026-07-18T16:34:13.074Z"
"undefined","6a5badce683eb940287ce2cd","Unknown","unknownaura8","Unassigned","New","normal","2026-07-18T16:46:06.098Z"
"undefined","6a5bb2bd683eb940287ce83b","Unknown","IG_User_1034186192360395","Unassigned","New","normal","2026-07-18T17:07:09.699Z"
"undefined","6a5bb2cf683eb940287ce83e","Unknown","mdsarwaransarik","Unassigned","New","normal","2026-07-18T17:07:27.374Z"
"undefined","6a5bb456683eb940287ce841","Unknown","shamstabrez2000","Unassigned","New","normal","2026-07-18T17:13:58.205Z"
"undefined","6a5bba48683eb940287cffd4","Unknown","gazivarteji","Unassigned","New","normal","2026-07-18T17:39:20.895Z"
"undefined","6a5bbe4d683eb940287cffea","Unknown","IG_User_1351450139755985","Unassigned","New","normal","2026-07-18T17:56:29.636Z"
"undefined","6a5bbe7f683eb940287cffed","Unknown","imtiazikon","Unassigned","New","normal","2026-07-18T17:57:19.896Z"
"undefined","6a5bc016683eb940287cfff6","Unknown","sr_aaj","Unassigned","New","normal","2026-07-18T18:04:06.583Z"
"undefined","6a5bc2e1683eb940287d0002","Unknown","IG_User_1408275144461852","Unassigned","New","normal","2026-07-18T18:16:01.632Z"
"undefined","6a5bc395683eb940287d0005","Unknown","uneditedbites","Unassigned","New","normal","2026-07-18T18:19:01.038Z"
"undefined","6a5bc670683eb940287d0015","Unknown","bagsandmore_by_zs","Unassigned","New","normal","2026-07-18T18:31:12.327Z"
"undefined","6a5bc818683eb940287d0022","Unknown","IG_User_3036201093252466","Unassigned","New","normal","2026-07-18T18:38:16.941Z"
"undefined","6a5bcc25683eb940287d003a","Unknown","saad.sidd29","Unassigned","New","normal","2026-07-18T18:55:33.163Z"
"undefined","6a5bd120683eb940287d02fc","Unknown","IG_User_1213515907556994","Unassigned","New","normal","2026-07-18T19:16:48.159Z"
"undefined","6a5bd126683eb940287d02ff","Unknown","IG_User_1745491153032795","Unassigned","New","normal","2026-07-18T19:16:54.088Z"
"undefined","6a5bd37b683eb940287d0309","Unknown","anwaranwar9755","Unassigned","New","normal","2026-07-18T19:26:51.738Z"
"undefined","6a5bd389683eb940287d030c","Unknown","shakir_ahamad2001","Unassigned","New","normal","2026-07-18T19:27:05.117Z"
"undefined","6a5bd504683eb940287d0314","Unknown","1210_sid","Unassigned","New","normal","2026-07-18T19:33:24.039Z"
"undefined","6a5bd505683eb940287d0316","Unknown","galaxywomencollections","Unassigned","New","normal","2026-07-18T19:33:25.489Z"
"undefined","6a5bd71a683eb940287e8cbf","Unknown","amanusmani007","Unassigned","New","normal","2026-07-18T19:42:18.899Z"
"undefined","6a5bd935683eb940287f57c6","Unknown","azzuraj14","Unassigned","New","normal","2026-07-18T19:51:17.448Z"
"undefined","6a5bdc1b683eb940287f7bb9","Unknown","IG_User_1366863328732311","Unassigned","New","normal","2026-07-18T20:03:39.723Z"
"undefined","6a5bdc5c683eb940287f7bbc","Unknown","IG_User_882000208312219","Unassigned","New","normal","2026-07-18T20:04:44.269Z"
"undefined","6a5bdc90683eb940287f7bbf","Unknown","anees.ahmed_10","Unassigned","New","normal","2026-07-18T20:05:36.138Z"
"undefined","6a5be46f683eb940287f87dd","Unknown","IG_User_1585689919936304","Unassigned","New","normal","2026-07-18T20:39:11.812Z"
"undefined","6a5bf556683eb940287fabbf","Unknown","online_earning_tricksfree","Unassigned","New","normal","2026-07-18T21:51:18.459Z"
"undefined","6a5bfabf683eb940287fabc8","Unknown","true_sabir_s_dabhi_081","Unassigned","New","normal","2026-07-18T22:14:23.582Z"
"undefined","6a5bfd81683eb940287fabcb","Unknown","annnis167","Unassigned","New","normal","2026-07-18T22:26:09.882Z"
"undefined","6a5c066d683eb940287fabd3","Unknown","sharkzhere313","Unassigned","New","normal","2026-07-18T23:04:13.953Z"
"undefined","6a5c0732683eb940287fabd6","Unknown","faizulous","Unassigned","New","normal","2026-07-18T23:07:30.171Z"
"undefined","6a5c0ddc683eb940287fabdd","Unknown","luckyorange112211","Unassigned","New","normal","2026-07-18T23:35:56.003Z"
"undefined","6a5c154f683eb940287fabe8","Unknown","IG_User_1368274787997576","Unassigned","New","normal","2026-07-19T00:07:43.289Z"
"undefined","6a5c1794683eb940287fabeb","Unknown","IG_User_1775588656960204","Unassigned","New","normal","2026-07-19T00:17:24.150Z"
"undefined","6a5c23a7683eb940287fabfb","Unknown","IG_User_1710094470297512","Unassigned","New","normal","2026-07-19T01:08:55.571Z"
"undefined","6a5c27ca683eb940287fac01","Unknown","IG_User_2212656739525837","Unassigned","New","normal","2026-07-19T01:26:34.943Z"
"undefined","6a5c3a30683eb940287fac10","Unknown","mohammedmasood178","Unassigned","New","normal","2026-07-19T02:45:04.398Z"
"undefined","6a5c4422683eb940287fac29","Unknown","IG_User_2186390905484210","Unassigned","New","normal","2026-07-19T03:27:30.174Z"
"undefined","6a5c4947683eb940287fb444","Unknown","nazmeen_zq","Unassigned","New","normal","2026-07-19T03:49:27.262Z"
"undefined","6a5c529b683eb940287fb454","Unknown","IG_User_1986210678761802","Unassigned","New","normal","2026-07-19T04:29:15.190Z"
"undefined","6a5c5367683eb940287fb461","Unknown","advaseemshaikh","Unassigned","New","normal","2026-07-19T04:32:39.752Z"
"undefined","6a5c556b683eb940287fb465","Unknown","IG_User_3298635540340403","Unassigned","New","normal","2026-07-19T04:41:15.753Z"
"undefined","6a5c5595683eb940287fb468","Unknown","IG_User_4621345994764505","Unassigned","New","normal","2026-07-19T04:41:57.311Z"
"undefined","6a5c57d8683eb940287fb474","Unknown","IG_User_1047291364503538","Unassigned","New","normal","2026-07-19T04:51:36.031Z"
"undefined","6a5c581d683eb940287fb477","Unknown","ali2k_3","Unassigned","New","normal","2026-07-19T04:52:45.273Z"
"undefined","6a5c5de6683eb940287fc070","Unknown","kamranrehman2812","Unassigned","New","normal","2026-07-19T05:17:26.949Z"
"undefined","6a5c5e0a683eb940287fc073","Unknown","adventurer_ky","Unassigned","New","normal","2026-07-19T05:18:02.449Z"
"undefined","6a5c5e87683eb940287fc076","Unknown","IG_User_1014062091263044","Unassigned","New","normal","2026-07-19T05:20:07.458Z"
"undefined","6a5c5ee4683eb940287fc07e","Unknown","tech_hossain","Unassigned","New","normal","2026-07-19T05:21:40.541Z"
"undefined","6a5c627a683eb940287fe9f5","Unknown","shoyebullahbeg","Unassigned","New","normal","2026-07-19T05:36:58.840Z"
"undefined","6a5c640e683eb94028800962","Unknown","luckyimemyself_","Unassigned","New","normal","2026-07-19T05:43:42.447Z"
"undefined","6a5c64b9683eb94028800965","Unknown","mamadouparvez","Unassigned","New","normal","2026-07-19T05:46:33.808Z"
"undefined","6a5c67bf683eb94028801562","Unknown","azim_sharif_","Unassigned","New","normal","2026-07-19T05:59:27.035Z"
"undefined","6a5c681c683eb94028801565","Unknown","mazher_sayyed_ms","Unassigned","New","normal","2026-07-19T06:01:00.425Z"
"undefined","6a5c6a49683eb9402880156e","Unknown","itsghaniabdul","Unassigned","New","normal","2026-07-19T06:10:17.692Z"
"undefined","6a5c6c3a683eb94028801571","Unknown","saliim_naikwadi","Unassigned","New","normal","2026-07-19T06:18:34.309Z"
"undefined","6a5c6c7d683eb94028801574","Unknown","amna.kouser","Unassigned","New","normal","2026-07-19T06:19:41.564Z"
"undefined","6a5c7041683eb9402880158f","Unknown","zouk_noida","Unassigned","New","normal","2026-07-19T06:35:45.559Z"
"undefined","6a5c71b4683eb94028801597","Unknown","sameer_sk26","Unassigned","New","normal","2026-07-19T06:41:56.805Z"
"undefined","6a5c72ef683eb940288015a4","Unknown","farid.a.khan.7796","Unassigned","New","normal","2026-07-19T06:47:11.152Z"
"undefined","6a5c72ff683eb940288015a7","Unknown","hajiabanquet","Unassigned","New","normal","2026-07-19T06:47:27.710Z"
"undefined","6a5c733f683eb940288015ab","Unknown","IG_User_3059397427783428","Unassigned","New","normal","2026-07-19T06:48:31.812Z"
"undefined","6a5c7512683eb940288015bd","Unknown","aupeezsypetbxr","Unassigned","New","normal","2026-07-19T06:56:18.995Z"
"undefined","6a5c751b683eb940288015c0","Unknown","shakeelxsayed","Unassigned","New","normal","2026-07-19T06:56:27.608Z"
"undefined","6a5c76ad683eb940288015c9","Unknown","skyed999","Unassigned","New","normal","2026-07-19T07:03:09.580Z"
"undefined","6a5c78aa683eb940288015ee","Unknown","IG_User_2069791413649866","Unassigned","New","normal","2026-07-19T07:11:38.398Z"
"undefined","6a5c7b99683eb940288015f3","Unknown","IG_User_1735617214355280","Unassigned","New","normal","2026-07-19T07:24:09.525Z"
"undefined","6a5c7bc6683eb940288015f6","Unknown","__s_h_e_r_e_e_n__07","Unassigned","New","normal","2026-07-19T07:24:54.160Z"
"undefined","6a5c8d43683eb940288024cf","Unknown","IG_User_1726271458393140","Unassigned","New","normal","2026-07-19T08:39:31.476Z"
"undefined","6a5c948b683eb940288024e7","Unknown","IG_User_2439159806562076","Unassigned","New","normal","2026-07-19T09:10:35.072Z"
"undefined","6a5c94a5683eb940288024ea","Unknown","IG_User_2129640961322274","Unassigned","New","normal","2026-07-19T09:11:01.704Z"
"undefined","6a5c971c683eb940288024fa","Unknown","aki.m0h","Unassigned","New","normal","2026-07-19T09:21:32.140Z"
"undefined","6a5c9950683eb94028802530","Unknown","IG_User_2120745285509189","Unassigned","New","normal","2026-07-19T09:30:56.438Z"
"undefined","6a5c9bd0683eb94028802541","Unknown","sufiyan.akh","Unassigned","New","normal","2026-07-19T09:41:36.869Z"
"undefined","6a5c9c00683eb94028802544","Unknown","shafi.new","Unassigned","New","normal","2026-07-19T09:42:24.868Z"
"undefined","6a5c9da6683eb9402880254c","Unknown","IG_User_1481641780386524","Unassigned","New","normal","2026-07-19T09:49:26.615Z"
"undefined","6a5ca608683eb94028802563","Unknown","IG_User_1374475041297947","Unassigned","New","normal","2026-07-19T10:25:12.550Z"
"undefined","6a5ca706683eb94028802566","Unknown","shadealsworld","Unassigned","New","normal","2026-07-19T10:29:26.290Z"
"undefined","6a5ca7ae683eb94028802569","Unknown","mr_vashim","Unassigned","New","normal","2026-07-19T10:32:14.838Z"
"undefined","6a5ca924683eb9402880256c","Unknown","shadabali979","Unassigned","New","normal","2026-07-19T10:38:28.691Z"
"undefined","6a5cad24683eb94028802574","Unknown","drayeshatahseen","Unassigned","New","normal","2026-07-19T10:55:32.088Z"
"undefined","6a5cad70683eb94028802577","Unknown","IG_User_1340903677419487","Unassigned","New","normal","2026-07-19T10:56:48.299Z"
"undefined","6a5cb10d683eb9402880257e","Unknown","arman_airb","Unassigned","New","normal","2026-07-19T11:12:13.600Z"
"undefined","6a5cb30c683eb94028802581","Unknown","altaf_md4","Unassigned","New","normal","2026-07-19T11:20:44.606Z"
"undefined","6a5cb32e683eb94028802584","Unknown","saifurrahmansyed","Unassigned","New","normal","2026-07-19T11:21:18.022Z"
"undefined","6a5cb743683eb940288025ae","Unknown","zakaria__2410","Unassigned","New","normal","2026-07-19T11:38:43.208Z"
"undefined","6a5cb83c683eb940288025bc","Unknown","IG_User_1392580716274210","Unassigned","New","normal","2026-07-19T11:42:52.506Z"
"undefined","6a5cbe33683eb940288025e9","Unknown","i_afs.h","Unassigned","New","normal","2026-07-19T12:08:19.917Z"
"undefined","6a5cc5df683eb9402880260b","Unknown","almasmisbah24","Unassigned","New","normal","2026-07-19T12:41:03.329Z"
"undefined","6a5cc67a683eb9402880260e","Unknown","imsrq16","Unassigned","New","normal","2026-07-19T12:43:38.327Z"
"undefined","6a5cc861683eb94028802614","Unknown","IG_User_858749863744890","Unassigned","New","normal","2026-07-19T12:51:45.062Z"
"undefined","6a5cc9d4683eb94028802619","Unknown","raashidkhan","Unassigned","New","normal","2026-07-19T12:57:56.168Z"
"undefined","6a5ccabb683eb9402880261c","Unknown","IG_User_952323794534412","Unassigned","New","normal","2026-07-19T13:01:47.250Z"
"undefined","6a5ccabb683eb9402880261f","Unknown","mirkarmasrur","Unassigned","New","normal","2026-07-19T13:01:47.400Z"
"undefined","6a5ccb2d683eb94028802623","Unknown","pasha786tanveer15","Unassigned","New","normal","2026-07-19T13:03:41.558Z"
"undefined","6a5ccbee683eb94028802629","Unknown","iamammarmaaz","Unassigned","New","normal","2026-07-19T13:06:54.501Z"
"undefined","6a5ccca5683eb9402880262e","Unknown","IG_User_864750086428174","Unassigned","New","normal","2026-07-19T13:09:57.724Z"
"undefined","6a5ccd18683eb94028802632","Unknown","IG_User_1025930493621882","Unassigned","New","normal","2026-07-19T13:11:52.599Z"
"undefined","6a5cce43683eb9402880263a","Unknown","mrs.thamimbasha","Unassigned","New","normal","2026-07-19T13:16:51.737Z"
"undefined","6a5ccecb683eb9402880263d","Unknown","internationalhindustan","Unassigned","New","normal","2026-07-19T13:19:07.915Z"
"undefined","6a5cd2f1683eb94028802648","Unknown","IG_User_2374516159743316","Unassigned","New","normal","2026-07-19T13:36:49.945Z"
"undefined","6a5cd546683eb9402880264c","Unknown","kaiserali1988","Unassigned","New","normal","2026-07-19T13:46:46.350Z"
"undefined","6a5cd62e683eb94028802655","Unknown","aasiftheone","Unassigned","New","normal","2026-07-19T13:50:38.648Z"
"undefined","6a5cdc2c683eb9402880324d","Unknown","zeemarkofficial","Unassigned","New","normal","2026-07-19T14:16:12.358Z"
"undefined","6a5cdce4683eb94028803360","Unknown","modanyasin","Unassigned","New","normal","2026-07-19T14:19:16.576Z"
"undefined","6a5cddd1683eb94028803480","Unknown","adeeb_aamirofficial","Unassigned","New","normal","2026-07-19T14:23:13.550Z"
"undefined","6a5ce255683eb940288073c9","Unknown","smnizam06","Unassigned","New","normal","2026-07-19T14:42:29.870Z"
"undefined","6a5ce3e3683eb9402880a3d7","Unknown","kaif.arahim","Unassigned","New","normal","2026-07-19T14:49:07.344Z"
"undefined","6a5ce405683eb9402880a3da","Unknown","IG_User_1724333748617991","Unassigned","New","normal","2026-07-19T14:49:41.107Z"
"undefined","6a5ce522683eb9402880a3ee","Unknown","shamaparveen4799","Unassigned","New","normal","2026-07-19T14:54:26.388Z"
"undefined","6a5ce56d683eb9402880a3f1","Unknown","mm.esh10","Unassigned","New","normal","2026-07-19T14:55:41.644Z"
"undefined","6a5ce94d683eb9402880a3f4","Unknown","khadarameen","Unassigned","New","normal","2026-07-19T15:12:13.457Z"
"undefined","6a5ceb42683eb9402880a3fd","Unknown","md_abu_thahir","Unassigned","New","normal","2026-07-19T15:20:34.523Z"
"undefined","6a5cecfb683eb9402880a405","Unknown","umar.ashrfy","Unassigned","New","normal","2026-07-19T15:27:55.782Z"
"undefined","6a5cf0c8683eb9402880a40c","Unknown","IG_User_1350440653259000","Unassigned","New","normal","2026-07-19T15:44:08.318Z"
"undefined","6a5cf294683eb9402880a417","Unknown","hikma.xt","Unassigned","New","normal","2026-07-19T15:51:48.821Z"
"undefined","6a5cf2aa683eb9402880a41a","Unknown","IG_User_1742045866928889","Unassigned","New","normal","2026-07-19T15:52:10.491Z"
"undefined","6a5cf54c683eb9402880a42e","Unknown","sa2002823","Unassigned","New","normal","2026-07-19T16:03:24.025Z"
"undefined","6a5cf62d683eb9402880a489","Unknown","IG_User_1119638413728983","Unassigned","New","normal","2026-07-19T16:07:09.307Z"
"undefined","6a5cf8fc683eb9402880a49f","Unknown","photo_creater100","Unassigned","New","normal","2026-07-19T16:19:08.103Z"
"undefined","6a5cfed8683eb9402880a4b6","Unknown","workingbrainz_india","Unassigned","New","normal","2026-07-19T16:44:08.055Z"
"undefined","6a5d02be683eb9402880ac08","Unknown","i_love_world122","Unassigned","New","normal","2026-07-19T17:00:46.484Z"
"undefined","6a5d035f683eb9402880ad3b","Unknown","jameel_036","Unassigned","New","normal","2026-07-19T17:03:27.086Z"
"undefined","6a5d04d9683eb9402880ad51","Unknown","IG_User_1050544520772586","Unassigned","New","normal","2026-07-19T17:09:45.879Z"
"undefined","6a5d04f5683eb9402880ad55","Unknown","freakykid2108","Unassigned","New","normal","2026-07-19T17:10:13.583Z"
"undefined","6a5d07b5683eb9402880ad6c","Unknown","196.i94","Unassigned","New","normal","2026-07-19T17:21:57.774Z"
"undefined","6a5d07d9683eb9402880ad6f","Unknown","IG_User_1533898995084255","Unassigned","New","normal","2026-07-19T17:22:33.228Z"
"undefined","6a5d0b64683eb9402880ad99","Unknown","wasim_shaikh_0432","Unassigned","New","normal","2026-07-19T17:37:40.864Z"
"undefined","6a5d0d97683eb9402880ad9f","Unknown","mbehloal","Unassigned","New","normal","2026-07-19T17:47:03.125Z"
"undefined","6a5d0dd9683eb9402880ada8","Unknown","IG_User_1673712703709813","Unassigned","New","normal","2026-07-19T17:48:09.993Z"
"undefined","6a5d0fd8683eb9402880adbe","Unknown","kairoxenterprise__","Unassigned","New","normal","2026-07-19T17:56:40.196Z"
"undefined","6a5d126f683eb9402880dd57","Unknown","IG_User_1367035535290563","Unassigned","New","normal","2026-07-19T18:07:43.054Z"
"undefined","6a5d1273683eb9402880dd5a","Unknown","IG_User_1029294362916342","Unassigned","New","normal","2026-07-19T18:07:47.894Z"
"undefined","6a5d1394683eb9402881017c","Unknown","mu.dassir5410","Unassigned","New","normal","2026-07-19T18:12:36.752Z"
"undefined","6a5d13b3683eb9402881017f","Unknown","sarfarazahmed7355","Unassigned","New","normal","2026-07-19T18:13:07.418Z"
"undefined","6a5d13b6683eb94028810181","Unknown","IG_User_4136347213333498","Unassigned","New","normal","2026-07-19T18:13:10.542Z"
"undefined","6a5d13f1683eb94028810188","Unknown","mohammed_siddiq_azhar","Unassigned","New","normal","2026-07-19T18:14:09.380Z"
"undefined","6a5d1495683eb94028810190","Unknown","sibghat.ulla","Unassigned","New","normal","2026-07-19T18:16:53.873Z"
"undefined","6a5d14ee683eb94028810194","Unknown","ibkhan80","Unassigned","New","normal","2026-07-19T18:18:22.803Z"
"undefined","6a5d164b683eb940288101b9","Unknown","spaarkkkk","Unassigned","New","normal","2026-07-19T18:24:11.010Z"
"undefined","6a5d16be683eb940288101c0","Unknown","aarif_shaikh2001","Unassigned","New","normal","2026-07-19T18:26:06.698Z"
"undefined","6a5d176b683eb940288101d7","Unknown","sageer24867","Unassigned","New","normal","2026-07-19T18:28:59.572Z"
"undefined","6a5d19ca683eb94028813e1e","Unknown","catch2shaheen","Unassigned","New","normal","2026-07-19T18:39:06.888Z"
"undefined","6a5d1a61683eb94028813e27","Unknown","IG_User_4506772946311484","Unassigned","New","normal","2026-07-19T18:41:37.568Z"
"undefined","6a5d1e48683eb94028813e43","Unknown","IG_User_1032692186206498","Unassigned","New","normal","2026-07-19T18:58:16.267Z"
"undefined","6a5d1efa683eb94028813e46","Unknown","hashimshakhan","Unassigned","New","normal","2026-07-19T19:01:14.916Z"
"undefined","6a5d1f68683eb94028813e49","Unknown","r.kowsar_","Unassigned","New","normal","2026-07-19T19:03:04.494Z"
"undefined","6a5d2305683eb94028813e5f","Unknown","aamirmalik4444","Unassigned","New","normal","2026-07-19T19:18:29.166Z"
"undefined","6a5d237d683eb94028813e62","Unknown","IG_User_1966639454018089","Unassigned","New","normal","2026-07-19T19:20:29.275Z"
"undefined","6a5d2706683eb94028813e66","Unknown","thetosif6161","Unassigned","New","normal","2026-07-19T19:35:34.875Z"
"undefined","6a5d291f683eb94028813e75","Unknown","IG_User_1009350785207458","Unassigned","New","normal","2026-07-19T19:44:31.043Z"
"undefined","6a5d2ac9683eb94028813e78","Unknown","arshadalik","Unassigned","New","normal","2026-07-19T19:51:37.198Z"
"undefined","6a5d2cf3683eb94028813e8b","Unknown","shameer6362","Unassigned","New","normal","2026-07-19T20:00:51.390Z"
"undefined","6a5d2d06683eb94028813e8e","Unknown","shoaibb_fx","Unassigned","New","normal","2026-07-19T20:01:10.611Z"
"undefined","6a5d2eab683eb94028813e99","Unknown","adnan.ahmed.6074","Unassigned","New","normal","2026-07-19T20:08:11.154Z"
"undefined","6a5d36d6683eb94028813ff7","Unknown","IG_User_3980388445431580","Unassigned","New","normal","2026-07-19T20:43:02.448Z"
"undefined","6a5d3884683eb9402881501c","Unknown","mmcommunication_0642","Unassigned","New","normal","2026-07-19T20:50:12.365Z"
"undefined","6a5d40c1683eb9402881515e","Unknown","sabglassware","Unassigned","New","normal","2026-07-19T21:25:21.628Z"
"undefined","6a5d44fa683eb9402881516e","Unknown","IG_User_1570679131443590","Unassigned","New","normal","2026-07-19T21:43:22.158Z"
"undefined","6a5d4903683eb94028815177","Unknown","nikahmandapwalimadecors","Unassigned","New","normal","2026-07-19T22:00:35.508Z"
"undefined","6a5d53c6683eb9402881517a","Unknown","IG_User_1644792500151127","Unassigned","New","normal","2026-07-19T22:46:30.382Z"
"undefined","6a5d5981683eb94028815183","Unknown","sameer500in","Unassigned","New","normal","2026-07-19T23:10:57.021Z"
"undefined","6a5d75a7683eb94028815199","Unknown","shabnam.thedewdropsgirl","Unassigned","New","normal","2026-07-20T01:11:03.066Z"
"undefined","6a5d7f12683eb940288151a2","Unknown","IG_User_1334199432238484","Unassigned","New","normal","2026-07-20T01:51:14.304Z"
"undefined","6a5d7f21683eb940288151a5","Unknown","uniqsyed_","Unassigned","New","normal","2026-07-20T01:51:29.564Z"
"undefined","6a5d8045683eb940288151a8","Unknown","shahnawaz1452","Unassigned","New","normal","2026-07-20T01:56:21.422Z"
"undefined","6a5d85f0683eb940288151ac","Unknown","sar.zidhas","Unassigned","New","normal","2026-07-20T02:20:32.539Z"
"undefined","6a5d870c683eb940288151af","Unknown","sy.ed7484","Unassigned","New","normal","2026-07-20T02:25:16.802Z"
"undefined","6a5d8c31683eb940288151b2","Unknown","arif.n.mohamed","Unassigned","New","normal","2026-07-20T02:47:13.757Z"
"undefined","6a5d8e3a683eb940288151b5","Unknown","hasina.shaik.7","Unassigned","New","normal","2026-07-20T02:55:54.811Z"
"undefined","6a5d90bc683eb940288151c5","Unknown","IG_User_1597168665179633","Unassigned","New","normal","2026-07-20T03:06:36.466Z"
"undefined","6a5d9581683eb940288151ca","Unknown","samcosteel","Unassigned","New","normal","2026-07-20T03:26:57.536Z"
"undefined","6a5d96a2683eb940288151cd","Unknown","yusufialtamash20","Unassigned","New","normal","2026-07-20T03:31:46.598Z"
"undefined","6a5d9834683eb940288151d2","Unknown","spiffyhafeez01","Unassigned","New","normal","2026-07-20T03:38:28.017Z"
"undefined","6a5d9d1d683eb940288163f8","Unknown","sadianagea","Unassigned","New","normal","2026-07-20T03:59:25.689Z"
"undefined","6a5d9e3d683eb940288163fd","Unknown","mohdabdulamair01","Unassigned","New","normal","2026-07-20T04:04:13.905Z"
"undefined","6a5d9f51683eb94028816403","Unknown","shameem.creation","Unassigned","New","normal","2026-07-20T04:08:49.678Z"
"undefined","6a5da222683eb9402881640d","Unknown","mom_d_preneur","Unassigned","New","normal","2026-07-20T04:20:50.097Z"
"undefined","6a5da371683eb94028816417","Unknown","life_outside_the_windowpane","Unassigned","New","normal","2026-07-20T04:26:25.549Z"
"undefined","6a5da538683eb9402881641c","Unknown","IG_User_1353021166952701","Unassigned","New","normal","2026-07-20T04:34:00.968Z"
"undefined","6a5da697683eb94028816449","Unknown","shaik.fazululla","Unassigned","New","normal","2026-07-20T04:39:51.566Z"
"undefined","6a5da7e2683eb9402881644c","Unknown","shab_rafi85","Unassigned","New","normal","2026-07-20T04:45:22.038Z"
"undefined","6a5da8c8683eb94028816454","Unknown","abdur4947","Unassigned","New","normal","2026-07-20T04:49:12.037Z"
"undefined","6a5da946683eb94028816457","Unknown","IG_User_1594023305614850","Unassigned","New","normal","2026-07-20T04:51:18.361Z"
"undefined","6a5daadc683eb94028816460","Unknown","ryz.brzz","Unassigned","New","normal","2026-07-20T04:58:04.632Z"
"undefined","6a5dae19683eb9402881671c","Unknown","IG_User_28097106393215260","Unassigned","New","normal","2026-07-20T05:11:53.898Z"
"undefined","6a5dae99683eb94028816720","Unknown","asifpathan111","Unassigned","New","normal","2026-07-20T05:14:01.988Z"
"undefined","6a5db4ec683eb9402881672c","Unknown","rizwana8","Unassigned","New","normal","2026-07-20T05:41:00.756Z"
"undefined","6a5db809683eb9402881672f","Unknown","haq_ki_talash_148","Unassigned","New","normal","2026-07-20T05:54:17.244Z"
"undefined","6a5db8a8683eb94028816732","Unknown","live_life_fully_______","Unassigned","New","normal","2026-07-20T05:56:56.959Z"
"undefined","6a5dbca5683eb9402881734e","Unknown","IG_User_1002446319226190","Unassigned","New","normal","2026-07-20T06:13:57.647Z"
"undefined","6a5dbd01683eb94028817351","Unknown","IG_User_1526929345479648","Unassigned","New","normal","2026-07-20T06:15:29.702Z"
"undefined","6a5dc1b6683eb94028817937","Unknown","itzabuzig","Unassigned","New","normal","2026-07-20T06:35:34.007Z"
"undefined","6a5dc354683eb9402881797b","Unknown","dakhni_cooking_and_creator","Unassigned","New","normal","2026-07-20T06:42:28.764Z"
"undefined","6a5dc865683eb94028817b6e","Unknown","IG_User_2066905583907543","Unassigned","New","normal","2026-07-20T07:04:05.450Z"
"undefined","6a5dcc2c683eb9402881812b","Unknown","its_dqs","Unassigned","New","normal","2026-07-20T07:20:12.592Z"
"undefined","6a5dccc5683eb9402881812e","Unknown","aathif_aarifeen","Unassigned","New","normal","2026-07-20T07:22:45.096Z"
"undefined","6a5dd0dc683eb94028818138","Unknown","shabina.imalik","Unassigned","New","normal","2026-07-20T07:40:12.392Z"
"undefined","6a5dd119683eb9402881813b","Unknown","sam2581998","Unassigned","New","normal","2026-07-20T07:41:13.770Z"
"undefined","6a5dd1de683eb9402881813e","Unknown","myticket2fly","Unassigned","New","normal","2026-07-20T07:44:30.792Z"
"undefined","6a5dd312683eb94028818141","Unknown","farhath_67","Unassigned","New","normal","2026-07-20T07:49:38.676Z"
"undefined","6a5dd33f683eb94028818405","Unknown","suriyanaaz","Unassigned","New","normal","2026-07-20T07:50:23.210Z"
"undefined","6a5dd72f683eb9402881b11d","Unknown","johnfrederik44","Unassigned","New","normal","2026-07-20T08:07:11.848Z"
"undefined","6a5dda07683eb9402881b17c","Unknown","azmath_0728","Unassigned","New","normal","2026-07-20T08:19:19.696Z"
"undefined","6a5dda76683eb9402881b17f","Unknown","phdjalebiwalaindia","Unassigned","New","normal","2026-07-20T08:21:10.211Z"
"undefined","6a5ddc0f683eb94028822893","Unknown","IG_User_2637619656633660","Unassigned","New","normal","2026-07-20T08:27:59.526Z"
"undefined","6a5ddc30683eb94028823fb9","Unknown","IG_User_1047451880997463","Unassigned","New","normal","2026-07-20T08:28:32.599Z"
"undefined","6a5ddf70683eb940288404b7","Unknown","goldendelight_2616","Unassigned","New","normal","2026-07-20T08:42:24.207Z"
"undefined","6a5ddf82683eb940288404ba","Unknown","mohammed6672786","Unassigned","New","normal","2026-07-20T08:42:42.399Z"
"undefined","6a5de2e4683eb9402884894a","Unknown","khoorath","Unassigned","New","normal","2026-07-20T08:57:08.601Z"
"undefined","6a5de473683eb940288515de","Unknown","abdul_razack22","Unassigned","New","normal","2026-07-20T09:03:47.493Z"
"undefined","6a5de80b683eb94028876ab3","Unknown","tsamir_hh","Unassigned","New","normal","2026-07-20T09:19:07.389Z"
"undefined","6a5de9ac683eb9402888bc97","Unknown","IG_User_1393078669410884","Unassigned","New","normal","2026-07-20T09:26:04.450Z"
"undefined","6a5dea29683eb9402888ec83","Unknown","IG_User_1694304065018631","Unassigned","New","normal","2026-07-20T09:28:09.972Z"
"undefined","6a5ded41683eb940288a8775","Unknown","md_ahmed78692","Unassigned","New","normal","2026-07-20T09:41:21.733Z"
"undefined","6a5dedb6683eb940288ab873","Unknown","thamseerhussain","Unassigned","New","normal","2026-07-20T09:43:18.375Z"
"undefined","6a5df039683eb940288ad6a4","Unknown","IG_User_1371541544923508","Unassigned","New","normal","2026-07-20T09:54:01.255Z"
"undefined","6a5df0f3683eb940288ada36","Unknown","sh.ahnaz2508","Unassigned","New","normal","2026-07-20T09:57:07.061Z"
"undefined","6a5df159683eb940288adb99","Unknown","hudasamir8","Unassigned","New","normal","2026-07-20T09:58:49.272Z"
"undefined","6a5df1c2683eb940288adc02","Unknown","masbenchsales","Unassigned","New","normal","2026-07-20T10:00:34.026Z"
"undefined","6a5df3ee683eb940288ae069","Unknown","IG_User_4515170175432960","Unassigned","New","normal","2026-07-20T10:09:50.370Z"
"undefined","6a5df5be683eb940288ae74d","Unknown","cake_it_by_tabassum","Unassigned","New","normal","2026-07-20T10:17:34.160Z"
"undefined","6a5df93d683eb940288af0d6","Unknown","akbar__syed11","Unassigned","New","normal","2026-07-20T10:32:29.027Z"
"undefined","6a5df9a4683eb940288af0dd","Unknown","IG_User_1729833598172579","Unassigned","New","normal","2026-07-20T10:34:12.037Z"
"undefined","6a5df9e3683eb940288af0e1","Unknown","nahe44d","Unassigned","New","normal","2026-07-20T10:35:15.939Z"
"undefined","6a5dfab3683eb940288af0e4","Unknown","abdulsalim9471","Unassigned","New","normal","2026-07-20T10:38:43.256Z"
"undefined","6a5dfec7683eb940288af52f","Unknown","im5311892","Unassigned","New","normal","2026-07-20T10:56:07.325Z"
"undefined","6a5dfeda683eb940288af536","Unknown","syedsuha","Unassigned","New","normal","2026-07-20T10:56:26.953Z"
"undefined","6a5dff75683eb940288afab7","Unknown","saahilansari._","Unassigned","New","normal","2026-07-20T10:59:01.661Z"
"undefined","6a5e00d1683eb940288afac2","Unknown","IG_User_2112733999670261","Unassigned","New","normal","2026-07-20T11:04:49.393Z"
"undefined","6a5e0102683eb940288afac5","Unknown","sarfarajmkhan","Unassigned","New","normal","2026-07-20T11:05:38.272Z"
"undefined","6a5e01c2683eb940288afb9c","Unknown","naziyasultana522","Unassigned","New","normal","2026-07-20T11:08:50.868Z"
"undefined","6a5e01c9683eb940288afb9f","Unknown","IG_User_950718658038119","Unassigned","New","normal","2026-07-20T11:08:57.528Z"
"undefined","6a5e0201683eb940288afba2","Unknown","saadia143always","Unassigned","New","normal","2026-07-20T11:09:53.710Z"
"undefined","6a5e020d683eb940288afba5","Unknown","IG_User_1033074405879218","Unassigned","New","normal","2026-07-20T11:10:05.159Z"
"undefined","6a5e0407683eb940288b0345","Unknown","altafali_1210","Unassigned","New","normal","2026-07-20T11:18:31.770Z"
"undefined","6a5e078f683eb940288b06b4","Unknown","IG_User_1768523444316636","Unassigned","New","normal","2026-07-20T11:33:35.471Z"
"undefined","6a5e0933683eb940288b06bc","Unknown","apsara_computer_embriodery","Unassigned","New","normal","2026-07-20T11:40:35.056Z"
"undefined","6a5e0a00683eb940288b06c5","Unknown","sufiseekingnoor","Unassigned","New","normal","2026-07-20T11:44:00.960Z"
"undefined","6a5e0dd2683eb940288b106b","Unknown","sammyurade","Unassigned","New","normal","2026-07-20T12:00:18.038Z"
"undefined","6a5e0e8a683eb940288b68dc","Unknown","sana_iram_","Unassigned","New","normal","2026-07-20T12:03:22.399Z"
"undefined","6a5e0f9e683eb940288bfb58","Unknown","younuspasha96","Unassigned","New","normal","2026-07-20T12:07:58.972Z"
"undefined","6a5e168b683eb940288c0bec","Unknown","sabah_gulnar_khan","Unassigned","New","normal","2026-07-20T12:37:31.375Z"
"undefined","6a5e1716683eb940288c0bf0","Unknown","syedaltaf.hussain.733","Unassigned","New","normal","2026-07-20T12:39:50.298Z"
"undefined","6a5e1a9d683eb940288c1470","Unknown","abdulkhaderqs","Unassigned","New","normal","2026-07-20T12:54:53.458Z"
"undefined","6a5e1d2b683eb940288c1ae8","Unknown","IG_User_1770889027424896","Unassigned","New","normal","2026-07-20T13:05:47.655Z"
"undefined","6a5e2040683eb940288c1c54","Unknown","justtt_a_traveller","Unassigned","New","normal","2026-07-20T13:18:56.194Z"
"undefined","6a5e2779683eb940288c2268","Unknown","mohammed_abrar7","Unassigned","New","normal","2026-07-20T13:49:45.784Z"
"undefined","6a5e2a01683eb940288c2907","Unknown","umme2350","Unassigned","New","normal","2026-07-20T14:00:33.709Z"
"undefined","6a5e2d5b683eb940288c88fa","Unknown","zakir4337hussain","Unassigned","New","normal","2026-07-20T14:14:51.968Z"
"undefined","6a5e2ded683eb940288c88fd","Unknown","IG_User_992164486743779","Unassigned","New","normal","2026-07-20T14:17:17.270Z"
"undefined","6a5e2e1e683eb940288c8909","Unknown","IG_User_2095059581408685","Unassigned","New","normal","2026-07-20T14:18:06.021Z"
"undefined","6a5e2e40683eb940288c890c","Unknown","mza_creations","Unassigned","New","normal","2026-07-20T14:18:40.996Z"
"undefined","6a5e3164683eb940288c8a95","Unknown","ayshaaabanu","Unassigned","New","normal","2026-07-20T14:32:04.401Z"
"undefined","6a5e3238683eb940288c8a9c","Unknown","sahirshkh86","Unassigned","New","normal","2026-07-20T14:35:36.016Z"
"undefined","6a5e344d683eb940288c8b52","Unknown","IG_User_2265273347623669","Unassigned","New","normal","2026-07-20T14:44:29.207Z"
"undefined","6a5e34a1683eb940288c8b58","Unknown","asi_fkhan1821","Unassigned","New","normal","2026-07-20T14:45:53.463Z"
"undefined","6a5e35ac683eb940288c9433","Unknown","rosykhan827","Unassigned","New","normal","2026-07-20T14:50:20.291Z"
"undefined","6a5e3626683eb940288c954c","Unknown","basherahamed7","Unassigned","New","normal","2026-07-20T14:52:22.083Z"
"undefined","6a5e37c1683eb940288c983e","Unknown","IG_User_1652386759191787","Unassigned","New","normal","2026-07-20T14:59:13.903Z"
"undefined","6a5e38f4683eb940288c984b","Unknown","IG_User_1038487732210674","Unassigned","New","normal","2026-07-20T15:04:20.843Z"
"undefined","6a5e3ae2683eb940288c9864","Unknown","abaaraz_premiumwomens_fashion","Unassigned","New","normal","2026-07-20T15:12:34.892Z"
"undefined","6a5e3f82683eb940288c9e53","Unknown","dua.noor1","Unassigned","New","normal","2026-07-20T15:32:18.650Z"
"undefined","6a5e3f8c683eb940288c9e56","Unknown","IG_User_2384320225392843","Unassigned","New","normal","2026-07-20T15:32:28.397Z"
"undefined","6a5e4182683eb940288cab85","Unknown","IG_User_28401416899450655","Unassigned","New","normal","2026-07-20T15:40:50.974Z"
"undefined","6a5e4455683eb940288cab89","Unknown","mohammad_nawazish_","Unassigned","New","normal","2026-07-20T15:52:53.193Z"
"undefined","6a5e44ec683eb940288cab8c","Unknown","mnaaz_khans","Unassigned","New","normal","2026-07-20T15:55:24.703Z"
"undefined","6a5e48f8683eb940288ce029","Unknown","tannusweet61","Unassigned","New","normal","2026-07-20T16:12:40.931Z"
"undefined","6a5e4933683eb940288ce02c","Unknown","mohammedkhizer47","Unassigned","New","normal","2026-07-20T16:13:39.310Z"
"undefined","6a5e4bfc683eb940288ce048","Unknown","IG_User_1649527262809653","Unassigned","New","normal","2026-07-20T16:25:32.705Z"
"undefined","6a5e4c5c683eb940288ce04b","Unknown","mdrafiq_kmdj","Unassigned","New","normal","2026-07-20T16:27:08.588Z"
"undefined","6a5e4f5f683eb940288ced74","Unknown","shariff_rehman","Unassigned","New","normal","2026-07-20T16:39:59.967Z"
"undefined","6a5e501c683eb940288ced77","Unknown","_fez04","Unassigned","New","normal","2026-07-20T16:43:08.769Z"
"undefined","6a5e5403683eb940288ceec5","Unknown","sairabanu1850","Unassigned","New","normal","2026-07-20T16:59:47.227Z"
"undefined","6a5e57e9683eb940288d00d5","Unknown","lubnayusuf_0321","Unassigned","New","normal","2026-07-20T17:16:25.144Z"
"undefined","6a5e5bbf683eb940288d00e2","Unknown","hikmahpro2020","Unassigned","New","normal","2026-07-20T17:32:47.612Z"
"undefined","6a5e5e69683eb940288d00f2","Unknown","razvimehaveen","Unassigned","New","normal","2026-07-20T17:44:09.779Z"
"undefined","6a5e5e87683eb940288d00f6","Unknown","baaji7869","Unassigned","New","normal","2026-07-20T17:44:39.048Z"
"undefined","6a5e5eb2683eb940288d00f9","Unknown","IG_User_1230942315782430","Unassigned","New","normal","2026-07-20T17:45:22.016Z"
"undefined","6a5e5ec3683eb940288d00fd","Unknown","strings_and_shades_henna","Unassigned","New","normal","2026-07-20T17:45:39.952Z"
"undefined","6a5e5f9c683eb940288d0109","Unknown","syed.javeed12","Unassigned","New","normal","2026-07-20T17:49:16.283Z"
"undefined","6a5e6008683eb940288d010c","Unknown","imaxvu","Unassigned","New","normal","2026-07-20T17:51:04.038Z"
"undefined","6a5e60c4683eb940288d0111","Unknown","IG_User_2119008242033083","Unassigned","New","normal","2026-07-20T17:54:12.398Z"
"undefined","6a5e63fb683eb940288d041a","Unknown","shaik_a86","Unassigned","New","normal","2026-07-20T18:07:55.675Z"
"undefined","6a5e65a1683eb940288d0420","Unknown","im2sif","Unassigned","New","normal","2026-07-20T18:14:57.758Z"
"undefined","6a5e6619683eb940288d0423","Unknown","IG_User_1014146698097190","Unassigned","New","normal","2026-07-20T18:16:57.720Z"
"undefined","6a5e678e683eb940288d042e","Unknown","sohailm3","Unassigned","New","normal","2026-07-20T18:23:10.406Z"
"undefined","6a5e69b2683eb940288d0445","Unknown","altaf.ffurniture786","Unassigned","New","normal","2026-07-20T18:32:18.755Z"
"undefined","6a5e69f5683eb940288d0448","Unknown","IG_User_1054015613799988","Unassigned","New","normal","2026-07-20T18:33:25.064Z"
"undefined","6a5e6bbb683eb940288d059e","Unknown","mahtab0803","Unassigned","New","normal","2026-07-20T18:40:59.835Z"
"undefined","6a5e6e48683eb940288d18d1","Unknown","arshiyaanjum1983","Unassigned","New","normal","2026-07-20T18:51:52.211Z"
"undefined","6a5e70ef683eb940288d7571","Unknown","IG_User_1720087085988699","Unassigned","New","normal","2026-07-20T19:03:11.907Z"
"undefined","6a5e75ff683eb940288dec6c","Unknown","andhrapraja","Unassigned","New","normal","2026-07-20T19:24:47.788Z"
"undefined","6a5e7816683eb940288dec70","Unknown","IG_User_1354690469388246","Unassigned","New","normal","2026-07-20T19:33:42.221Z"
"undefined","6a5e78a7683eb940288dec73","Unknown","IG_User_1953597081984586","Unassigned","New","normal","2026-07-20T19:36:07.401Z"
"undefined","6a5e7b03683eb940288dec77","Unknown","code2abdulgafoor","Unassigned","New","normal","2026-07-20T19:46:11.178Z"
"undefined","6a5e7bb8683eb940288dec7a","Unknown","IG_User_1031255092819646","Unassigned","New","normal","2026-07-20T19:49:12.795Z"
"undefined","6a5e7e06683eb940288dec7d","Unknown","usmantaj646","Unassigned","New","normal","2026-07-20T19:59:02.560Z"
"undefined","6a5e84f3683eb940288ded30","Unknown","jsjaffarsadiq","Unassigned","New","normal","2026-07-20T20:28:35.871Z"
"undefined","6a5e8720683eb940288e153b","Unknown","IG_User_1424759986144239","Unassigned","New","normal","2026-07-20T20:37:52.990Z"
"undefined","6a5e898e683eb940288e1596","Unknown","isaq9995","Unassigned","New","normal","2026-07-20T20:48:14.107Z"
"undefined","6a5e9158683eb940288e3066","Unknown","ytl.sahil","Unassigned","New","normal","2026-07-20T21:21:28.267Z"
"undefined","6a5e9815683eb940288e3069","Unknown","sohrabulhaq8","Unassigned","New","normal","2026-07-20T21:50:13.241Z"
"undefined","6a5e9c72683eb940288e3070","Unknown","IG_User_1910546222950747","Unassigned","New","normal","2026-07-20T22:08:50.820Z"
"undefined","6a5ea411683eb940288e318d","Unknown","touseefanaaz","Unassigned","New","normal","2026-07-20T22:41:21.081Z"
"undefined","6a5ea481683eb940288e3190","Unknown","mr0.0_the_imposible_allin","Unassigned","New","normal","2026-07-20T22:43:13.294Z"
"undefined","6a5ea6d6683eb940288e3193","Unknown","IG_User_2043796343193451","Unassigned","New","normal","2026-07-20T22:53:10.999Z"
"undefined","6a5ea7b8683eb940288e3197","Unknown","IG_User_1024642697206738","Unassigned","New","normal","2026-07-20T22:56:56.493Z"
"undefined","6a5ec08e683eb940288e31b1","Unknown","safx_2007","Unassigned","New","normal","2026-07-21T00:42:54.507Z"
"undefined","6a5ec3d4683eb940288e31ba","Unknown","saleem.ahmed926","Unassigned","New","normal","2026-07-21T00:56:52.531Z"
"undefined","6a5ec600683eb940288e31bd","Unknown","saifulla1208","Unassigned","New","normal","2026-07-21T01:06:08.460Z"
"undefined","6a5ec6e6683eb940288e31c1","Unknown","ni_zam4053","Unassigned","New","normal","2026-07-21T01:09:58.174Z"
"undefined","6a5ecdb4683eb940288e31c7","Unknown","khurathmalang","Unassigned","New","normal","2026-07-21T01:39:00.360Z"
"undefined","6a5ed026683eb940288e31ca","Unknown","IG_User_1760861351895883","Unassigned","New","normal","2026-07-21T01:49:26.027Z"
"undefined","6a5ed11a683eb940288e31cd","Unknown","IG_User_789217050903116","Unassigned","New","normal","2026-07-21T01:53:30.642Z"
"undefined","6a5ed3e5683eb940288e31d4","Unknown","myselfrubins","Unassigned","New","normal","2026-07-21T02:05:25.183Z"
"undefined","6a5edf81683eb940288e31eb","Unknown","ubedulla_b","Unassigned","New","normal","2026-07-21T02:54:57.687Z"
"undefined","6a5ee98b683eb940288e320e","Unknown","majiddkhan19","Unassigned","New","normal","2026-07-21T03:37:47.744Z"
"undefined","6a5eef3d683eb940288e321c","Unknown","IG_User_989578503908168","Unassigned","New","normal","2026-07-21T04:02:05.203Z"
"undefined","6a5ef001683eb940288e3227","Unknown","syedimtiyaz828","Unassigned","New","normal","2026-07-21T04:05:21.585Z"
"undefined","6a5ef0ce683eb940288e322a","Unknown","milliondxb77","Unassigned","New","normal","2026-07-21T04:08:46.870Z"
"undefined","6a5ef275683eb940288e3232","Unknown","mohammed.i.ahmed.108","Unassigned","New","normal","2026-07-21T04:15:49.405Z"
"undefined","6a5ef500683eb940288e3235","Unknown","ayesha.tanzeem03","Unassigned","New","normal","2026-07-21T04:26:40.298Z"
"undefined","6a5ef671683eb940288e3239","Unknown","afsa_decor1441","Unassigned","New","normal","2026-07-21T04:32:49.773Z"
"undefined","6a5ef89e683eb940288e3246","Unknown","_ahmed.shariff","Unassigned","New","normal","2026-07-21T04:42:06.469Z"
"undefined","6a5efbff683eb940288e324b","Unknown","kubra.fathima.a","Unassigned","New","normal","2026-07-21T04:56:31.936Z"
"undefined","6a5efedd683eb940288e324e","Unknown","tabassumkhan.17","Unassigned","New","normal","2026-07-21T05:08:45.706Z"
"undefined","6a5f01f3683eb940288e3251","Unknown","fara_naz_11","Unassigned","New","normal","2026-07-21T05:21:55.964Z"
"undefined","6a5f03dc683eb940288e3263","Unknown","latheef146","Unassigned","New","normal","2026-07-21T05:30:04.255Z"
"undefined","6a5f0a02683eb940288e368d","Unknown","dilshathabbas_24","Unassigned","New","normal","2026-07-21T05:56:18.078Z"
"undefined","6a5f1075683eb940288e465f","Unknown","mohsintaj562","Unassigned","New","normal","2026-07-21T06:23:49.959Z"
"undefined","6a5f1167683eb940288e4662","Unknown","godslayer_malik","Unassigned","New","normal","2026-07-21T06:27:51.299Z"
"undefined","6a5f195f683eb940288e55fe","Unknown","addcompanydigital","Unassigned","New","normal","2026-07-21T07:01:51.234Z"
"undefined","6a5f1998683eb940288e571b","Unknown","write2azra","Unassigned","New","normal","2026-07-21T07:02:48.007Z"
"undefined","6a5f228f683eb940288e6a80","Unknown","asahab003","Unassigned","New","normal","2026-07-21T07:41:03.028Z"
"undefined","6a5f2326683eb940288e6a85","Unknown","khadeer8049","Unassigned","New","normal","2026-07-21T07:43:34.515Z"
"undefined","6a5f2419683eb940288e6a8a","Unknown","s.adnanshehzad","Unassigned","New","normal","2026-07-21T07:47:37.260Z"
"undefined","6a5f2612683eb940288e6a9f","Unknown","angel__sabi","Unassigned","New","normal","2026-07-21T07:56:02.192Z"
"undefined","6a5f2720683eb940288e6ab0","Unknown","hashmatali.shah.169","Unassigned","New","normal","2026-07-21T08:00:32.534Z"
"undefined","6a5f2c8d683eb940288e934b","Unknown","i._laf","Unassigned","New","normal","2026-07-21T08:23:41.037Z"
"undefined","6a5f2fcc683eb940288ebfdc","Unknown","zameerykb","Unassigned","New","normal","2026-07-21T08:37:32.794Z"
"undefined","6a5f3273683eb940288ec08f","Unknown","laiyameryam","Unassigned","New","normal","2026-07-21T08:48:51.476Z"
"undefined","6a5f3657683eb940288ee37d","Unknown","heenashabir4594","Unassigned","New","normal","2026-07-21T09:05:27.991Z"
"undefined","6a5f3887683eb940288f1052","Unknown","IG_User_1345695564207594","Unassigned","New","normal","2026-07-21T09:14:47.728Z"
"undefined","6a5f3dd8683eb940288f195b","Unknown","ruksana8561","Unassigned","New","normal","2026-07-21T09:37:28.747Z"
"undefined","6a5f440f683eb940288f2805","Unknown","IG_User_4407854036105999","Unassigned","New","normal","2026-07-21T10:03:59.014Z"
"undefined","6a5f443a683eb940288f2809","Unknown","abdul_gouse786","Unassigned","New","normal","2026-07-21T10:04:42.610Z"
"undefined","6a5f4c6b683eb940288f405f","Unknown","sadiquekoradia","Unassigned","New","normal","2026-07-21T10:39:39.001Z"
"undefined","6a5f4eb7683eb940288f4f66","Unknown","shaaahiidd","Unassigned","New","normal","2026-07-21T10:49:27.748Z"
"undefined","6a5f50da683eb940288f4f7a","Unknown","mohammed.kaleemuddin.165","Unassigned","New","normal","2026-07-21T10:58:34.473Z"
"undefined","6a5f53f5683eb940288f559c","Unknown","IG_User_1521638586375601","Unassigned","New","normal","2026-07-21T11:11:49.504Z"
"undefined","6a5f5739683eb94028900b81","Unknown","syeda_mariam786","Unassigned","New","normal","2026-07-21T11:25:45.840Z"
"undefined","6a5f5796683eb9402890789d","Unknown","shazalwaysloveu","Unassigned","New","normal","2026-07-21T11:27:18.172Z"
"undefined","6a5f5b65683eb9402892c0fe","Unknown","afzalkhatik_","Unassigned","New","normal","2026-07-21T11:43:33.980Z"
"undefined","6a5f5e34683eb9402892c425","Unknown","herbalcare.pune","Unassigned","New","normal","2026-07-21T11:55:32.267Z"
"undefined","6a5f5f13683eb9402892c428","Unknown","pitch_to_win","Unassigned","New","normal","2026-07-21T11:59:15.530Z"
"undefined","6a5f5f91683eb9402892c4e3","Unknown","mohammed2026326","Unassigned","New","normal","2026-07-21T12:01:21.921Z"
"undefined","6a5f7489683eb9402892e763","Unknown","IG_User_1755198632496932","Unassigned","New","normal","2026-07-21T13:30:49.637Z"
"undefined","6a5f799c683eb9402892eba9","Unknown","arshadmohammedarshad","Unassigned","New","normal","2026-07-21T13:52:28.258Z"
"undefined","6a5f818e683eb94028931425","Unknown","anwarjamil67","Unassigned","New","normal","2026-07-21T14:26:22.143Z"
"undefined","6a5f8794683eb940289336d4","Unknown","malak_faheem_ahmed","Unassigned","New","normal","2026-07-21T14:52:04.846Z"
"undefined","6a5f8802683eb940289336d7","Unknown","nn2.816","Unassigned","New","normal","2026-07-21T14:53:54.775Z"
"undefined","6a5f9ac9683eb94028937b74","Unknown","sibzz11","Unassigned","New","normal","2026-07-21T16:14:01.285Z"
"undefined","6a5fa369683eb94028938267","Unknown","hrfr76","Unassigned","New","normal","2026-07-21T16:50:49.091Z"
"undefined","6a5fa3c7683eb9402893826a","Unknown","IG_User_1020189617575197","Unassigned","New","normal","2026-07-21T16:52:23.933Z"
"undefined","6a5fa45d683eb9402893826f","Unknown","shueb_ahmed6","Unassigned","New","normal","2026-07-21T16:54:53.354Z"
"undefined","6a5fa799683eb94028938274","Unknown","sabah_chronicles","Unassigned","New","normal","2026-07-21T17:08:41.792Z"
"undefined","6a5fabf9683eb9402893828b","Unknown","abdulsubhan8955","Unassigned","New","normal","2026-07-21T17:27:21.818Z"
"undefined","6a5fbf52683eb94028940d89","Unknown","arshiasalma","Unassigned","New","normal","2026-07-21T18:49:54.873Z"
"undefined","6a5fd084683eb94028945252","Unknown","zainulnilofar","Unassigned","New","normal","2026-07-21T20:03:16.455Z"
"undefined","6a5fedda683eb9402894a865","Unknown","IG_User_1303248928306691","Unassigned","New","normal","2026-07-21T22:08:26.822Z"
"undefined","6a5ffd49683eb9402894a8c4","Unknown","dharmyaadharm","Unassigned","New","normal","2026-07-21T23:14:17.213Z"
"undefined","6a6006fc683eb9402894a8cc","Unknown","amr._.387","Unassigned","New","normal","2026-07-21T23:55:40.204Z"
"undefined","6a600ecd683eb9402894a8cf","Unknown","k_khan_sporty","Unassigned","New","normal","2026-07-22T00:29:01.534Z"
"undefined","6a601f5f683eb9402894a8ea","Unknown","IG_User_1057148903436455","Unassigned","New","normal","2026-07-22T01:39:43.510Z"
"undefined","6a60270d683eb9402894a8f2","Unknown","abdulsafuwan","Unassigned","New","normal","2026-07-22T02:12:29.715Z"
"undefined","6a603296683eb9402894a8f6","Unknown","moize.ali.39","Unassigned","New","normal","2026-07-22T03:01:42.712Z"
"undefined","6a6033c6683eb9402894a913","Unknown","sameerkhan.rever","Unassigned","New","normal","2026-07-22T03:06:46.280Z"
"undefined","6a6036b5683eb9402894b6d7","Unknown","nasir7143","Unassigned","New","normal","2026-07-22T03:19:17.809Z"
"undefined","6a603b9e683eb9402894b6da","Unknown","IG_User_1076938384993527","Unassigned","New","normal","2026-07-22T03:40:14.590Z"
"undefined","6a603c14683eb9402894b6dd","Unknown","javidulmuzaffar1984","Unassigned","New","normal","2026-07-22T03:42:12.397Z"
"undefined","6a604fd5683eb9402894d3f5","Unknown","IG_User_1516233036484526","Unassigned","New","normal","2026-07-22T05:06:29.661Z"
"undefined","6a605046683eb9402894d3f8","Unknown","IG_User_1014106884854893","Unassigned","New","normal","2026-07-22T05:08:22.159Z"
"undefined","6a605e4c683eb9402894e682","Unknown","authormufaddalbayadwala","Unassigned","New","normal","2026-07-22T06:08:12.367Z"
"undefined","6a60702b683eb9402894f238","Unknown","suhailansari899","Unassigned","New","normal","2026-07-22T07:24:27.007Z"
"undefined","6a607cce683eb94028975bb5","Unknown","irshad.5032","Unassigned","New","normal","2026-07-22T08:18:22.666Z"
"undefined","6a607cf3683eb94028975bb8","Unknown","IG_User_1550821360018048","Unassigned","New","normal","2026-07-22T08:18:59.501Z"
"undefined","6a6083dc683eb940289776ef","Unknown","irfan_abdulrahman","Unassigned","New","normal","2026-07-22T08:48:28.488Z"
"undefined","6a60842d683eb9402897930c","Unknown","IG_User_2135693114494585","Unassigned","New","normal","2026-07-22T08:49:49.244Z"
"undefined","6a608466683eb9402897931d","Unknown","salient_starss.1102","Unassigned","New","normal","2026-07-22T08:50:46.420Z"
"undefined","6a6084a5683eb94028979324","Unknown","dazzling.ezaz","Unassigned","New","normal","2026-07-22T08:51:49.194Z"
"undefined","6a608a043dd11759ca98b49a","Unknown","arshi_yaumar","Unassigned","New","normal","2026-07-22T09:14:44.519Z"
"undefined","6a608d193dd11759ca98b4b8","Unknown","mohammadyaseerhussain","Unassigned","New","normal","2026-07-22T09:27:53.164Z"
"undefined","6a608d893dd11759ca98b4c7","Unknown","ayeshaayesha1951","Unassigned","New","normal","2026-07-22T09:29:45.970Z"
"undefined","6a6098a63dd11759ca98b565","Unknown","sanaul78692","Unassigned","New","normal","2026-07-22T10:17:10.024Z"
"undefined","6a609d5b3dd11759ca98b58f","Unknown","mohammed.muqthar.7","Unassigned","New","normal","2026-07-22T10:37:15.691Z"
"undefined","6a609f8a3dd11759ca98b5a1","Unknown","IG_User_1574381644284519","Unassigned","New","normal","2026-07-22T10:46:34.877Z"
"undefined","6a60a2db3dd11759ca98b5a7","Unknown","husain.marium","Unassigned","New","normal","2026-07-22T11:00:43.918Z"
"undefined","6a60a3b63dd11759ca98b5aa","Unknown","IG_User_1593779372164922","Unassigned","New","normal","2026-07-22T11:04:22.958Z"
"undefined","6a60a40f3dd11759ca98b5b7","Unknown","IG_User_1397631445596373","Unassigned","New","normal","2026-07-22T11:05:51.426Z"
"undefined","6a60a5683dd11759ca98b5c9","Unknown","tauseefur5","Unassigned","New","normal","2026-07-22T11:11:36.091Z"
"undefined","6a60a6e23dd11759ca98b5e0","Unknown","inamdararsheen","Unassigned","New","normal","2026-07-22T11:17:54.115Z"
"undefined","6a60ac433dd11759ca98b60e","Unknown","shaista_ummar_","Unassigned","New","normal","2026-07-22T11:40:51.596Z"
"undefined","6a60b9283dd11759ca98b705","Unknown","tajamulahmed","Unassigned","New","normal","2026-07-22T12:35:52.635Z"
"undefined","6a60bcd03dd11759ca98b786","Unknown","zahidkhan_8583","Unassigned","New","normal","2026-07-22T12:51:28.902Z"
"undefined","6a60c57c3dd11759ca98b7ec","Unknown","aaquib_here_","Unassigned","New","normal","2026-07-22T13:28:28.840Z"
"undefined","6a60cd173dd11759ca98b8b5","Unknown","mana_baig5","Unassigned","New","normal","2026-07-22T14:00:55.390Z"
"undefined","6a60cdcb3dd11759ca98b8c4","Unknown","aatif_mohd_","Unassigned","New","normal","2026-07-22T14:03:55.337Z"
"undefined","6a60d0083dd11759ca98b967","Unknown","_the.hafsa","Unassigned","New","normal","2026-07-22T14:13:28.951Z"
"undefined","6a60d93ee3865111720e7d31","Unknown","febincmelatt","Unassigned","New","normal","2026-07-22T14:52:46.056Z"
"undefined","6a60d954e3865111720e7d34","Unknown","mendhibyamina007","Unassigned","New","normal","2026-07-22T14:53:08.935Z"
"undefined","6a60d98ce3865111720e7d40","Unknown","IG_User_1446298263983091","Unassigned","New","normal","2026-07-22T14:54:04.276Z"
"undefined","6a60e803e3865111720e7fb6","Unknown","IG_User_947823291642970","Unassigned","New","normal","2026-07-22T15:55:47.088Z"
"undefined","6a60ea31e3865111720e7fbd","Unknown","muskanrehman55","Unassigned","New","normal","2026-07-22T16:05:05.751Z"
"undefined","6a60ec94e3865111720e8004","Unknown","sjameel66","Unassigned","New","normal","2026-07-22T16:15:16.940Z"
"undefined","6a60ef55e3865111720e8033","Unknown","IG_User_2048035286104616","Unassigned","New","normal","2026-07-22T16:27:01.446Z"
"undefined","6a60ef8de3865111720e8036","Unknown","ehtu.iqbal","Unassigned","New","normal","2026-07-22T16:27:57.696Z"
"undefined","6a60f693e3865111720e8057","Unknown","_shaks_24","Unassigned","New","normal","2026-07-22T16:57:55.861Z"
"undefined","6a60f924e3865111720e8084","Unknown","mysoc_ialmedia","Unassigned","New","normal","2026-07-22T17:08:52.442Z"
"undefined","6a60fe9fe3865111720e8103","Unknown","salma_bint_sardar","Unassigned","New","normal","2026-07-22T17:32:15.924Z"
"undefined","6a60ff7ae3865111720e8108","Unknown","____majid2910","Unassigned","New","normal","2026-07-22T17:35:54.838Z"
"undefined","6a610078e3865111720e810b","Unknown","aqueelaanjum","Unassigned","New","normal","2026-07-22T17:40:08.702Z"
"undefined","6a610c47e3865111720e840d","Unknown","mohammed.saleem.9210","Unassigned","New","normal","2026-07-22T18:30:31.348Z"
"undefined","6a611342e3865111720e8412","Unknown","kaifdiaries_","Unassigned","New","normal","2026-07-22T19:00:18.156Z"
"undefined","6a61171de3865111720e8415","Unknown","IG_User_1539525661001992","Unassigned","New","normal","2026-07-22T19:16:45.050Z"
"undefined","6a6118a5e3865111720e8420","Unknown","nabeellights","Unassigned","New","normal","2026-07-22T19:23:17.561Z"
"undefined","6a611db4e3865111720e842a","Unknown","IG_User_1366409328185506","Unassigned","New","normal","2026-07-22T19:44:52.604Z"
"undefined","6a611fc6e3865111720e842d","Unknown","urstruely_shosseven","Unassigned","New","normal","2026-07-22T19:53:42.706Z"
"undefined","6a6120f8e3865111720e8430","Unknown","syed.siddiq.526","Unassigned","New","normal","2026-07-22T19:58:48.022Z"
"undefined","6a61223ae3865111720e8433","Unknown","ishaque_syed_official","Unassigned","New","normal","2026-07-22T20:04:10.589Z"
"undefined","6a6122d2e3865111720e843c","Unknown","IG_User_1565013184978050","Unassigned","New","normal","2026-07-22T20:06:42.446Z"
"undefined","6a613ae8e3865111720e849c","Unknown","i_am.sohail","Unassigned","New","normal","2026-07-22T21:49:28.720Z"
"undefined","6a615b75e3865111720e84ab","Unknown","_ibrahim_azher","Unassigned","New","normal","2026-07-23T00:08:21.766Z"
"undefined","6a617aede3865111720e84af","Unknown","IG_User_3338644606434809","Unassigned","New","normal","2026-07-23T02:22:37.249Z"
"undefined","6a617ef7e3865111720e84b3","Unknown","gogroupglobal","Unassigned","New","normal","2026-07-23T02:39:51.380Z"
"undefined","6a6185e9e3865111720e84bb","Unknown","waheeda.munir","Unassigned","New","normal","2026-07-23T03:09:29.160Z"
"undefined","6a61a325e3865111720e84da","Unknown","afzalahmedkhalid","Unassigned","New","normal","2026-07-23T05:14:13.894Z"
"undefined","6a61b2d1e3865111720e84e0","Unknown","syeda_seema1","Unassigned","New","normal","2026-07-23T06:21:05.319Z"
"undefined","6a61b8d7e3865111720e84e6","Unknown","IG_User_1350140293878133","Unassigned","New","normal","2026-07-23T06:46:47.546Z"
"undefined","6a61c6d4e3865111720e8502","Unknown","mdrafeequrrahman","Unassigned","New","normal","2026-07-23T07:46:28.847Z"
"undefined","6a61cf09e3865111720e850f","Unknown","IG_User_2397950904065192","Unassigned","New","normal","2026-07-23T08:21:29.718Z"
"undefined","6a61cf46e3865111720e8512","Unknown","muhammadabuyahya23","Unassigned","New","normal","2026-07-23T08:22:30.403Z"
"undefined","6a61cf77e3865111720e8515","Unknown","yusufkhan6307","Unassigned","New","normal","2026-07-23T08:23:19.968Z"
"undefined","6a61d9c2e3865111720e85cc","Unknown","IG_User_3130197710483978","Unassigned","New","normal","2026-07-23T09:07:14.810Z"
"undefined","6a61da5be3865111720e85cf","Unknown","naturallove943","Unassigned","New","normal","2026-07-23T09:09:47.676Z"
"undefined","6a61dadfe3865111720e8612","Unknown","IG_User_4461769464079558","Unassigned","New","normal","2026-07-23T09:11:59.785Z"
"undefined","6a61de14e3865111720e8674","Unknown","IG_User_2040773336522986","Unassigned","New","normal","2026-07-23T09:25:40.052Z"
"undefined","6a61e747e3865111720e86f3","Unknown","mitaglobaltrade","Unassigned","New","normal","2026-07-23T10:04:55.069Z"
"undefined","6a620069e3865111720e88dc","Unknown","peaceful_indian","Unassigned","New","normal","2026-07-23T11:52:09.455Z"
"undefined","6a6207fae3865111720e8917","Unknown","IG_User_1454589663147380","Unassigned","New","normal","2026-07-23T12:24:26.874Z"
"undefined","6a620878e3865111720e891a","Unknown","IG_User_1043540341708006","Unassigned","New","normal","2026-07-23T12:26:32.040Z"
"undefined","6a620e4ee3865111720e89e1","Unknown","ambareennadim","Unassigned","New","normal","2026-07-23T12:51:26.226Z"
"undefined","6a620f82e3865111720e89fa","Unknown","IG_User_1378367477540133","Unassigned","New","normal","2026-07-23T12:56:34.732Z"
"undefined","6a6222c9e3865111720e8af4","Unknown","zarinana13","Unassigned","New","normal","2026-07-23T14:18:49.470Z"
"undefined","6a62269ee3865111720e8b18","Unknown","ayan74063","Unassigned","New","normal","2026-07-23T14:35:10.867Z"
"undefined","6a62327be3865111720e8bce","Unknown","masarathh_","Unassigned","New","normal","2026-07-23T15:25:47.428Z"
"undefined","6a623597e3865111720e8bed","Unknown","shahnaz19992025","Unassigned","New","normal","2026-07-23T15:39:03.279Z"
"undefined","6a623975e3865111720e8bf6","Unknown","kaleemkaleem4386","Unassigned","New","normal","2026-07-23T15:55:33.410Z"
"undefined","6a624dbce3865111720e8c15","Unknown","sbanu846","Unassigned","New","normal","2026-07-23T17:22:04.713Z"
"undefined","6a624f0ae3865111720e8c18","Unknown","althfjaveed","Unassigned","New","normal","2026-07-23T17:27:38.605Z"
"undefined","6a624f86e3865111720e8c1b","Unknown","soulfullearning2024","Unassigned","New","normal","2026-07-23T17:29:42.879Z"
"undefined","6a625bc9e3865111720e8c43","Unknown","_abdul_raheem_","Unassigned","New","normal","2026-07-23T18:22:01.621Z"
"undefined","6a625d67e3865111720e8c46","Unknown","tanbirashraf","Unassigned","New","normal","2026-07-23T18:28:55.751Z"
"undefined","6a626191e3865111720e8c49","Unknown","tabassum3859","Unassigned","New","normal","2026-07-23T18:46:41.202Z"
"undefined","6a626b0de3865111720e8c4d","Unknown","sayyadmirhadi","Unassigned","New","normal","2026-07-23T19:27:09.060Z"
"undefined","6a62b16be3865111720e8c63","Unknown","fayehalesparfums","Unassigned","New","normal","2026-07-24T00:27:23.150Z"
"undefined","6a62c2b6e3865111720e8c6f","Unknown","yaseen_abbasi0144","Unassigned","New","normal","2026-07-24T01:41:10.040Z"
"undefined","6a62c362e3865111720e8c72","Unknown","IG_User_2248741265972187","Unassigned","New","normal","2026-07-24T01:44:02.047Z"
"undefined","6a62ca6ee3865111720e8c76","Unknown","zafarulla_mohamed","Unassigned","New","normal","2026-07-24T02:14:06.338Z"
"undefined","6a62dbbde3865111720e8c79","Unknown","trueindian66","Unassigned","New","normal","2026-07-24T03:27:57.319Z"
"undefined","6a62e148e3865111720e8c8a","Unknown","mohamed_ghouse_adv","Unassigned","New","normal","2026-07-24T03:51:36.689Z"
"undefined","6a62e34fe3865111720e8c8d","Unknown","IG_User_1057437163465988","Unassigned","New","normal","2026-07-24T04:00:15.515Z"
"undefined","6a62e63ae3865111720e8c90","Unknown","karanlik_zihin_","Unassigned","New","normal","2026-07-24T04:12:42.525Z"
"undefined","6a62e861e3865111720e8c93","Unknown","sk.han1840","Unassigned","New","normal","2026-07-24T04:21:53.982Z"
"undefined","6a62eab8e3865111720e8c98","Unknown","IG_User_1333322295430165","Unassigned","New","normal","2026-07-24T04:31:52.719Z"
"undefined","6a62f3a8e3865111720e8cc0","Unknown","am_reen318","Unassigned","New","normal","2026-07-24T05:10:00.564Z"
"undefined","6a62f6e4e3865111720e8ccc","Unknown","IG_User_1843928367089885","Unassigned","New","normal","2026-07-24T05:23:48.366Z"
"undefined","6a630d2a756d238d1ae79213","Unknown","ashfaqhajani","Unassigned","New","normal","2026-07-24T06:58:50.759Z"
"undefined","6a63156a756d238d1ae79225","Unknown","IG_User_2189488614926953","Unassigned","New","normal","2026-07-24T07:34:02.878Z"
"undefined","6a631e92756d238d1ae79280","Unknown","mr.arrogant5","Unassigned","New","normal","2026-07-24T08:13:06.865Z"
"undefined","6a63216c94482b58f4635390","Unknown","farrrrhaaaan","Unassigned","New","normal","2026-07-24T08:25:16.948Z"
"undefined","6a63324f94482b58f46354f8","Unknown","ch_arham007_","Unassigned","New","normal","2026-07-24T09:37:19.380Z"
"undefined","6a63426a94482b58f4635664","Unknown","seatcraft.in","Unassigned","New","normal","2026-07-24T10:46:02.691Z"
"undefined","6a635d4994482b58f4635d82","Unknown","zoyafatima6294","Unassigned","New","normal","2026-07-24T12:40:41.079Z"
"undefined","6a63716b94482b58f463611a","Unknown","IG_User_1632539248305290","Unassigned","New","normal","2026-07-24T14:06:35.611Z"
"undefined","6a637ac194482b58f463617f","Unknown","IG_User_920296037032523","Unassigned","New","normal","2026-07-24T14:46:25.251Z"
"undefined","6a637c4894482b58f4636182","Unknown","IG_User_1851506789356554","Unassigned","New","normal","2026-07-24T14:52:56.676Z"
"undefined","6a637fa594482b58f463618b","Unknown","hussain_hafesji","Unassigned","New","normal","2026-07-24T15:07:17.990Z"
"undefined","6a6382ec94482b58f4636197","Unknown","md_masih786","Unassigned","New","normal","2026-07-24T15:21:16.443Z"
"undefined","6a63850194482b58f463619a","Unknown","creozen_ltd","Unassigned","New","normal","2026-07-24T15:30:09.466Z"
"undefined","6a63852d94482b58f463619d","Unknown","IG_User_1593239352144408","Unassigned","New","normal","2026-07-24T15:30:53.788Z"
"undefined","6a63876894482b58f46361aa","Unknown","exotic_fruits13","Unassigned","New","normal","2026-07-24T15:40:24.966Z"
"undefined","6a63899e94482b58f46361ad","Unknown","IG_User_1407052341268693","Unassigned","New","normal","2026-07-24T15:49:50.031Z"
"undefined","6a63932994482b58f46361be","Unknown","itz.just_me_ya","Unassigned","New","normal","2026-07-24T16:30:33.041Z"
"undefined","6a6398f494482b58f46361c4","Unknown","IG_User_1697174694739497","Unassigned","New","normal","2026-07-24T16:55:16.104Z"
"undefined","6a639c5094482b58f46361d1","Unknown","IG_User_1632616791764301","Unassigned","New","normal","2026-07-24T17:09:36.926Z"
"undefined","6a639cde94482b58f46361d5","Unknown","ayazahmed2323","Unassigned","New","normal","2026-07-24T17:11:58.562Z"
"undefined","6a63b4be94482b58f46361ec","Unknown","syedfasiuddinaftab","Unassigned","New","normal","2026-07-24T18:53:50.063Z"
"undefined","6a63b67b94482b58f46361ef","Unknown","resin_dream_hub","Unassigned","New","normal","2026-07-24T19:01:15.687Z"
"undefined","6a63bb3494482b58f46361f9","Unknown","riyaz.ultimate","Unassigned","New","normal","2026-07-24T19:21:24.598Z"
"undefined","6a63c7d694482b58f4636202","Unknown","__zaidszaid__","Unassigned","New","normal","2026-07-24T20:15:18.107Z"
"undefined","6a63cb3894482b58f463620c","Unknown","iam_mohammed_siraj","Unassigned","New","normal","2026-07-24T20:29:44.536Z"
"undefined","6a63d7f694482b58f4636237","Unknown","fabsfj","Unassigned","New","normal","2026-07-24T21:24:06.089Z"
"undefined","6a63dd4094482b58f463623f","Unknown","IG_User_907365515136604","Unassigned","New","normal","2026-07-24T21:46:40.384Z"
"undefined","6a63fc6894482b58f463624f","Unknown","resha_overseas","Unassigned","New","normal","2026-07-24T23:59:36.900Z"
"undefined","6a63fc8d94482b58f4636252","Unknown","fazalrakhange","Unassigned","New","normal","2026-07-25T00:00:13.872Z"
"undefined","6a6408f894482b58f463625b","Unknown","qadeer.ayesha","Unassigned","New","normal","2026-07-25T00:53:12.555Z"
"undefined","6a640fad94482b58f463626a","Unknown","IG_User_27714009634933612","Unassigned","New","normal","2026-07-25T01:21:49.977Z"
"undefined","6a6415bc94482b58f4636270","Unknown","IG_User_900916023073486","Unassigned","New","normal","2026-07-25T01:47:40.763Z"
"undefined","6a641a4394482b58f4636276","Unknown","mas4aus","Unassigned","New","normal","2026-07-25T02:06:59.108Z"
"undefined","6a641ed394482b58f463627b","Unknown","khalidsiddiquiadv","Unassigned","New","normal","2026-07-25T02:26:27.964Z"
"undefined","6a6424a294482b58f4636281","Unknown","IG_User_1750957962887831","Unassigned","New","normal","2026-07-25T02:51:14.574Z"
"undefined","6a64352994482b58f4636292","Unknown","IG_User_1755780202231777","Unassigned","New","normal","2026-07-25T04:01:45.408Z"
"undefined","6a64357e94482b58f4636295","Unknown","mdmminhajuddin71","Unassigned","New","normal","2026-07-25T04:03:10.132Z"
"undefined","6a644eda94482b58f46362ac","Unknown","omarfarooqmirza","Unassigned","New","normal","2026-07-25T05:51:22.284Z"
"undefined","6a644ffe94482b58f46362af","Unknown","shahid.aero1","Unassigned","New","normal","2026-07-25T05:56:14.928Z"
"undefined","6a6452f794482b58f46362b2","Unknown","IG_User_1533363751360657","Unassigned","New","normal","2026-07-25T06:08:55.345Z"
"undefined","6a645a6f94482b58f46362dc","Unknown","IG_User_1385356163512439","Unassigned","New","normal","2026-07-25T06:40:47.645Z"
"undefined","6a645dac94482b58f46362e3","Unknown","aazizmulla","Unassigned","New","normal","2026-07-25T06:54:36.334Z"
"undefined","6a64680194482b58f46362fb","Unknown","IG_User_1340489041586112","Unassigned","New","normal","2026-07-25T07:38:41.126Z"
"undefined","6a646b9294482b58f463633e","Unknown","IG_User_2263099371119007","Unassigned","New","normal","2026-07-25T07:53:54.343Z"
"undefined","6a646ed294482b58f4636385","Unknown","re.hana324","Unassigned","New","normal","2026-07-25T08:07:46.998Z"
"undefined","6a64798dfbb431e408dbb851","Legacy Member Test","Unknown","Super Admin","Won","normal","2025-11-15T10:00:00.000Z"
"undefined","6a64898e94482b58f46363ca","Unknown","saj7014","Unassigned","New","normal","2026-07-25T10:01:50.236Z"
"undefined","6a64978394482b58f4636489","Unknown","parvezviju","Unassigned","New","normal","2026-07-25T11:01:23.475Z"
"undefined","6a649b7794482b58f46364b9","Unknown","IG_User_926830100439481","Unassigned","New","normal","2026-07-25T11:18:15.184Z"
"undefined","6a64ad2294482b58f463656a","Unknown","allwissend_sd","Unassigned","New","normal","2026-07-25T12:33:38.372Z"
"undefined","6a64be39dc6071a1621a2915","Unknown","syed_.arshad_.ali","Unassigned","New","normal","2026-07-25T13:46:33.718Z"
"undefined","6a64ccdddc6071a1621a2a48","Unknown","mannansami2013","Unassigned","New","normal","2026-07-25T14:49:01.910Z"
"undefined","6a64cedadc6071a1621a2aed","Unknown","sufyan_bihari","Unassigned","New","normal","2026-07-25T14:57:30.830Z"
"undefined","6a64dceddc6071a1621a2c0e","Unknown","lalanvar","Unassigned","New","normal","2026-07-25T15:57:33.319Z"
"undefined","6a64ef5edc6071a1621a2c41","Unknown","IG_User_1415589683746494","Unassigned","New","normal","2026-07-25T17:16:14.297Z"
"undefined","6a64f0bedc6071a1621a2c44","Unknown","blessed_anass","Unassigned","New","normal","2026-07-25T17:22:06.014Z"
"undefined","6a64f824dc6071a1621a2c4c","Unknown","IG_User_1357305193210983","Unassigned","New","normal","2026-07-25T17:53:40.317Z"
"undefined","6a64fa4ddc6071a1621a2c4f","Unknown","simpleits431","Unassigned","New","normal","2026-07-25T18:02:53.207Z"
"undefined","6a64fd92dc6071a1621a2c54","Unknown","aftabansari6829","Unassigned","New","normal","2026-07-25T18:16:50.404Z"
"undefined","6a64ff01dc6071a1621a2c57","Unknown","8325sagar1","Unassigned","New","normal","2026-07-25T18:22:57.086Z"
"undefined","6a6502dddc6071a1621a2c5c","Unknown","nadeem231o","Unassigned","New","normal","2026-07-25T18:39:25.920Z"
"undefined","6a650934dc6071a1621a2c64","Unknown","azarchictet","Unassigned","New","normal","2026-07-25T19:06:28.091Z"
"undefined","6a651886dc6071a1621a2c70","Unknown","salafi.reminders_","Unassigned","New","normal","2026-07-25T20:11:50.345Z"
"undefined","6a655792dc6071a1621a2e3a","Unknown","919shaikh","Unassigned","New","normal","2026-07-26T00:40:50.926Z"
"undefined","6a655cd8dc6071a1621a2e3d","Unknown","khalid_sayeed","Unassigned","New","normal","2026-07-26T01:03:20.240Z"
"undefined","6a656660dc6071a1621a2e45","Unknown","IG_User_1387216883264773","Unassigned","New","normal","2026-07-26T01:44:00.920Z"
"undefined","6a657145dc6071a1621a3020","Unknown","shamoh_gabbar","Unassigned","New","normal","2026-07-26T02:30:29.745Z"
"undefined","6a6576c9dc6071a1621a306b","Unknown","saba_shariff17","Unassigned","New","normal","2026-07-26T02:54:01.234Z"
"undefined","6a657b5fdc6071a1621a306f","Unknown","shoaib_281","Unassigned","New","normal","2026-07-26T03:13:35.006Z"
"undefined","6a65890fdc6071a1621a3085","Unknown","goat_lovet","Unassigned","New","normal","2026-07-26T04:11:59.023Z"
"undefined","6a6591e2dc6071a1621a30a2","Unknown","solanki_proofing","Unassigned","New","normal","2026-07-26T04:49:38.527Z"
"undefined","6a6593c5dc6071a1621a30a5","Unknown","asquareevents2","Unassigned","New","normal","2026-07-26T04:57:41.650Z"
"undefined","6a659564dc6071a1621a30ad","Unknown","saadia.mujahid23","Unassigned","New","normal","2026-07-26T05:04:36.073Z"
"undefined","6a659634dc6071a1621a30b0","Unknown","deadcalm_07","Unassigned","New","normal","2026-07-26T05:08:04.008Z"
"undefined","6a65aeaedc6071a1621a30f4","Unknown","draneesfathima9","Unassigned","New","normal","2026-07-26T06:52:30.204Z"
"undefined","6a65b5b7dc6071a1621a30fa","Unknown","IG_User_37117556354556378","Unassigned","New","normal","2026-07-26T07:22:31.807Z"
"undefined","6a65b825dc6071a1621a30fd","Unknown","furqan___zaid","Unassigned","New","normal","2026-07-26T07:32:53.310Z"
"undefined","6a65c154dc6071a1621a312b","Unknown","IG_User_1979914309168984","Unassigned","New","normal","2026-07-26T08:12:04.208Z"
"undefined","6a65c1fcdc6071a1621a312e","Unknown","parveen.hussain.758","Unassigned","New","normal","2026-07-26T08:14:52.598Z"
"undefined","6a65c490dc6071a1621a3131","Unknown","shabanarashid41","Unassigned","New","normal","2026-07-26T08:25:52.208Z"
"undefined","6a65c800dc6071a1621a313a","Unknown","pk6673","Unassigned","New","normal","2026-07-26T08:40:32.797Z"
"undefined","6a65c988dc6071a1621a3141","Unknown","foodie_._doc","Unassigned","New","normal","2026-07-26T08:47:04.410Z"
"undefined","6a65d91cdc6071a1621a3183","Unknown","vasim_habib","Unassigned","New","normal","2026-07-26T09:53:32.617Z"
"undefined","6a65ee7bdc6071a1621a3209","Unknown","IG_User_1424709186380488","Unassigned","New","normal","2026-07-26T11:24:43.921Z"
"undefined","6a65eea8dc6071a1621a320c","Unknown","IG_User_896777330158088","Unassigned","New","normal","2026-07-26T11:25:28.422Z"
"undefined","6a65ef5edc6071a1621a3214","Unknown","IG_User_1047303687887998","Unassigned","New","normal","2026-07-26T11:28:30.208Z"
"undefined","6a65f0d7dc6071a1621a3236","Unknown","boundcellll","Unassigned","New","normal","2026-07-26T11:34:47.735Z"
"undefined","6a66037bdc6071a1621a32e5","Unknown","dublancdubai","Unassigned","New","normal","2026-07-26T12:54:19.312Z"
"undefined","6a6613fddc6071a1621a3342","Unknown","IG_User_1512743117185925","Unassigned","New","normal","2026-07-26T14:04:45.151Z"
"undefined","6a661af2dc6071a1621a3346","Unknown","swan44502","Unassigned","New","normal","2026-07-26T14:34:26.199Z"
"undefined","6a661c6edc6071a1621a3349","Unknown","shaikhshameem83","Unassigned","New","normal","2026-07-26T14:40:46.059Z"
"undefined","6a6628d4dc6071a1621a343a","Unknown","IG_User_817116418059402","Unassigned","New","normal","2026-07-26T15:33:40.362Z"
"undefined","6a663207dc6071a1621a345e","Unknown","adnanqazi___","Unassigned","New","normal","2026-07-26T16:12:55.463Z"
"undefined","6a663ba5dc6071a1621a3478","Unknown","habeeb.08","Unassigned","New","normal","2026-07-26T16:53:57.811Z"
"undefined","6a6642aadc6071a1621a3483","Unknown","parvez_1947","Unassigned","New","normal","2026-07-26T17:23:54.549Z"
"undefined","6a66445fdc6071a1621a34d2","Unknown","IG_User_1506796607577031","Unassigned","New","normal","2026-07-26T17:31:11.022Z"
"undefined","6a664601dc6071a1621a34d7","Unknown","syed.arif.188","Unassigned","New","normal","2026-07-26T17:38:09.620Z"
"undefined","6a66592edc6071a1621a397b","Unknown","IG_User_1337048735209177","Unassigned","New","normal","2026-07-26T18:59:58.302Z"
"undefined","6a667cc7dc6071a1621a3994","Unknown","IG_User_4050965945034991","Unassigned","New","normal","2026-07-26T21:31:51.916Z"
"undefined","6a66a9ce8980ab9aa38b47d6","Unknown","IG_User_1278634821989651","Unassigned","New","normal","2026-07-27T00:43:58.672Z"
"undefined","6a66af998980ab9aa38b47fa","Unknown","IG_User_883706180788685","Unassigned","New","normal","2026-07-27T01:08:41.359Z"
"undefined","6a66b6b78980ab9aa38b4814","Unknown","just.khateeb","Unassigned","New","normal","2026-07-27T01:39:03.710Z"
"undefined","6a66c23a8980ab9aa38b481c","Unknown","IG_User_3081350148728581","Unassigned","New","normal","2026-07-27T02:28:10.208Z"
"undefined","6a66c61c8980ab9aa38b481f","Unknown","IG_User_1362007486035250","Unassigned","New","normal","2026-07-27T02:44:44.474Z"
"undefined","6a66cd7e8980ab9aa38b4829","Unknown","javed_rashid__khan","Unassigned","New","normal","2026-07-27T03:16:14.523Z"
"undefined","6a66dd808980ab9aa38b4839","Unknown","rider_.7","Unassigned","New","normal","2026-07-27T04:24:32.639Z"
"undefined","6a66e3ec8980ab9aa38b483c","Unknown","wazzy932","Unassigned","New","normal","2026-07-27T04:51:56.747Z"
"undefined","6a66eeca8980ab9aa38b49d8","Unknown","aven.ue786","Unassigned","New","normal","2026-07-27T05:38:18.184Z"
"undefined","6a6702f58980ab9aa38b4ae1","Unknown","hameed.56_","Unassigned","New","normal","2026-07-27T07:04:21.638Z"
"undefined","6a6704458980ab9aa38b4b0a","Unknown","IG_User_1563694685310031","Unassigned","New","normal","2026-07-27T07:09:57.634Z"
"undefined","6a67068b8980ab9aa38b4b11","Unknown","iamabdulhameedofficial","Unassigned","New","normal","2026-07-27T07:19:39.361Z"
"undefined","6a67131e8980ab9aa38b4b43","Unknown","similarstories","Unassigned","New","normal","2026-07-27T08:13:18.403Z"
"undefined","6a671ab18980ab9aa38b4b4e","Unknown","arsln00013","Unassigned","New","normal","2026-07-27T08:45:37.215Z"
"undefined","6a6725dc8980ab9aa38b4b58","Unknown","ab.dulla1502","Unassigned","New","normal","2026-07-27T09:33:16.986Z"
"undefined","6a6734db8980ab9aa38b4bb7","Unknown","_.ahmed.23._","Unassigned","New","normal","2026-07-27T10:37:15.638Z"
"undefined","6a6736948980ab9aa38b4bf7","Unknown","siddiqui__897","Unassigned","New","normal","2026-07-27T10:44:36.199Z"
"undefined","6a6757398980ab9aa38b4cf6","Unknown","mindful_numerologer","Unassigned","New","normal","2026-07-27T13:03:53.289Z"
"undefined","6a6784638980ab9aa38b4da3","Unknown","IG_User_2902006413478618","Unassigned","New","normal","2026-07-27T16:16:35.384Z"
"undefined","6a67873b8980ab9aa38b4da6","Unknown","IG_User_1677553166856370","Unassigned","New","normal","2026-07-27T16:28:43.249Z"
"undefined","6a6788b08980ab9aa38b4da9","Unknown","thegulmarg","Unassigned","New","normal","2026-07-27T16:34:56.784Z"
"undefined","6a6796638980ab9aa38b4db3","Unknown","IG_User_1389420789754092","Unassigned","New","normal","2026-07-27T17:33:23.103Z"
"undefined","6a6798808980ab9aa38b4dbb","Unknown","s_a_m_e_e_r_02","Unassigned","New","normal","2026-07-27T17:42:24.958Z"
"undefined","6a67a3678980ab9aa38b4dd9","Unknown","saudahmad0106","Unassigned","New","normal","2026-07-27T18:28:55.464Z"
"undefined","6a67aa328980ab9aa38b4e27","Unknown","bismahf.a","Unassigned","New","normal","2026-07-27T18:57:54.679Z"
"undefined","6a67abca8980ab9aa38b4e3c","Unknown","md_qaasim","Unassigned","New","normal","2026-07-27T19:04:42.356Z"
"undefined","6a67abdf8980ab9aa38b4e3f","Unknown","fariyashaikh___","Unassigned","New","normal","2026-07-27T19:05:03.421Z"
"undefined","6a67acc38980ab9aa38b4e45","Unknown","IG_User_1034904945838195","Unassigned","New","normal","2026-07-27T19:08:51.870Z"
"undefined","6a67acd18980ab9aa38b4e48","Unknown","IG_User_1117540390699240","Unassigned","New","normal","2026-07-27T19:09:05.259Z"
"undefined","6a67af2a8980ab9aa38b4e86","Unknown","IG_User_3703269786489665","Unassigned","New","normal","2026-07-27T19:19:06.051Z"
"undefined","6a67b04e8980ab9aa38b4e96","Unknown","zara_serafin23","Unassigned","New","normal","2026-07-27T19:23:58.539Z"
"undefined","6a67b0808980ab9aa38b4e9b","Unknown","IG_User_1054303020401262","Unassigned","New","normal","2026-07-27T19:24:48.021Z"
"undefined","6a67b5f48980ab9aa38b4eb1","Unknown","IG_User_1038509755217320","Unassigned","New","normal","2026-07-27T19:48:04.782Z"
"undefined","6a67bb2f8980ab9aa38b4ec2","Unknown","IG_User_1698966344548523","Unassigned","New","normal","2026-07-27T20:10:23.518Z"
"undefined","6a67c2768980ab9aa38b4ed1","Unknown","mohammed_adil_any","Unassigned","New","normal","2026-07-27T20:41:26.854Z"
"undefined","6a67ecc58980ab9aa38b4eec","Unknown","sanki_rapper","Unassigned","New","normal","2026-07-27T23:41:57.913Z"
"undefined","6a67f1948980ab9aa38b4eef","Unknown","stanveer44","Unassigned","New","normal","2026-07-28T00:02:28.249Z"
"undefined","6a67f9a88980ab9aa38b4ef2","Unknown","altamash7474","Unassigned","New","normal","2026-07-28T00:36:56.913Z"
"undefined","6a67fbe68980ab9aa38b4ef5","Unknown","IG_User_944611794704215","Unassigned","New","normal","2026-07-28T00:46:30.038Z"
"undefined","6a6814ff8980ab9aa38b4f03","Unknown","azajtbm_offical","Unassigned","New","normal","2026-07-28T02:33:35.311Z"
"undefined","6a6814ff8980ab9aa38b4f05","Unknown","azherh08","Unassigned","New","normal","2026-07-28T02:33:35.934Z"
"undefined","6a6818378980ab9aa38b4f09","Unknown","amanah.farmhouse","Unassigned","New","normal","2026-07-28T02:47:19.997Z"
"undefined","6a6818788980ab9aa38b4f0c","Unknown","noufil_ak","Unassigned","New","normal","2026-07-28T02:48:24.169Z"
"undefined","6a68367c8980ab9aa38b4f3c","Unknown","IG_User_1659770938419670","Unassigned","New","normal","2026-07-28T04:56:28.947Z"
"undefined","6a68459f8980ab9aa38b4f46","Unknown","filmbyimranabid","Unassigned","New","normal","2026-07-28T06:01:03.783Z"
"undefined","6a6850138980ab9aa38b507d","Unknown","farheen.fatima1228","Unassigned","New","normal","2026-07-28T06:45:39.613Z"
"undefined","6a6850678980ab9aa38b5080","Unknown","a3chocobites","Unassigned","New","normal","2026-07-28T06:47:03.555Z"
"undefined","6a6850878980ab9aa38b5083","Unknown","IG_User_2918147081853735","Unassigned","New","normal","2026-07-28T06:47:35.709Z"
"undefined","6a68508b8980ab9aa38b5086","Unknown","IG_User_1767094467801215","Unassigned","New","normal","2026-07-28T06:47:39.184Z"
"undefined","6a6858fe8980ab9aa38b50d6","Unknown","IG_User_1363935738401450","Unassigned","New","normal","2026-07-28T07:23:42.540Z"
"undefined","6a68678f8980ab9aa38b50f9","Unknown","chota_khan_sir","Unassigned","New","normal","2026-07-28T08:25:51.849Z"
"undefined","6a6869cc8980ab9aa38b5105","Unknown","IG_User_1341274190982933","Unassigned","New","normal","2026-07-28T08:35:24.753Z"
"undefined","6a686a978980ab9aa38b5108","Unknown","IG_User_1044573564712740","Unassigned","New","normal","2026-07-28T08:38:47.465Z"
"undefined","6a68712a8980ab9aa38b5114","Unknown","IG_User_1352228313127431","Unassigned","New","normal","2026-07-28T09:06:50.720Z"
"undefined","6a6879a08980ab9aa38b5154","Unknown","begumgowhar","Unassigned","New","normal","2026-07-28T09:42:56.300Z"
"undefined","6a6886248980ab9aa38b51bf","Unknown","IG_User_1794737648541862","Unassigned","New","normal","2026-07-28T10:36:20.454Z"
"undefined","6a6892978980ab9aa38b51e1","Unknown","IG_User_3496640157164100","Unassigned","New","normal","2026-07-28T11:29:27.762Z"
"undefined","6a6894258980ab9aa38b51e6","Unknown","nasirsyed1971","Unassigned","New","normal","2026-07-28T11:36:05.308Z"
"undefined","6a68982f8980ab9aa38b51fb","Unknown","u.mohdrafeeq","Unassigned","New","normal","2026-07-28T11:53:19.853Z"
"undefined","6a6899e38980ab9aa38b51ff","Unknown","ali.sik.and_ar","Unassigned","New","normal","2026-07-28T12:00:35.877Z"
"undefined","6a689ede8980ab9aa38b520c","Unknown","IG_User_27758860433770861","Unassigned","New","normal","2026-07-28T12:21:50.439Z"
"undefined","6a68a5da8980ab9aa38b521b","Unknown","rayasoutlet","Unassigned","New","normal","2026-07-28T12:51:38.360Z"
"undefined","6a68a9f98980ab9aa38b522b","Unknown","zaaraimr","Unassigned","New","normal","2026-07-28T13:09:13.803Z"
"undefined","6a68b3f68980ab9aa38b5278","Unknown","i_m_asad____","Unassigned","New","normal","2026-07-28T13:51:50.302Z"
"undefined","6a68b8818980ab9aa38b5291","Unknown","jilani7017","Unassigned","New","normal","2026-07-28T14:11:13.631Z"
"undefined","6a68c1ba8980ab9aa38b52e6","Unknown","sacchaislam","Unassigned","New","normal","2026-07-28T14:50:34.292Z"
"undefined","6a68c5358980ab9aa38b52ef","Unknown","salman_9561_","Unassigned","New","normal","2026-07-28T15:05:25.076Z"
"undefined","6a68c9ec8980ab9aa38b52f2","Unknown","IG_User_2184953422355916","Unassigned","New","normal","2026-07-28T15:25:32.441Z"
"undefined","6a68ca548980ab9aa38b52f5","Unknown","ataursyed15","Unassigned","New","normal","2026-07-28T15:27:16.578Z"
"undefined","6a68caa28980ab9aa38b52fb","Unknown","noor_nachan","Unassigned","New","normal","2026-07-28T15:28:34.533Z"
"undefined","6a68cb258980ab9aa38b52fe","Unknown","shariff5586","Unassigned","New","normal","2026-07-28T15:30:45.252Z"
"undefined","6a68ce0c8980ab9aa38b5308","Unknown","IG_User_1019888764107066","Unassigned","New","normal","2026-07-28T15:43:08.696Z"
"undefined","6a68d5948980ab9aa38b532c","Unknown","IG_User_1550935533079639","Unassigned","New","normal","2026-07-28T16:15:16.776Z"
"undefined","6a68e3ee8980ab9aa38b53c6","Unknown","IG_User_1014715191254675","Unassigned","New","normal","2026-07-28T17:16:30.129Z"
"undefined","6a68fa9d8980ab9aa38b5412","Unknown","ssssufia__","Unassigned","New","normal","2026-07-28T18:53:17.950Z"
"undefined","6a68fd1e8980ab9aa38b5415","Unknown","moin.1303","Unassigned","New","normal","2026-07-28T19:03:58.016Z"
"undefined","6a690a618980ab9aa38b5438","Unknown","IG_User_1574296284368961","Unassigned","New","normal","2026-07-28T20:00:33.356Z"
"undefined","6a6913818980ab9aa38b543f","Unknown","IG_User_1559341032405195","Unassigned","New","normal","2026-07-28T20:39:29.643Z"
"undefined","6a692c5f8980ab9aa38b5442","Unknown","nehaal_dev","Unassigned","New","normal","2026-07-28T22:25:35.827Z"
"undefined","6a694bbf8980ab9aa38b5455","Unknown","IG_User_2457924488021368","Unassigned","New","normal","2026-07-29T00:39:27.576Z"
"undefined","6a6951f28980ab9aa38b5458","Unknown","sadiyabanu866","Unassigned","New","normal","2026-07-29T01:05:54.443Z"
"undefined","6a6957aa8980ab9aa38b5460","Unknown","muzaffarhussain838","Unassigned","New","normal","2026-07-29T01:30:18.532Z"
"undefined","6a695a3d8980ab9aa38b5464","Unknown","irfan38888","Unassigned","New","normal","2026-07-29T01:41:17.931Z"
"undefined","6a6982368980ab9aa38b5470","Unknown","star.khan.84","Unassigned","New","normal","2026-07-29T04:31:50.110Z"
"undefined","6a6988188980ab9aa38b548f","Unknown","asin__raja","Unassigned","New","normal","2026-07-29T04:56:56.249Z"
"undefined","6a698d7e8980ab9aa38b5498","Unknown","aamanhm","Unassigned","New","normal","2026-07-29T05:19:58.023Z"
"undefined","6a699e308980ab9aa38b54dc","Unknown","_t_a_r_.____a","Unassigned","New","normal","2026-07-29T06:31:12.107Z"
"undefined","6a69a1d08980ab9aa38b54df","Unknown","IG_User_1035586902415251","Unassigned","New","normal","2026-07-29T06:46:40.523Z"
"undefined","6a69ab4f8980ab9aa38b54ec","Unknown","crescentestates_andventures","Unassigned","New","normal","2026-07-29T07:27:11.044Z"
"undefined","6a69c75c8980ab9aa38b5570","Unknown","sk_sadiqrahman_","Unassigned","New","normal","2026-07-29T09:26:52.932Z"
"undefined","6a69e1a48980ab9aa38b56ad","Unknown","rasingfundsformyfamily","Unassigned","New","normal","2026-07-29T11:19:00.660Z"
"undefined","6a69e7b98980ab9aa38b56e4","Unknown","parvinkhan81","Unassigned","New","normal","2026-07-29T11:44:57.223Z"
"undefined","6a69edbe8980ab9aa38b5706","Unknown","aashif5180","Unassigned","New","normal","2026-07-29T12:10:38.746Z"
"undefined","6a69f8f28980ab9aa38b572a","Unknown","meer_naveedulla","Unassigned","New","normal","2026-07-29T12:58:26.192Z"
"undefined","6a6a07548980ab9aa38b5769","Unknown","IG_User_1551501436698771","Unassigned","New","normal","2026-07-29T13:59:48.721Z"
"undefined","6a6a11368980ab9aa38b57e8","Unknown","hijabist_for_you","Unassigned","New","normal","2026-07-29T14:41:58.228Z"
"undefined","6a6a23728980ab9aa38b57fb","Unknown","mujasammuhammad","Unassigned","New","normal","2026-07-29T15:59:46.187Z"
"undefined","6a6a27a18980ab9aa38b57ff","Unknown","yunishsaifi","Unassigned","New","normal","2026-07-29T16:17:37.687Z"
"undefined","6a6a2b488980ab9aa38b5802","Unknown","IG_User_1565063701942829","Unassigned","New","normal","2026-07-29T16:33:12.065Z"
"undefined","6a6a32b98980ab9aa38b5809","Unknown","IG_User_1245614264268962","Unassigned","New","normal","2026-07-29T17:04:57.262Z"
"undefined","6a6a36808980ab9aa38b5836","Unknown","IG_User_2193040581269422","Unassigned","New","normal","2026-07-29T17:21:04.096Z"
"undefined","6a6a37668980ab9aa38b5849","Unknown","zakershaikh3","Unassigned","New","normal","2026-07-29T17:24:54.207Z"
"undefined","6a6a58e18980ab9aa38b58c0","Unknown","nighthoughts_20","Unassigned","New","normal","2026-07-29T19:47:45.477Z"
"undefined","6a6a63a38980ab9aa38b58d2","Unknown","me_______msk4601_","Unassigned","New","normal","2026-07-29T20:33:39.438Z"
"undefined","6a6a6ffb8980ab9aa38b58d5","Unknown","IG_User_2251671318926722","Unassigned","New","normal","2026-07-29T21:26:19.490Z"
"undefined","6a6a7afe8980ab9aa38b58fa","Unknown","armaan_tractor","Unassigned","New","normal","2026-07-29T22:13:18.407Z"
"undefined","6a6a8a5f8980ab9aa38b5903","Unknown","purnimaomoon","Unassigned","New","normal","2026-07-29T23:18:55.862Z"
"undefined","6a6ab5ed8980ab9aa38b591e","Unknown","abbasiraisjahan","Unassigned","New","normal","2026-07-30T02:24:45.208Z"
"undefined","6a6abc788980ab9aa38b5925","Unknown","guardiankohler","Unassigned","New","normal","2026-07-30T02:52:40.696Z"
"undefined","6a6ad4408980ab9aa38b5929","Unknown","wdinsta001","Unassigned","New","normal","2026-07-30T04:34:08.335Z"
"undefined","6a6ad4d88980ab9aa38b592c","Unknown","IG_User_1433968918779579","Unassigned","New","normal","2026-07-30T04:36:40.630Z"
"undefined","6a6adb7e8980ab9aa38b592f","Unknown","IG_User_1594861665583628","Unassigned","New","normal","2026-07-30T05:05:02.562Z"
"undefined","6a6ae04c8980ab9aa38b5932","Unknown","_javed_khadim","Unassigned","New","normal","2026-07-30T05:25:32.444Z"
"undefined","6a6ae0f18980ab9aa38b5935","Unknown","IG_User_37816051064652852","Unassigned","New","normal","2026-07-30T05:28:17.477Z"
"undefined","6a6ae1f18980ab9aa38b5956","Unknown","_tasneemzehra","Unassigned","New","normal","2026-07-30T05:32:33.542Z"
"undefined","6a6b04768980ab9aa38b5ccb","Unknown","IG_User_965434033178163","Unassigned","New","normal","2026-07-30T07:59:50.871Z"
"undefined","6a6b0c8e8980ab9aa38b5cd4","Unknown","jhola_wala_fakir","Unassigned","New","normal","2026-07-30T08:34:22.774Z"
"undefined","6a6b10068980ab9aa38b5d07","Unknown","shabana4214","Unassigned","New","normal","2026-07-30T08:49:10.641Z"
"undefined","6a6b11198980ab9aa38b5d0a","Unknown","dr.m.a.mirza_owais","Unassigned","New","normal","2026-07-30T08:53:45.910Z"
"undefined","6a6b15178980ab9aa38b5d53","Unknown","dr.bliss5","Unassigned","New","normal","2026-07-30T09:10:47.294Z"
"undefined","6a6b15d58980ab9aa38b5d60","Unknown","IG_User_1515032346516503","Unassigned","New","normal","2026-07-30T09:13:57.933Z"
"undefined","6a6b1a878980ab9aa38b5d86","Unknown","shazia_arab","Unassigned","New","normal","2026-07-30T09:33:59.650Z"
"undefined","6a6b1e578980ab9aa38b5dca","Unknown","IG_User_1610703093776646","Unassigned","New","normal","2026-07-30T09:50:15.059Z"
"undefined","6a6b2d2e8980ab9aa38b5ece","Unknown","sagarahamed362","Unassigned","New","normal","2026-07-30T10:53:34.061Z"
"undefined","6a6b369f8980ab9aa38b5f07","Unknown","IG_User_2273969093412036","Unassigned","New","normal","2026-07-30T11:33:51.486Z"
"undefined","6a6b3c768980ab9aa38b5f24","Unknown","akbar_travels_tdesk","Unassigned","New","normal","2026-07-30T11:58:46.911Z"
"undefined","6a6b3d618980ab9aa38b5f30","Unknown","osmania_creation","Unassigned","New","normal","2026-07-30T12:02:41.453Z"
"undefined","6a6b41948980ab9aa38b5f51","Unknown","IG_User_994080320081842","Unassigned","New","normal","2026-07-30T12:20:36.967Z"
"undefined","6a6b43f68980ab9aa38b5ff7","Unknown","IG_User_2813656012337409","Unassigned","New","normal","2026-07-30T12:30:46.962Z"
"undefined","6a6b48ef8980ab9aa38b6022","Unknown","sthahirahammed","Unassigned","New","normal","2026-07-30T12:51:59.238Z"
"undefined","6a6b4ed78980ab9aa38b608c","Unknown","lifeofindianhyderabadi","Unassigned","New","normal","2026-07-30T13:17:11.633Z"
"undefined","6a6b4eec8980ab9aa38b60a8","Unknown","IG_User_1033724132334731","Unassigned","New","normal","2026-07-30T13:17:32.414Z"
"undefined","6a6b50c18980ab9aa38b60e3","Unknown","IG_User_2535864136877446","Unassigned","New","normal","2026-07-30T13:25:21.271Z"
"undefined","6a6b5a818980ab9aa38b615b","Unknown","IG_User_896417026059454","Unassigned","New","normal","2026-07-30T14:06:57.866Z"
"undefined","6a6b5cdf8980ab9aa38b616b","Unknown","james5936123","Unassigned","New","normal","2026-07-30T14:17:03.337Z"
"undefined","6a6b5e3a8980ab9aa38b616e","Unknown","IG_User_1547030457101647","Unassigned","New","normal","2026-07-30T14:22:50.045Z"
"undefined","6a6b5eb58980ab9aa38b6172","Unknown","mir10122","Unassigned","New","normal","2026-07-30T14:24:53.193Z"
"undefined","6a6b68398980ab9aa38b617c","Unknown","IG_User_2109795146555829","Unassigned","New","normal","2026-07-30T15:05:29.939Z"
"undefined","6a6b6fcd8980ab9aa38b6213","Unknown","naaz_microgreens","Unassigned","New","normal","2026-07-30T15:37:49.797Z"
"undefined","6a6b7cbd8980ab9aa38b625e","Unknown","hu.ssain9932","Unassigned","New","normal","2026-07-30T16:33:01.965Z"
"undefined","6a6b7ff08980ab9aa38b6274","Unknown","farins_16","Unassigned","New","normal","2026-07-30T16:46:40.359Z"
"undefined","6a6b81bf8980ab9aa38b6277","Unknown","juveriya_suroor","Unassigned","New","normal","2026-07-30T16:54:23.198Z"
"undefined","6a6b83fe8980ab9aa38b628e","Unknown","IG_User_2258184594970377","Unassigned","New","normal","2026-07-30T17:03:58.302Z"
"undefined","6a6b8c958980ab9aa38b62b1","Unknown","IG_User_881694994653835","Unassigned","New","normal","2026-07-30T17:40:37.766Z"
"undefined","6a6b8caa8980ab9aa38b62b4","Unknown","fathimakousar7","Unassigned","New","normal","2026-07-30T17:40:58.902Z"
"undefined","6a6b8f1c8980ab9aa38b62c1","Unknown","mr_razzu_03","Unassigned","New","normal","2026-07-30T17:51:24.642Z"
"undefined","6a6b91af8980ab9aa38b62d2","Unknown","IG_User_3536186399876284","Unassigned","New","normal","2026-07-30T18:02:23.818Z"
"undefined","6a6b92258980ab9aa38b62d5","Unknown","ahteshamali472","Unassigned","New","normal","2026-07-30T18:04:21.345Z"
"undefined","6a6b95798980ab9aa38b62da","Unknown","IG_User_1776744880162455","Unassigned","New","normal","2026-07-30T18:18:33.732Z"
"undefined","6a6b98148980ab9aa38b62ec","Unknown","sarahsyedd","Unassigned","New","normal","2026-07-30T18:29:40.151Z"
"undefined","6a6b9aec8980ab9aa38b62f4","Unknown","af4s3","Unassigned","New","normal","2026-07-30T18:41:48.694Z"
"undefined","6a6b9f9e8980ab9aa38b62f7","Unknown","IG_User_1044396324836291","Unassigned","New","normal","2026-07-30T19:01:50.502Z"
"undefined","6a6ba88b8980ab9aa38b630b","Unknown","riyazahmed104","Unassigned","New","normal","2026-07-30T19:39:55.218Z"
"undefined","6a6bb08f8980ab9aa38b6314","Unknown","alam_shadab","Unassigned","New","normal","2026-07-30T20:14:07.074Z"
"undefined","6a6bb1cf8980ab9aa38b6317","Unknown","syedrizwan6782","Unassigned","New","normal","2026-07-30T20:19:27.885Z"
"undefined","6a6bbcff8980ab9aa38b631c","Unknown","ma_h_i04","Unassigned","New","normal","2026-07-30T21:07:11.323Z"
"undefined","6a6bc2828980ab9aa38b6320","Unknown","IG_User_4065251953608757","Unassigned","New","normal","2026-07-30T21:30:42.398Z"
"undefined","6a6bcb548980ab9aa38b6323","Unknown","nazimakh1","Unassigned","New","normal","2026-07-30T22:08:20.905Z"
"undefined","6a6bf44a8980ab9aa38b6335","Unknown","saa0705","Unassigned","New","normal","2026-07-31T01:03:06.509Z"
"undefined","6a6c01018980ab9aa38b6340","Unknown","zebamohajir","Unassigned","New","normal","2026-07-31T01:57:21.276Z"
"undefined","6a6c0bc88980ab9aa38b6352","Unknown","khan_noorahemad","Unassigned","New","normal","2026-07-31T02:43:20.929Z"
"undefined","6a6c0f828980ab9aa38b6365","Unknown","abdulmujeeb713","Unassigned","New","normal","2026-07-31T02:59:14.441Z"
"undefined","6a6c108f8980ab9aa38b6369","Unknown","aleem.1905","Unassigned","New","normal","2026-07-31T03:03:43.052Z"
"undefined","6a6c10cf8980ab9aa38b636c","Unknown","nouman.abu","Unassigned","New","normal","2026-07-31T03:04:47.779Z"
"undefined","6a6c19588980ab9aa38b63c1","Unknown","jamimhussain","Unassigned","New","normal","2026-07-31T03:41:12.449Z"
"undefined","6a6c1fac8980ab9aa38b63c4","Unknown","IG_User_1040994568626952","Unassigned","New","normal","2026-07-31T04:08:12.881Z"
"undefined","6a6c25268980ab9aa38b63d1","Unknown","IG_User_990785006888720","Unassigned","New","normal","2026-07-31T04:31:34.766Z"
"undefined","6a6c31b28980ab9aa38b6426","Unknown","nikhil.1o8","Unassigned","New","normal","2026-07-31T05:25:06.296Z"
"undefined","6a6c32af8980ab9aa38b642f","Unknown","mohhd_assif_263","Unassigned","New","normal","2026-07-31T05:29:19.730Z"
"undefined","6a6c3bea8980ab9aa38b6461","Unknown","IG_User_4406517542934240","Unassigned","New","normal","2026-07-31T06:08:42.499Z"
"undefined","6a6c3c4e8980ab9aa38b6469","Unknown","shahabshaik123","Unassigned","New","normal","2026-07-31T06:10:22.154Z"
"undefined","6a6c41218980ab9aa38b6471","Unknown","hoteliers_pr_contacts","Unassigned","New","normal","2026-07-31T06:30:57.545Z"
"undefined","6a6c42cc8980ab9aa38b6474","Unknown","saleha_jabbar123","Unassigned","New","normal","2026-07-31T06:38:04.439Z"
"undefined","6a6c43538980ab9aa38b6477","Unknown","IG_User_2612334645845204","Unassigned","New","normal","2026-07-31T06:40:19.796Z"
"undefined","6a6c47038980ab9aa38b647b","Unknown","mamas__whisk","Unassigned","New","normal","2026-07-31T06:56:03.010Z"
"undefined","6a6c53368980ab9aa38b64e2","Unknown","waseem_unnisa1","Unassigned","New","normal","2026-07-31T07:48:06.175Z"
"undefined","6a6c54388980ab9aa38b64e5","Unknown","rizwanking2064","Unassigned","New","normal","2026-07-31T07:52:24.455Z"
"undefined","6a6c58048980ab9aa38b6520","Unknown","IG_User_1039694195195679","Unassigned","New","normal","2026-07-31T08:08:36.911Z"
"undefined","6a6c5eb08980ab9aa38b65ba","Unknown","kcictickexams","Unassigned","New","normal","2026-07-31T08:37:04.884Z"
"undefined","6a6c607b8980ab9aa38b65bd","Unknown","IG_User_1346673603740495","Unassigned","New","normal","2026-07-31T08:44:43.943Z"
"undefined","6a6c60d28980ab9aa38b65c1","Unknown","IG_User_27745306748454857","Unassigned","New","normal","2026-07-31T08:46:10.477Z"
"undefined","6a6c628c8980ab9aa38b65c5","Unknown","IG_User_1602644354816187","Unassigned","New","normal","2026-07-31T08:53:32.496Z"
"undefined","6a6c649b8980ab9aa38b65c9","Unknown","_finding_vibe_","Unassigned","New","normal","2026-07-31T09:02:19.895Z"
"undefined","6a6c6f648980ab9aa38b6617","Unknown","zahid_quraishi_96","Unassigned","New","normal","2026-07-31T09:48:20.723Z"
"undefined","6a6c70d18980ab9aa38b668b","Unknown","nagarjunrao87","Unassigned","New","normal","2026-07-31T09:54:25.411Z"
"undefined","6a6c7bea8980ab9aa38b6859","Unknown","igx.jamali","Unassigned","New","normal","2026-07-31T10:41:46.054Z"
"undefined","6a6c7e0c8980ab9aa38b685c","Unknown","saquibshabandari8","Unassigned","New","normal","2026-07-31T10:50:52.174Z"
"undefined","6a6c897f8980ab9aa38b696e","Unknown","IG_User_1073321428718244","Unassigned","New","normal","2026-07-31T11:39:43.894Z"
"undefined","6a6c944318d17462dd521607","Unknown","mdameen369","Unassigned","New","hot","2026-07-31T12:25:39.131Z"

"+919553326666","6a3cc136d6cff81164660b25","Unknown","3432_rahmat","Haseeba","New","hot","2026-06-25T05:48:38.986Z"
"+919553326666","6a5b8fae683eb940287cbaad","Rahmath","Unknown","Tashika ","Sent WhatsApp","hot","2026-07-18T14:37:34.205Z"
"+919553326666","6a60d25a3dd11759ca98b98f","Rahmath","Unknown","Tashika ","Event Registration","hot","2026-07-22T14:23:22.339Z"

"+919769171519","6a3cc149d6cff81164660ba2","Unknown","yunus_saqibi_","Unassigned","New","hot","2026-06-25T05:48:57.003Z"
"+919769171519","6a573a8a2e2b0d7be9e337c1","Yunus Khan","Yunus Khan mumbai","Afifa","Spoken","hot","2026-07-15T07:45:14.242Z"

"+917680827927","6a3cff2aad8f268e7c515b27","Unknown","IG_User_1244073917698320","Already assigned ","New","hot","2026-06-25T10:12:58.299Z"
"+917680827927","6a5b271a683eb9402879c5d8","Md. Aamir hyd","Md. Aamir","Afifa","Won","hot","2026-07-18T07:11:22.544Z"

"+916291280680","6a3d32a6ad8f268e7c515be8","Nisha ","insha10003","Super Admin","New","hot","2026-06-25T13:52:38.640Z"
"+916291280680","6a60c86f3dd11759ca98b81e","Nausheen naaz","Unknown","Tashika ","Event Registration","hot","2026-07-22T13:41:03.518Z"

"+919000059877","6a3dc0ddc8016f589d76dd27","Abrar ahmed","abrar.ahmed89","Afifa","Following Up","hot","2026-06-25T23:59:25.287Z"
"+919000059877","6a625405e3865111720e8c2d","Abrar Ahmed hyd","Abrar Ahmed","Afifa","Won","hot","2026-07-23T17:48:53.828Z"

"+918341410652","6a3e42ec51146d1cf313b7f1","Unknown","IG_User_1749732646040777","Tashika ","Sent WhatsApp","hot","2026-06-26T09:14:20.719Z"
"+918341410652","6a4f87a77f2521fe85908c4f","Syed Abdul Rehman","Unknown","Zuha","Following Up","hot","2026-07-09T11:36:07.024Z"

"+917353796055","6a3e71ec51146d1cf313b860","Ali bang","freelancingjobsinkarnataka","Afifa","Following Up","hot","2026-06-26T12:34:52.962Z"
"+917353796055","6a412d9cd2aa946dd336b331","Ali shaikh sultan","IG_User_2620546178360845","Bazil","Sent WhatsApp","hot","2026-06-28T14:20:12.679Z"

"+919949062059","6a3fefb66b8cfdcb95230cfa","Unknown","IG_User_1551415666344102","Tashika ","Sent WhatsApp","hot","2026-06-27T15:43:50.325Z"
"+919949062059","6a5f37f0683eb940288ef3f8","Sameer","Unknown","Tashika ","Won","hot","2026-07-21T09:12:16.004Z"
"+919949062059","6a5f4771683eb940288f2b1d","Sameer","Sameer hyd","Afifa","Won","hot","2026-07-21T10:18:25.166Z"
"+919949062059","6a5f47b0683eb940288f2e1d","Sameer","Sameer hyd","Afifa","On Hold","hot","2026-07-21T10:19:28.350Z"

"+919666474426","6a428d03b1bb3e95908be4dd","Owaise hyd","owaisew","Afifa","Won","hot","2026-06-29T15:19:31.554Z"
"+919666474426","6a5b7770683eb940287bf34c","Owaise hyd","Owaise","Afifa","Won","hot","2026-07-18T12:54:08.909Z"

"+919986426275","6a440148b1bb3e95908be7a3","Syed Samir bang","syed2samir","Afifa","Won","hot","2026-06-30T17:47:52.199Z"
"+919986426275","6a64db8cdc6071a1621a2c03","Syed Samir Sadiq  bang","Syed Samir Sadiq","Afifa","Won","hot","2026-07-25T15:51:40.208Z"

"+919553313925","6a44a75bb1bb3e95908be86f","AZGER PASHA","IG_User_2336579120208330","Farheen","On Hold","hot","2026-07-01T05:36:27.307Z"
"+919553313925","6a60c9be3dd11759ca98b851","azger shaikh","Unknown","Farheen","Event Registration","hot","2026-07-22T13:46:38.687Z"

"+918341054617","6a44e909b1bb3e95908be8f7","Mir Mohd Gaffar Ali hyd","IG_User_1339889111655292","Afifa","Sent WhatsApp","hot","2026-07-01T10:16:41.951Z"
"+918341054617","6a50cb087f2521fe8595c6f8","Mir Mohammed Ali Khan hyd","Mir Md.  ghaffar Ali Khan","Afifa","Spoken","hot","2026-07-10T10:35:52.291Z"

"+919391001338","6a45bc3cb1bb3e95908be9b8","Murtuza baig hyd","md.murtuza.baig","Afifa","Following Up","hot","2026-07-02T01:17:48.060Z"
"+919391001338","6a59b6c6683eb940287566a5","Murtuza Baig hyd","Murtuza Baig","Afifa","Won","hot","2026-07-17T04:59:50.835Z"
"+919391001338","6a5a1728683eb9402877ab9e","Murtuza Baig","Unknown","Osama","Won","hot","2026-07-17T11:51:04.312Z"

"+918498916350","6a47b79454385a85474ef2bf","Altaf Hussain","IG_User_1457561889425062","Haseeba","Won","hot","2026-07-03T13:22:28.556Z"
"+918498916350","6a50ced67f2521fe8595cea8","Altaf Hussain hyd","Altaf Hussain","Afifa","Won","hot","2026-07-10T10:52:06.192Z"

"+919886044221","6a4a62c6d008b3640aeec00c","Sadiqa Patel","Unknown","Unassigned","Won","hot","2026-07-05T13:57:26.448Z"
"+919886044221","6a51ff207f2521fe859d20d9","Sadiqa Patel","Unknown","Luqman","Won","hot","2026-07-11T08:30:24.925Z"

"+916309561983","6a4b5d6ae3c7f82cb085b17f","Ahmed Shariff","Unknown","Thauseef Ahmed","Sent WhatsApp","hot","2026-07-06T07:46:50.729Z"
"+916309561983","6a4beb130d1ac564fe8da8ca","Ahmed Shariff","Phonecall","Thauseef Ahmed","New","hot","2026-07-06T17:51:15.666Z"

"+919620420768","6a4cd72b4ff7f57dec37a83d","yasmeen taj bang","IG_User_2251874965626563","Afifa","Wrong Number","hot","2026-07-07T10:38:35.804Z"
"+919620420768","6a57420b2e2b0d7be9e437fe","Yasmeen taj bang","Yasmeen taj","Afifa","Sent WhatsApp","hot","2026-07-15T08:17:15.702Z"

"+919972522166","6a507a0a7f2521fe85923749","Fatha khan bang","IG_User_1034737792620055","Afifa","Sent WhatsApp","hot","2026-07-10T04:50:18.627Z"
"+919972522166","6a5206d37f2521fe859e3f0a","Fatha khan bang","Fatha Khan","Afifa","Sent WhatsApp","hot","2026-07-11T09:03:15.782Z"

"+919959925667","6a56f61a2e2b0d7be9e02a97","Unknown","samee10023","Haseeba","Sent WhatsApp","hot","2026-07-15T02:53:14.757Z"
"+919959925667","6a635e7294482b58f4635e3d","Sameer","Unknown","Haseeba","Event Registration","hot","2026-07-24T12:45:38.292Z"

"+919440707777","6a571cf42e2b0d7be9e21d88","Unknown","jamal.mushraf","Haseeba","Sent WhatsApp","hot","2026-07-15T05:39:00.907Z"
"+919440707777","6a635e0c94482b58f4635e17","M.M.JAMAL","Unknown","Haseeba","Event Registration","hot","2026-07-24T12:43:56.558Z"

"+919786595710","6a5760a32e2b0d7be9e48b94","SALIM","Unknown","Farheen","Won","hot","2026-07-15T10:27:47.386Z"
"+919786595710","6a57660c2e2b0d7be9e50fb3","Saalim","Unknown","Tashika ","Won","hot","2026-07-15T10:50:52.161Z"

"+917702704321","6a58e5c3683eb9402871f865","Rufaydah","rufaydah_imran","Haseeba","Pitched Membership","hot","2026-07-16T14:08:03.504Z"
"+917702704321","6a635a0994482b58f4635ccc","Rufaydah Imran Khatoon","Unknown","Haseeba","Event Registration","hot","2026-07-24T12:26:49.200Z"

"+917794086498","6a58efec683eb94028720998","Saad","saad_abduljaleel313","Haseeba","Sent WhatsApp","hot","2026-07-16T14:51:24.285Z"
"+917794086498","6a635df494482b58f4635e15","Mohammed abdul jaleel","Unknown","Haseeba","Event Registration","hot","2026-07-24T12:43:32.625Z"

"+919949803786","6a5a0397683eb9402876a788","Mir Mahmood Ali khan hyd","Mir Mahmood Ali khan","Afifa","Spoken","hot","2026-07-17T10:27:35.418Z"
"+919949803786","6a5a03d9683eb9402876aa7d","mir mahmood ali khan hyd","mir mahmood ali khan","Afifa","Spoken","hot","2026-07-17T10:28:41.952Z"

"+917337301679","6a5b1768683eb9402879a796","Mushtaq Mohammed hyd","Mushtaq Mohammed/Shahana Nazneen","Afifa","Won","hot","2026-07-18T06:04:24.596Z"
"+917337301679","6a60ea6fe3865111720e7fc0","Shahana Naazneen hyd","Shahana Naazneen","Afifa","Event Registration","hot","2026-07-22T16:06:07.877Z"

"+918897451590","6a5b3377683eb940287ae3c6","Aleemuddin Mohammed","aleemuddin","Osama","Event Registration","hot","2026-07-18T08:04:07.608Z"
"+918897451590","6a5b35b5683eb940287afa93","Alemuddin","Unknown","Tashika ","Sent WhatsApp","hot","2026-07-18T08:13:41.318Z"
"+918897451590","6a5f8ea0683eb94028935ff7","Alemuddin","Unknown","Tashika ","Won","hot","2026-07-21T15:22:08.964Z"

"+911234353535","6a6094053dd11759ca98b4f5","Test Lead","Test","agent","Won","hot","2026-07-22T09:57:25.052Z"
"+911234353535","6a631fb294482b58f4635381","Test Lead","Test","agent","New","hot","2026-07-24T08:17:54.314Z"

"+919948270389","6a60c7533dd11759ca98b7ef","mohammed shujauddin","Unknown","Farheen","Event Registration","hot","2026-07-22T13:36:19.397Z"
"+919948270389","6a60d0be3dd11759ca98b972","MOHD SHUJAUDDIN","Unknown","Farheen","Payment Pending","hot","2026-07-22T14:16:30.835Z"

"+919886209277","6a61b8f4e3865111720e84e9","Yousuf khan","Yousuf khan bang","Afifa","Pitched Membership","hot","2026-07-23T06:47:16.104Z"
"+919886209277","6a64943794482b58f463646e","Yousuf khan bang fashiha's husband","Yousuf khan fasiha's husband","Afifa","Pitched Membership","hot","2026-07-25T10:47:19.025Z"

"+919841724747","6a61c1bde3865111720e84fa","Arshad","IG_User_1884412472944741","Haseeba","Sent WhatsApp","hot","2026-07-23T07:24:45.684Z"
"+919841724747","6a684a7b8980ab9aa38b4f5f","Mohammed Arshad Ansari","Unknown","Haseeba","Won","hot","2026-07-28T06:21:47.392Z"

"+917829681811","6a634a5694482b58f463574e","Firdouse banu Siddiqui mumb","Firdouse banu Siddiqui","Afifa","On Hold","hot","2026-07-24T11:19:50.009Z"
"+917829681811","6a634a5694482b58f4635750","Firdouse banu Siddiqui mumb","Firdouse banu Siddiqui","Afifa","New","hot","2026-07-24T11:19:50.183Z"
"+917829681811","6a634a5694482b58f4635752","Firdouse banu Siddiqui mumb","Firdouse banu Siddiqui","Afifa","New","hot","2026-07-24T11:19:50.191Z"

"+911234567890","6a645a7d547d4e8f2be8bb6b","Test Lead","test_lead","Super Admin","Won","hot","2026-07-12T10:00:00.000Z"
"+911234567890","6a6c8dabdd599774382235b5","Test User","Unknown","Super Admin","New","hot","2026-07-31T11:57:31.743Z"
